id,observed_on,time_observed_at,captive_cultivated,longitude,latitude,iconic_taxon_name,taxon_kingdom_name,taxon_phylum_name,taxon_class_name,taxon_order_name,taxon_family_name,taxon_genus_name,taxon_species_name,taxon_subspecies_name,问题说明
272851928,2025-04-25T00:00:00,2025-04-25T10:16:44,False,113.5461182,22.16004312,Aves,Animalia,Chordata,Aves,Passeriformes,Cisticolidae,Orthotomus,Orthotomus sutorius,,"坐标(113.5461182, 22.16004312)不在澳门陆地区域内，疑似位于海上"
272853007,2025-04-25T00:00:00,2025-04-25T10:21:02,False,113.5460079,22.16027387,Aves,Animalia,Chordata,Aves,Passeriformes,Cisticolidae,Orthotomus,Orthotomus sutorius,,"坐标(113.5460079, 22.16027387)不在澳门陆地区域内，疑似位于海上"
272865588,2025-04-25T00:00:00,2025-04-25T10:38:43,False,113.610251,22.110772,Plantae,Plantae,Tracheophyta,Polypodiopsida,Polypodiales,Blechnaceae,Blechnum,Blechnum orientale,,"坐标(113.610251, 22.110772)不在澳门陆地区域内，疑似位于海上"
272867646,2025-04-25T00:00:00,2025-04-25T10:37:29,False,113.5948867,22.13132217,Plantae,Plantae,Tracheophyta,Magnoliopsida,Aquifoliales,Aquifoliaceae,Ilex,Ilex pubescens,,"坐标(113.5948867, 22.13132217)不在澳门陆地区域内，疑似位于海上"
272891943,2025-04-25T00:00:00,2025-04-25T13:18:19,True,113.5435214,22.16302099,Plantae,Plantae,Tracheophyta,Magnoliopsida,Saxifragales,Crassulaceae,Graptopetalum,Graptopetalum paraguayense,,"坐标(113.5435214, 22.16302099)不在澳门陆地区域内，疑似位于海上"
272921061,2025-04-25T00:00:00,2025-04-25T11:39:00,False,113.5559867,22.18611334,Animalia,Animalia,Arthropoda,Malacostraca,Decapoda,Grapsidae,Metopograpsus,Metopograpsus frontalis,,"坐标(113.5559867, 22.18611334)不在澳门陆地区域内，疑似位于海上"
272922056,2025-04-25T00:00:00,2025-04-25T11:45:00,False,113.5560133,22.1861,Actinopterygii,Animalia,Chordata,Actinopterygii,Gobiiformes,Oxudercidae,Periophthalmus,Periophthalmus modestus,,"坐标(113.5560133, 22.1861)不在澳门陆地区域内，疑似位于海上"
272927399,2025-04-25T00:00:00,2025-04-25T15:21:29,False,113.5532457,22.13981106,Aves,Animalia,Chordata,Aves,Passeriformes,Sturnidae,Acridotheres,Acridotheres cristatellus,,"坐标(113.5532457, 22.13981106)不在澳门陆地区域内，疑似位于海上"
272931433,2025-04-25T00:00:00,2025-04-25T15:32:06,False,113.5520303,22.1371211,Aves,Animalia,Chordata,Aves,Passeriformes,Corvidae,Pica,Pica serica,,"坐标(113.5520303, 22.1371211)不在澳门陆地区域内，疑似位于海上"
272932161,2025-04-25T00:00:00,2025-04-25T15:34:37,False,113.5520148,22.13706082,Aves,Animalia,Chordata,Aves,Pelecaniformes,Ardeidae,Nycticorax,Nycticorax nycticorax,,"坐标(113.5520148, 22.13706082)不在澳门陆地区域内，疑似位于海上"
272932233,2025-04-25T00:00:00,2025-04-25T15:34:16,False,113.5520574,22.13659896,Aves,Animalia,Chordata,Aves,Pelecaniformes,Ardeidae,Ardea,Ardea alba,,"坐标(113.5520574, 22.13659896)不在澳门陆地区域内，疑似位于海上"
272932468,2025-04-25T00:00:00,2025-04-25T15:35:27,False,113.5520064,22.13706283,Aves,Animalia,Chordata,Aves,Pelecaniformes,Ardeidae,Egretta,Egretta garzetta,,"坐标(113.5520064, 22.13706283)不在澳门陆地区域内，疑似位于海上"
272932720,2025-04-25T00:00:00,2025-04-25T15:32:51,False,113.55207,22.13708617,Aves,Animalia,Chordata,Aves,Pelecaniformes,Ardeidae,Ardea,Ardea alba,,"坐标(113.55207, 22.13708617)不在澳门陆地区域内，疑似位于海上"
272932752,2025-04-25T00:00:00,2025-04-25T15:36:12,False,113.5520462,22.13697174,Aves,Animalia,Chordata,Aves,Pelecaniformes,Ardeidae,Ardea,Ardea alba,,"坐标(113.5520462, 22.13697174)不在澳门陆地区域内，疑似位于海上"
272932844,2025-04-25T00:00:00,2025-04-25T15:34:36,False,113.5520222,22.1371132,Aves,Animalia,Chordata,Aves,Pelecaniformes,Ardeidae,Ardea,Ardea alba,,"坐标(113.5520222, 22.1371132)不在澳门陆地区域内，疑似位于海上"
272933559,2025-04-25T00:00:00,2025-04-25T15:36:22,False,113.5521173,22.13583433,Aves,Animalia,Chordata,Aves,Pelecaniformes,Ardeidae,Nycticorax,Nycticorax nycticorax,Nycticorax nycticorax nycticorax,"坐标(113.5521173, 22.13583433)不在澳门陆地区域内，疑似位于海上"
272933966,2025-04-25T00:00:00,2025-04-25T15:38:30,False,113.5520324,22.13583111,Aves,Animalia,Chordata,Aves,Pelecaniformes,Ardeidae,Ardea,Ardea intermedia,,"坐标(113.5520324, 22.13583111)不在澳门陆地区域内，疑似位于海上"
272934007,2025-04-25T00:00:00,2025-04-25T15:38:48,False,113.552025,22.13607783,Aves,Animalia,Chordata,Aves,Pelecaniformes,Ardeidae,Egretta,Egretta garzetta,,"坐标(113.552025, 22.13607783)不在澳门陆地区域内，疑似位于海上"
272934230,2025-04-25T00:00:00,2025-04-25T15:40:02,False,113.5520821,22.13579652,Aves,Animalia,Chordata,Aves,Pelecaniformes,Ardeidae,Nycticorax,Nycticorax nycticorax,,"坐标(113.5520821, 22.13579652)不在澳门陆地区域内，疑似位于海上"
272934542,2025-04-25T00:00:00,2025-04-25T15:40:32,False,113.5520746,22.13571286,Aves,Animalia,Chordata,Aves,Pelecaniformes,Ardeidae,Ardeola,Ardeola bacchus,,"坐标(113.5520746, 22.13571286)不在澳门陆地区域内，疑似位于海上"
272934836,2025-04-25T00:00:00,2025-04-25T15:40:03,False,113.55203,22.13581667,Aves,Animalia,Chordata,Aves,Pelecaniformes,Ardeidae,Nycticorax,Nycticorax nycticorax,,"坐标(113.55203, 22.13581667)不在澳门陆地区域内，疑似位于海上"
272935017,2025-04-25T00:00:00,2025-04-25T15:42:11,False,113.5520146,22.13562926,Aves,Animalia,Chordata,Aves,Pelecaniformes,Ardeidae,Egretta,Egretta garzetta,,"坐标(113.5520146, 22.13562926)不在澳门陆地区域内，疑似位于海上"
272935167,2025-04-25T00:00:00,2025-04-25T15:41:55,False,113.5520389,22.13571963,Aves,Animalia,Chordata,Aves,Gruiformes,Rallidae,Amaurornis,Amaurornis phoenicurus,,"坐标(113.5520389, 22.13571963)不在澳门陆地区域内，疑似位于海上"
272935326,2025-04-25T00:00:00,2025-04-25T15:42:53,False,113.5520141,22.13565169,Aves,Animalia,Chordata,Aves,Pelecaniformes,Ardeidae,Ardeola,Ardeola bacchus,,"坐标(113.5520141, 22.13565169)不在澳门陆地区域内，疑似位于海上"
272935541,2025-04-25T00:00:00,2025-04-25T15:42:31,False,113.552071,22.13557852,Aves,Animalia,Chordata,Aves,Pelecaniformes,Ardeidae,Ardeola,Ardeola bacchus,,"坐标(113.552071, 22.13557852)不在澳门陆地区域内，疑似位于海上"
272935806,2025-04-25T00:00:00,2025-04-25T15:32:58,False,113.5520633,22.13708333,Aves,Animalia,Chordata,Aves,Pelecaniformes,Ardeidae,Egretta,Egretta sacra,,"坐标(113.5520633, 22.13708333)不在澳门陆地区域内，疑似位于海上"
272950125,2025-04-25T00:00:00,2025-04-25T11:33:00,False,113.55607,22.186475,Plantae,Plantae,Tracheophyta,Magnoliopsida,Asterales,Asteraceae,Tridax,Tridax procumbens,,"坐标(113.55607, 22.186475)不在澳门陆地区域内，疑似位于海上"
272950331,2025-04-25T00:00:00,2025-04-25T11:33:00,False,113.55607,22.18651167,Plantae,Plantae,Tracheophyta,Magnoliopsida,Malpighiales,Euphorbiaceae,Euphorbia,Euphorbia hirta,,"坐标(113.55607, 22.18651167)不在澳门陆地区域内，疑似位于海上"
272951674,2025-04-25T00:00:00,2025-04-25T09:26:12,False,113.5431617,22.15875283,Plantae,Plantae,Tracheophyta,Magnoliopsida,Caryophyllales,Amaranthaceae,Amaranthus,Amaranthus viridis,,"坐标(113.5431617, 22.15875283)不在澳门陆地区域内，疑似位于海上"
272951906,2025-04-25T00:00:00,2025-04-25T09:27:08,False,113.5431617,22.1586945,Plantae,Plantae,Tracheophyta,Magnoliopsida,Oxalidales,Oxalidaceae,Oxalis,Oxalis debilis,,"坐标(113.5431617, 22.1586945)不在澳门陆地区域内，疑似位于海上"
272952682,2025-04-25T00:00:00,2025-04-25T11:32:00,False,113.556005,22.18665333,Plantae,Plantae,Tracheophyta,Magnoliopsida,Asterales,Asteraceae,Bidens,Bidens alba,,"坐标(113.556005, 22.18665333)不在澳门陆地区域内，疑似位于海上"
272953175,2025-04-25T00:00:00,2025-04-25T11:31:00,False,113.55597,22.18668333,Plantae,Plantae,Tracheophyta,Liliopsida,Poales,Poaceae,Melinis,Melinis repens,,"坐标(113.55597, 22.18668333)不在澳门陆地区域内，疑似位于海上"
272953913,2025-04-25T00:00:00,2025-04-25T11:32:00,False,113.5559783,22.18665,Plantae,Plantae,Tracheophyta,Magnoliopsida,Malpighiales,Phyllanthaceae,Phyllanthus,Phyllanthus amarus,,"坐标(113.5559783, 22.18665)不在澳门陆地区域内，疑似位于海上"
272955118,2025-04-25T00:00:00,2025-04-25T16:36:17,False,113.5287674,22.18417301,Aves,Animalia,Chordata,Aves,Columbiformes,Columbidae,Spilopelia,Spilopelia chinensis,,"坐标(113.5287674, 22.18417301)不在澳门陆地区域内，疑似位于海上"
272955196,2025-04-25T00:00:00,2025-04-25T09:42:36,False,113.543595,22.15853333,Plantae,Plantae,Tracheophyta,Magnoliopsida,Celastrales,Celastraceae,Celastrus,Celastrus hindsii,,"坐标(113.543595, 22.15853333)不在澳门陆地区域内，疑似位于海上"
272955344,2025-04-25T00:00:00,2025-04-25T16:36:23,False,113.5288144,22.18418255,Aves,Animalia,Chordata,Aves,Columbiformes,Columbidae,Spilopelia,Spilopelia chinensis,,"坐标(113.5288144, 22.18418255)不在澳门陆地区域内，疑似位于海上"
272955368,2025-04-25T00:00:00,2025-04-25T16:36:34,False,113.5287819,22.18398347,Aves,Animalia,Chordata,Aves,Columbiformes,Columbidae,Spilopelia,Spilopelia chinensis,,"坐标(113.5287819, 22.18398347)不在澳门陆地区域内，疑似位于海上"
272955636,2025-04-25T00:00:00,2025-04-25T16:36:48,False,113.5288262,22.18419754,Aves,Animalia,Chordata,Aves,Columbiformes,Columbidae,Spilopelia,Spilopelia chinensis,,"坐标(113.5288262, 22.18419754)不在澳门陆地区域内，疑似位于海上"
272955921,2025-04-25T00:00:00,2025-04-25T16:37:50,False,113.5289177,22.18366816,Aves,Animalia,Chordata,Aves,Anseriformes,Anatidae,Anser,Anser anser,,"坐标(113.5289177, 22.18366816)不在澳门陆地区域内，疑似位于海上"
272956493,2025-04-25T00:00:00,2025-04-25T09:34:46,False,113.54318,22.15880283,Plantae,Plantae,Tracheophyta,Liliopsida,Poales,Poaceae,Oplismenus,Oplismenus undulatifolius,,"坐标(113.54318, 22.15880283)不在澳门陆地区域内，疑似位于海上"
272957139,2025-04-25T00:00:00,2025-04-25T09:37:46,False,113.543345,22.15877217,Fungi,Fungi,Ascomycota,Lecanoromycetes,Lecanorales,Stereocaulaceae,Lepraria,Lepraria finkii,,"坐标(113.543345, 22.15877217)不在澳门陆地区域内，疑似位于海上"
272959572,2025-04-25T00:00:00,2025-04-25T09:42:36,False,113.543595,22.15853333,Plantae,Plantae,Tracheophyta,Magnoliopsida,Gentianales,Rubiaceae,Oldenlandia,Oldenlandia corymbosa,,"坐标(113.543595, 22.15853333)不在澳门陆地区域内，疑似位于海上"
272959787,2025-04-25T00:00:00,2025-04-25T09:44:33,False,113.5435867,22.15851667,Plantae,Plantae,Tracheophyta,Magnoliopsida,Malvales,Malvaceae,Waltheria,Waltheria indica,,"坐标(113.5435867, 22.15851667)不在澳门陆地区域内，疑似位于海上"
272960176,2025-04-25T00:00:00,2025-04-25T09:45:25,False,113.5436467,22.15851117,Plantae,Plantae,Tracheophyta,Magnoliopsida,Malpighiales,Euphorbiaceae,Euphorbia,Euphorbia hirta,,"坐标(113.5436467, 22.15851117)不在澳门陆地区域内，疑似位于海上"
272961438,2025-04-25T00:00:00,2025-04-25T09:29:23,False,113.543205,22.1586445,Plantae,Plantae,Tracheophyta,Magnoliopsida,Aquifoliales,Aquifoliaceae,Ilex,Ilex asprella,,"坐标(113.543205, 22.1586445)不在澳门陆地区域内，疑似位于海上"
272961745,2025-04-25T00:00:00,2025-04-25T09:49:28,False,113.5439967,22.1586445,Fungi,Fungi,Ascomycota,Eurotiomycetes,Verrucariales,Verrucariaceae,Dermatocarpon,Dermatocarpon luridum,,"坐标(113.5439967, 22.1586445)不在澳门陆地区域内，疑似位于海上"
272961918,2025-04-25T00:00:00,2025-04-25T09:51:17,False,113.5428917,22.1586445,Plantae,Plantae,Tracheophyta,Polypodiopsida,Polypodiales,Pteridaceae,Adiantum,Adiantum flabellulatum,,"坐标(113.5428917, 22.1586445)不在澳门陆地区域内，疑似位于海上"
272962076,2025-04-25T00:00:00,2025-04-25T16:44:50,True,113.5433944,22.16233056,Plantae,Plantae,Tracheophyta,Magnoliopsida,Asterales,Asteraceae,Tagetes,Tagetes erecta,,"坐标(113.5433944, 22.16233056)不在澳门陆地区域内，疑似位于海上"
272962089,2025-04-25T00:00:00,2025-04-25T09:51:41,False,113.54422,22.15901667,Plantae,Plantae,Tracheophyta,Magnoliopsida,Malvales,Thymelaeaceae,Wikstroemia,Wikstroemia nutans,,"坐标(113.54422, 22.15901667)不在澳门陆地区域内，疑似位于海上"
272962857,2025-04-25T00:00:00,2025-04-25T10:24:25,False,113.5459617,22.1604445,Insecta,Animalia,Arthropoda,Insecta,Lepidoptera,Geometridae,Traminda,Traminda aventiaria,,"坐标(113.5459617, 22.1604445)不在澳门陆地区域内，疑似位于海上"
272962961,2025-04-25T00:00:00,2025-04-25T09:53:31,False,113.5442117,22.1590945,Plantae,Plantae,Tracheophyta,Polypodiopsida,Gleicheniales,Gleicheniaceae,Dicranopteris,Dicranopteris pedata,,"坐标(113.5442117, 22.1590945)不在澳门陆地区域内，疑似位于海上"
272963156,2025-04-25T00:00:00,2025-04-25T09:53:45,False,113.544205,22.15912783,Plantae,Plantae,Tracheophyta,Polypodiopsida,Polypodiales,Blechnaceae,Blechnum,Blechnum orientale,,"坐标(113.544205, 22.15912783)不在澳门陆地区域内，疑似位于海上"
272963937,2025-04-25T00:00:00,2025-04-25T09:55:04,False,113.5442283,22.15928333,Plantae,Plantae,Tracheophyta,Magnoliopsida,Malpighiales,Phyllanthaceae,Phyllanthus,Phyllanthus cochinchinensis,,"坐标(113.5442283, 22.15928333)不在澳门陆地区域内，疑似位于海上"
272964355,2025-04-25T00:00:00,2025-04-25T09:57:07,False,113.5441667,22.15927217,Fungi,Fungi,Ascomycota,Arthoniomycetes,Arthoniales,Chrysotrichaceae,Chrysothrix,Chrysothrix xanthina,,"坐标(113.5441667, 22.15927217)不在澳门陆地区域内，疑似位于海上"
272964523,2025-04-25T00:00:00,2025-04-25T10:35:12,False,113.5456617,22.16101383,Plantae,Plantae,Tracheophyta,Magnoliopsida,Aquifoliales,Aquifoliaceae,Ilex,Ilex rotunda,,"坐标(113.5456617, 22.16101383)不在澳门陆地区域内，疑似位于海上"
272965589,2025-04-25T00:00:00,2025-04-25T10:03:23,False,113.54435,22.15956667,Aves,Animalia,Chordata,Aves,Passeriformes,Leiothrichidae,Garrulax,Garrulax canorus,,"坐标(113.54435, 22.15956667)不在澳门陆地区域内，疑似位于海上"
272966818,2025-04-25T00:00:00,2025-04-25T10:23:48,False,113.5460133,22.160475,Insecta,Animalia,Arthropoda,Insecta,Lepidoptera,Geometridae,Chiasmia,Chiasmia emersaria,,"坐标(113.5460133, 22.160475)不在澳门陆地区域内，疑似位于海上"
272967327,2025-04-25T00:00:00,2025-04-25T17:07:03,False,113.5305611,22.18131111,Plantae,Plantae,Tracheophyta,Magnoliopsida,Lamiales,Bignoniaceae,Podranea,Podranea ricasoliana,,"坐标(113.5305611, 22.18131111)不在澳门陆地区域内，疑似位于海上"
272969151,2025-04-25T00:00:00,2025-04-25T10:23:48,False,113.5460133,22.160475,Aves,Animalia,Chordata,Aves,Passeriformes,Leiothrichidae,Garrulax,Garrulax canorus,,"坐标(113.5460133, 22.160475)不在澳门陆地区域内，疑似位于海上"
272969976,2025-04-25T00:00:00,2025-04-25T10:34:50,False,113.545655,22.16100833,Plantae,Plantae,Tracheophyta,Magnoliopsida,Malpighiales,Phyllanthaceae,Glochidion,Glochidion eriocarpum,,"坐标(113.545655, 22.16100833)不在澳门陆地区域内，疑似位于海上"
272973684,2025-04-25T00:00:00,2025-04-25T10:56:03,False,113.54643,22.1619695,Plantae,Plantae,Tracheophyta,Magnoliopsida,Laurales,Lauraceae,Litsea,Litsea glutinosa,,"坐标(113.54643, 22.1619695)不在澳门陆地区域内，疑似位于海上"
272977379,2025-04-25T00:00:00,2025-04-25T17:31:31,False,113.5312189,22.18181167,Animalia,Animalia,Arthropoda,Diplopoda,Polydesmida,Paradoxosomatidae,Helicorthomorpha,Helicorthomorpha holstii,,"坐标(113.5312189, 22.18181167)不在澳门陆地区域内，疑似位于海上"
272978273,2025-04-25T00:00:00,2025-04-25T11:09:33,False,113.5479717,22.1628695,Plantae,Plantae,Tracheophyta,Magnoliopsida,Malpighiales,Phyllanthaceae,Glochidion,Glochidion eriocarpum,,"坐标(113.5479717, 22.1628695)不在澳门陆地区域内，疑似位于海上"
272987067,2025-04-25T00:00:00,2025-04-25T18:00:16,False,113.5338833,22.18026667,Animalia,Animalia,Arthropoda,Malacostraca,Decapoda,Portunidae,Scylla,Scylla paramamosain,,"坐标(113.5338833, 22.18026667)不在澳门陆地区域内，疑似位于海上"
272987371,2025-04-25T00:00:00,2025-04-25T18:01:23,False,113.5338833,22.180255,Aves,Animalia,Chordata,Aves,Passeriformes,Sturnidae,Gracupica,Gracupica nigricollis,,"坐标(113.5338833, 22.180255)不在澳门陆地区域内，疑似位于海上"
272987496,2025-04-25T00:00:00,2025-04-25T17:04:26,False,113.5574112,22.18711281,Aves,Animalia,Chordata,Aves,Passeriformes,Passeridae,Passer,Passer montanus,,"坐标(113.5574112, 22.18711281)不在澳门陆地区域内，疑似位于海上"
272987711,2025-04-25T00:00:00,2025-04-25T17:05:38,False,113.5572281,22.18682861,Plantae,Plantae,Tracheophyta,Magnoliopsida,Asterales,Asteraceae,Youngia,Youngia japonica,,"坐标(113.5572281, 22.18682861)不在澳门陆地区域内，疑似位于海上"
272988013,2025-04-25T00:00:00,2025-04-25T17:05:44,False,113.5572281,22.18682861,Plantae,Plantae,Tracheophyta,Magnoliopsida,Asterales,Asteraceae,Youngia,Youngia japonica,,"坐标(113.5572281, 22.18682861)不在澳门陆地区域内，疑似位于海上"
272988320,2025-04-25T00:00:00,2025-04-25T18:02:39,False,113.5338667,22.18026667,Animalia,Animalia,Arthropoda,Malacostraca,Decapoda,Grapsidae,Metopograpsus,Metopograpsus quadridentatus,,"坐标(113.5338667, 22.18026667)不在澳门陆地区域内，疑似位于海上"
272988872,2025-04-25T00:00:00,2025-04-25T17:07:19,False,113.5571671,22.18691444,Plantae,Plantae,Tracheophyta,Liliopsida,Asparagales,Orchidaceae,Spiranthes,Spiranthes sinensis,,"坐标(113.5571671, 22.18691444)不在澳门陆地区域内，疑似位于海上"
272988984,2025-04-25T00:00:00,2025-04-25T18:02:43,False,113.5338667,22.18026667,Animalia,Animalia,Arthropoda,Malacostraca,Decapoda,Grapsidae,Metopograpsus,Metopograpsus quadridentatus,,"坐标(113.5338667, 22.18026667)不在澳门陆地区域内，疑似位于海上"
272989831,2025-04-25T00:00:00,2025-04-25T17:08:39,False,113.5569839,22.18635559,Aves,Animalia,Chordata,Aves,Passeriformes,Hirundinidae,Hirundo,Hirundo rustica,,"坐标(113.5569839, 22.18635559)不在澳门陆地区域内，疑似位于海上"
272990106,2025-04-25T00:00:00,2025-04-25T17:12:18,False,113.5563965,22.18663025,Plantae,Plantae,Tracheophyta,Liliopsida,Asparagales,Orchidaceae,Spiranthes,Spiranthes sinensis,,"坐标(113.5563965, 22.18663025)不在澳门陆地区域内，疑似位于海上"
272993068,2025-04-25T00:00:00,2025-04-25T18:08:31,False,113.533702,22.18031058,Animalia,Animalia,Arthropoda,Hexanauplia,Balanomorpha,Balanidae,Amphibalanus,Amphibalanus amphitrite,,"坐标(113.533702, 22.18031058)不在澳门陆地区域内，疑似位于海上"
272993155,2025-04-25T00:00:00,2025-04-25T17:13:02,False,113.5564957,22.18691798,Aves,Animalia,Chordata,Aves,Passeriformes,Passeridae,Passer,Passer montanus,,"坐标(113.5564957, 22.18691798)不在澳门陆地区域内，疑似位于海上"
272993322,2025-04-25T00:00:00,2025-04-25T18:09:32,False,113.5337833,22.18027167,Actinopterygii,Animalia,Chordata,Actinopterygii,Centrarchiformes,Terapontidae,Terapon,Terapon jarbua,,"坐标(113.5337833, 22.18027167)不在澳门陆地区域内，疑似位于海上"
272993538,2025-04-25T00:00:00,2025-04-25T18:10:46,False,113.5336117,22.18033801,Actinopterygii,Animalia,Chordata,Actinopterygii,Cichliformes,Cichlidae,Oreochromis,Oreochromis aureus,,"坐标(113.5336117, 22.18033801)不在澳门陆地区域内，疑似位于海上"
272993837,2025-04-25T00:00:00,2025-04-25T18:11:39,False,113.5336093,22.18033642,Actinopterygii,Animalia,Chordata,Actinopterygii,Cichliformes,Cichlidae,Coptodon,Coptodon zillii,,"坐标(113.5336093, 22.18033642)不在澳门陆地区域内，疑似位于海上"
272993933,2025-04-25T00:00:00,2025-04-25T17:14:47,False,113.556615,22.18705459,Plantae,Plantae,Tracheophyta,Liliopsida,Asparagales,Orchidaceae,Spiranthes,Spiranthes sinensis,,"坐标(113.556615, 22.18705459)不在澳门陆地区域内，疑似位于海上"
272995441,2025-04-25T00:00:00,2025-04-25T18:15:18,False,113.5333645,22.18037975,Plantae,Plantae,Tracheophyta,Magnoliopsida,Asterales,Asteraceae,Soliva,Soliva anthemifolia,,"坐标(113.5333645, 22.18037975)不在澳门陆地区域内，疑似位于海上"
272995617,2025-04-25T00:00:00,2025-04-25T18:15:42,False,113.5333736,22.18037463,Plantae,Plantae,Tracheophyta,Magnoliopsida,Malpighiales,Passifloraceae,Passiflora,Passiflora suberosa,,"坐标(113.5333736, 22.18037463)不在澳门陆地区域内，疑似位于海上"
272995971,2025-04-25T00:00:00,2025-04-25T18:16:11,False,113.5333819,22.18037332,Plantae,Plantae,Tracheophyta,Magnoliopsida,Malpighiales,Euphorbiaceae,Acalypha,Acalypha australis,,"坐标(113.5333819, 22.18037332)不在澳门陆地区域内，疑似位于海上"
272997110,2025-04-25T00:00:00,2025-04-25T18:18:18,False,113.5333474,22.18038867,Plantae,Plantae,Tracheophyta,Magnoliopsida,Asterales,Asteraceae,Youngia,Youngia japonica,,"坐标(113.5333474, 22.18038867)不在澳门陆地区域内，疑似位于海上"
272997679,2025-04-25T00:00:00,2025-04-25T18:20:55,False,113.5330669,22.18029898,Plantae,Plantae,Tracheophyta,Magnoliopsida,Caryophyllales,Amaranthaceae,Chenopodium,Chenopodium ficifolium,,"坐标(113.5330669, 22.18029898)不在澳门陆地区域内，疑似位于海上"
272997900,2025-04-25T00:00:00,2025-04-25T18:22:58,False,113.5329795,22.18049611,Plantae,Plantae,Tracheophyta,Liliopsida,Poales,Poaceae,Paspalum,Paspalum conjugatum,,"坐标(113.5329795, 22.18049611)不在澳门陆地区域内，疑似位于海上"
272998391,2025-04-25T00:00:00,2025-04-25T18:23:21,False,113.5329769,22.18049497,Plantae,Plantae,Tracheophyta,Magnoliopsida,Asterales,Asteraceae,Erigeron,Erigeron canadensis,,"坐标(113.5329769, 22.18049497)不在澳门陆地区域内，疑似位于海上"
273001488,2025-04-25T00:00:00,2025-04-25T18:30:54,False,113.5325942,22.18060694,Plantae,Plantae,Tracheophyta,Magnoliopsida,Malpighiales,Euphorbiaceae,Excoecaria,Excoecaria agallocha,,"坐标(113.5325942, 22.18060694)不在澳门陆地区域内，疑似位于海上"
273001851,2025-04-25T00:00:00,2025-04-25T18:31:20,False,113.5325992,22.18060508,Plantae,Plantae,Tracheophyta,Polypodiopsida,Polypodiales,Pteridaceae,Adiantum,Adiantum caudatum,,"坐标(113.5325992, 22.18060508)不在澳门陆地区域内，疑似位于海上"
273002096,2025-04-25T00:00:00,2025-04-25T18:36:34,False,113.5320311,22.18079789,Plantae,Plantae,Tracheophyta,Magnoliopsida,Malpighiales,Euphorbiaceae,Euphorbia,Euphorbia hirta,,"坐标(113.5320311, 22.18079789)不在澳门陆地区域内，疑似位于海上"
273002221,2025-04-25T00:00:00,2025-04-25T18:38:50,False,113.5320117,22.18080037,Animalia,Animalia,Arthropoda,Malacostraca,Decapoda,Grapsidae,Metopograpsus,Metopograpsus thukuhar,,"坐标(113.5320117, 22.18080037)不在澳门陆地区域内，疑似位于海上"
273002265,2025-04-25T00:00:00,2025-04-25T13:03:39,False,113.54718,22.1602,Insecta,Animalia,Arthropoda,Insecta,Coleoptera,Curculionidae,Hypomeces,Hypomeces pulviger,,"坐标(113.54718, 22.1602)不在澳门陆地区域内，疑似位于海上"
273002466,2025-04-25T00:00:00,2025-04-25T18:39:27,False,113.53202,22.180795,Animalia,Animalia,Arthropoda,Malacostraca,Decapoda,Grapsidae,Metopograpsus,Metopograpsus thukuhar,,"坐标(113.53202, 22.180795)不在澳门陆地区域内，疑似位于海上"
273003894,2025-04-25T00:00:00,2025-04-25T18:44:41,False,113.5327855,22.18042222,Plantae,Plantae,Tracheophyta,Magnoliopsida,Asterales,Asteraceae,Gamochaeta,Gamochaeta pensylvanica,,"坐标(113.5327855, 22.18042222)不在澳门陆地区域内，疑似位于海上"
273004138,2025-04-25T00:00:00,2025-04-25T18:45:34,False,113.5330597,22.1803333,Plantae,Plantae,Tracheophyta,Liliopsida,Poales,Poaceae,Digitaria,Digitaria sanguinalis,,"坐标(113.5330597, 22.1803333)不在澳门陆地区域内，疑似位于海上"
273008340,2025-04-25T00:00:00,2025-04-25T13:31:35,False,113.5433367,22.1587195,Plantae,Plantae,Tracheophyta,Polypodiopsida,Polypodiales,Pteridaceae,Adiantum,Adiantum capillus-veneris,,"坐标(113.5433367, 22.1587195)不在澳门陆地区域内，疑似位于海上"
273008510,2025-04-25T00:00:00,2025-04-25T13:41:45,False,113.5423583,22.1588945,Plantae,Plantae,Bryophyta,Bryopsida,Hypnodendrales,Racopilaceae,Racopilum,Racopilum cuspidigerum,,"坐标(113.5423583, 22.1588945)不在澳门陆地区域内，疑似位于海上"
273010271,2025-04-25T00:00:00,2025-04-25T18:24:07,False,113.53295,22.1805,Plantae,Plantae,Tracheophyta,Magnoliopsida,Asterales,Asteraceae,Erigeron,Erigeron canadensis,,"坐标(113.53295, 22.1805)不在澳门陆地区域内，疑似位于海上"
273010522,2025-04-25T00:00:00,2025-04-25T18:28:21,False,113.5366533,22.18027167,Animalia,Animalia,Arthropoda,Malacostraca,Decapoda,Grapsidae,Metopograpsus,Metopograpsus quadridentatus,,"坐标(113.5366533, 22.18027167)不在澳门陆地区域内，疑似位于海上"
273010669,2025-04-25T00:00:00,2025-04-25T18:01:23,False,113.5338833,22.180255,Plantae,Plantae,Tracheophyta,Magnoliopsida,Caryophyllales,Portulacaceae,Portulaca,Portulaca oleracea,,"坐标(113.5338833, 22.180255)不在澳门陆地区域内，疑似位于海上"
273014277,2025-04-25T00:00:00,2025-04-25T17:10:43,False,113.556615,22.18705459,Plantae,Plantae,Tracheophyta,Liliopsida,Asparagales,Orchidaceae,Spiranthes,Spiranthes sinensis,,"坐标(113.556615, 22.18705459)不在澳门陆地区域内，疑似位于海上"
273014698,2025-04-25T00:00:00,2025-04-25T18:19:11,False,113.533255,22.18042,Plantae,Plantae,Tracheophyta,Magnoliopsida,Malpighiales,Euphorbiaceae,Euphorbia,Euphorbia hirta,,"坐标(113.533255, 22.18042)不在澳门陆地区域内，疑似位于海上"
273031219,2025-04-25T00:00:00,2025-04-25T18:10:35,False,113.5337217,22.18027167,Insecta,Animalia,Arthropoda,Insecta,Hymenoptera,Formicidae,Tapinoma,Tapinoma melanocephalum,,"坐标(113.5337217, 22.18027167)不在澳门陆地区域内，疑似位于海上"
273102858,2025-04-25T00:00:00,2025-04-25T17:56:09,False,113.5337667,22.18022833,Plantae,Plantae,Tracheophyta,Magnoliopsida,Asterales,Asteraceae,Emilia,Emilia sonchifolia,,"坐标(113.5337667, 22.18022833)不在澳门陆地区域内，疑似位于海上"
273103019,2025-04-25T00:00:00,2025-04-25T17:56:17,False,113.5337833,22.18024667,Plantae,Plantae,Tracheophyta,Liliopsida,Poales,Poaceae,Eragrostis,Eragrostis tenella,,"坐标(113.5337833, 22.18024667)不在澳门陆地区域内，疑似位于海上"
273103208,2025-04-25T00:00:00,2025-04-25T17:56:29,False,113.533775,22.18018667,Plantae,Plantae,Tracheophyta,Magnoliopsida,Rosales,Moraceae,Ficus,Ficus microcarpa,,"坐标(113.533775, 22.18018667)不在澳门陆地区域内，疑似位于海上"
273103430,2025-04-25T00:00:00,2025-04-25T17:56:43,False,113.533845,22.18017167,Plantae,Plantae,Bryophyta,Bryopsida,Pottiales,Pottiaceae,Hyophila,Hyophila involuta,,"坐标(113.533845, 22.18017167)不在澳门陆地区域内，疑似位于海上"
273103670,2025-04-25T00:00:00,2025-04-25T17:56:48,False,113.533845,22.180175,Plantae,Plantae,Bryophyta,Bryopsida,Pottiales,Pottiaceae,Hyophila,Hyophila involuta,,"坐标(113.533845, 22.180175)不在澳门陆地区域内，疑似位于海上"
273103860,2025-04-25T00:00:00,2025-04-25T17:57:11,False,113.5339667,22.18015333,Aves,Animalia,Chordata,Aves,Passeriformes,Sturnidae,Acridotheres,Acridotheres cristatellus,,"坐标(113.5339667, 22.18015333)不在澳门陆地区域内，疑似位于海上"
273104014,2025-04-25T00:00:00,2025-04-25T17:57:57,False,113.5340417,22.18016167,Aves,Animalia,Chordata,Aves,Passeriformes,Passeridae,Passer,Passer montanus,,"坐标(113.5340417, 22.18016167)不在澳门陆地区域内，疑似位于海上"
273104245,2025-04-25T00:00:00,2025-04-25T17:58:33,False,113.533945,22.18028,Plantae,Plantae,Tracheophyta,Magnoliopsida,Malpighiales,Euphorbiaceae,Euphorbia,Euphorbia hirta,,"坐标(113.533945, 22.18028)不在澳门陆地区域内，疑似位于海上"
273104485,2025-04-25T00:00:00,2025-04-25T17:58:41,False,113.5339367,22.180275,Plantae,Plantae,Tracheophyta,Magnoliopsida,Caryophyllales,Portulacaceae,Portulaca,Portulaca oleracea,,"坐标(113.5339367, 22.180275)不在澳门陆地区域内，疑似位于海上"
273104630,2025-04-25T00:00:00,2025-04-25T17:58:47,False,113.5339667,22.18027833,Plantae,Plantae,Tracheophyta,Magnoliopsida,Lamiales,Linderniaceae,Torenia,Torenia crustacea,,"坐标(113.5339667, 22.18027833)不在澳门陆地区域内，疑似位于海上"
273105283,2025-04-25T00:00:00,2025-04-25T18:08:42,False,113.5337217,22.18029167,Animalia,Animalia,Arthropoda,Hexanauplia,Balanomorpha,Balanidae,Amphibalanus,Amphibalanus amphitrite,,"坐标(113.5337217, 22.18029167)不在澳门陆地区域内，疑似位于海上"
273105432,2025-04-25T00:00:00,2025-04-25T18:09:34,False,113.5336917,22.18029167,Animalia,Animalia,Arthropoda,Malacostraca,Decapoda,Palaemonidae,Macrobrachium,Macrobrachium laevis,,"坐标(113.5336917, 22.18029167)不在澳门陆地区域内，疑似位于海上"
273105574,2025-04-25T00:00:00,2025-04-25T18:10:16,False,113.533705,22.18027833,Plantae,Plantae,Tracheophyta,Magnoliopsida,Asterales,Asteraceae,Chromolaena,Chromolaena odorata,,"坐标(113.533705, 22.18027833)不在澳门陆地区域内，疑似位于海上"
273105912,2025-04-25T00:00:00,2025-04-25T18:11:01,False,113.5336533,22.18029167,Plantae,Plantae,Tracheophyta,Magnoliopsida,Malpighiales,Euphorbiaceae,Euphorbia,Euphorbia hirta,,"坐标(113.5336533, 22.18029167)不在澳门陆地区域内，疑似位于海上"
273106075,2025-04-25T00:00:00,2025-04-25T18:12:50,False,113.5335217,22.18041667,Plantae,Plantae,Tracheophyta,Magnoliopsida,Gentianales,Rubiaceae,Oldenlandia,Oldenlandia corymbosa,,"坐标(113.5335217, 22.18041667)不在澳门陆地区域内，疑似位于海上"
273106290,2025-04-25T00:00:00,2025-04-25T18:13:39,False,113.5334917,22.18044167,Plantae,Plantae,Tracheophyta,Magnoliopsida,Asterales,Asteraceae,Emilia,Emilia sonchifolia,,"坐标(113.5334917, 22.18044167)不在澳门陆地区域内，疑似位于海上"
273106452,2025-04-25T00:00:00,2025-04-25T18:14:14,False,113.533455,22.18045833,Plantae,Plantae,Tracheophyta,Magnoliopsida,Asterales,Asteraceae,Soliva,Soliva anthemifolia,,"坐标(113.533455, 22.18045833)不在澳门陆地区域内，疑似位于海上"
273106668,2025-04-25T00:00:00,2025-04-25T18:15:43,False,113.533455,22.18038833,Plantae,Plantae,Tracheophyta,Magnoliopsida,Malpighiales,Phyllanthaceae,Phyllanthus,Phyllanthus debilis,,"坐标(113.533455, 22.18038833)不在澳门陆地区域内，疑似位于海上"
273106921,2025-04-25T00:00:00,2025-04-25T18:17:22,False,113.533425,22.180375,Plantae,Plantae,Tracheophyta,Magnoliopsida,Malpighiales,Euphorbiaceae,Euphorbia,Euphorbia hirta,,"坐标(113.533425, 22.180375)不在澳门陆地区域内，疑似位于海上"
273115784,2025-04-25T00:00:00,2025-04-25T09:38:48,False,113.53038,22.18317167,Aves,Animalia,Chordata,Aves,Passeriformes,Sturnidae,Acridotheres,Acridotheres cristatellus,,"坐标(113.53038, 22.18317167)不在澳门陆地区域内，疑似位于海上"
273116055,2025-04-25T00:00:00,2025-04-25T17:40:46,False,113.53087,22.18379167,Aves,Animalia,Chordata,Aves,Passeriformes,Passeridae,Passer,Passer montanus,,"坐标(113.53087, 22.18379167)不在澳门陆地区域内，疑似位于海上"
273116260,2025-04-25T00:00:00,2025-04-25T09:40:18,True,113.5308383,22.18368,Plantae,Plantae,Tracheophyta,Magnoliopsida,Malpighiales,Euphorbiaceae,Codiaeum,Codiaeum variegatum,,"坐标(113.5308383, 22.18368)不在澳门陆地区域内，疑似位于海上"
273233058,2025-04-25T00:00:00,2025-04-25T21:20:18,False,113.550869,22.11790877,Mollusca,Animalia,Mollusca,Gastropoda,Littorinimorpha,Littorinidae,Littoraria,Littoraria scabra,,"坐标(113.550869, 22.11790877)不在澳门陆地区域内，疑似位于海上"
273235219,2025-04-25T00:00:00,2025-04-25T21:24:07,False,113.5508637,22.11791623,Animalia,Animalia,Arthropoda,Malacostraca,Decapoda,Sesarmidae,Parasesarma,Parasesarma pictum,,"坐标(113.5508637, 22.11791623)不在澳门陆地区域内，疑似位于海上"
273308410,2025-04-25T00:00:00,2025-04-25T15:12:00,False,113.55209,22.13796667,Aves,Animalia,Chordata,Aves,Pelecaniformes,Ardeidae,Nycticorax,Nycticorax nycticorax,,"坐标(113.55209, 22.13796667)不在澳门陆地区域内，疑似位于海上"
273308429,2025-04-25T00:00:00,2025-04-25T15:12:00,False,113.5520867,22.13787167,Aves,Animalia,Chordata,Aves,Pelecaniformes,Ardeidae,Nycticorax,Nycticorax nycticorax,,"坐标(113.5520867, 22.13787167)不在澳门陆地区域内，疑似位于海上"
273308437,2025-04-25T00:00:00,2025-04-25T15:14:00,False,113.5520833,22.13672667,Aves,Animalia,Chordata,Aves,Pelecaniformes,Ardeidae,Ardeola,Ardeola bacchus,,"坐标(113.5520833, 22.13672667)不在澳门陆地区域内，疑似位于海上"
273308439,2025-04-25T00:00:00,2025-04-25T15:14:00,False,113.5520833,22.13672667,Aves,Animalia,Chordata,Aves,Pelecaniformes,Ardeidae,Nycticorax,Nycticorax nycticorax,,"坐标(113.5520833, 22.13672667)不在澳门陆地区域内，疑似位于海上"
273308445,2025-04-25T00:00:00,2025-04-25T15:15:00,False,113.5520683,22.13643,Aves,Animalia,Chordata,Aves,Pelecaniformes,Ardeidae,Nycticorax,Nycticorax nycticorax,,"坐标(113.5520683, 22.13643)不在澳门陆地区域内，疑似位于海上"
273308454,2025-04-25T00:00:00,2025-04-25T15:16:00,False,113.5520767,22.13613833,Aves,Animalia,Chordata,Aves,Pelecaniformes,Ardeidae,Egretta,Egretta garzetta,,"坐标(113.5520767, 22.13613833)不在澳门陆地区域内，疑似位于海上"
273308463,2025-04-25T00:00:00,2025-04-25T15:19:00,False,113.5520433,22.13520667,Aves,Animalia,Chordata,Aves,Pelecaniformes,Ardeidae,Egretta,Egretta garzetta,,"坐标(113.5520433, 22.13520667)不在澳门陆地区域内，疑似位于海上"
273321077,2025-04-25T00:00:00,2025-04-25T17:32:00,False,113.55227,22.11616667,Insecta,Animalia,Arthropoda,Insecta,Odonata,Coenagrionidae,Agriocnemis,Agriocnemis pygmaea,,"坐标(113.55227, 22.11616667)不在澳门陆地区域内，疑似位于海上"
273321083,2025-04-25T00:00:00,2025-04-25T17:38:00,False,113.55156,22.11554333,Insecta,Animalia,Arthropoda,Insecta,Lepidoptera,Choreutidae,Choreutis,Choreutis sexfasciella,,"坐标(113.55156, 22.11554333)不在澳门陆地区域内，疑似位于海上"
273326500,2025-04-25T00:00:00,2025-04-25T17:59:00,False,113.5520833,22.11599,Insecta,Animalia,Arthropoda,Insecta,Odonata,Coenagrionidae,Agriocnemis,Agriocnemis pygmaea,,"坐标(113.5520833, 22.11599)不在澳门陆地区域内，疑似位于海上"
273442270,2025-04-25T00:00:00,2025-04-25T17:37:04,False,113.5305783,22.18234667,Plantae,Plantae,Tracheophyta,Liliopsida,Asparagales,Asparagaceae,Asparagus,Asparagus densiflorus,,"坐标(113.5305783, 22.18234667)不在澳门陆地区域内，疑似位于海上"
273442340,2025-04-25T00:00:00,2025-04-25T09:35:47,False,113.5304467,22.18198,Plantae,Plantae,Tracheophyta,Magnoliopsida,Gentianales,Apocynaceae,Nerium,Nerium oleander,,"坐标(113.5304467, 22.18198)不在澳门陆地区域内，疑似位于海上"
273442522,2025-04-25T00:00:00,2025-04-25T17:36:46,False,113.5305467,22.18228667,Aves,Animalia,Chordata,Aves,Columbiformes,Columbidae,Spilopelia,Spilopelia chinensis,,"坐标(113.5305467, 22.18228667)不在澳门陆地区域内，疑似位于海上"
273442589,2025-04-25T00:00:00,2025-04-25T17:36:36,False,113.5305717,22.182255,Plantae,Plantae,Tracheophyta,Magnoliopsida,Lamiales,Plantaginaceae,Russelia,Russelia equisetiformis,,"坐标(113.5305717, 22.182255)不在澳门陆地区域内，疑似位于海上"
273442744,2025-04-25T00:00:00,2025-04-25T17:36:18,False,113.5305783,22.18220333,Plantae,Plantae,Tracheophyta,Magnoliopsida,Gentianales,Rubiaceae,Ixora,Ixora chinensis,,"坐标(113.5305783, 22.18220333)不在澳门陆地区域内，疑似位于海上"
273443863,2025-04-25T00:00:00,2025-04-25T09:34:07,True,113.5305333,22.18203667,Plantae,Plantae,Tracheophyta,Magnoliopsida,Saxifragales,Hamamelidaceae,Loropetalum,Loropetalum chinense,,"坐标(113.5305333, 22.18203667)不在澳门陆地区域内，疑似位于海上"
273444292,2025-04-25T00:00:00,2025-04-25T17:30:58,False,113.5311967,22.18178833,Plantae,Plantae,Tracheophyta,Magnoliopsida,Laurales,Lauraceae,Camphora,Camphora officinarum,,"坐标(113.5311967, 22.18178833)不在澳门陆地区域内，疑似位于海上"
273452939,2025-04-26T00:00:00,2025-04-26T07:36:47,False,113.5290582,22.18464756,Plantae,Plantae,Tracheophyta,Liliopsida,Poales,Poaceae,Eleusine,Eleusine indica,,"坐标(113.5290582, 22.18464756)不在澳门陆地区域内，疑似位于海上"
273453768,2025-04-26T00:00:00,2025-04-26T07:38:46,False,113.5292367,22.18515588,Plantae,Plantae,Tracheophyta,Liliopsida,Poales,Poaceae,Eleusine,Eleusine indica,,"坐标(113.5292367, 22.18515588)不在澳门陆地区域内，疑似位于海上"
273455672,2025-04-26T00:00:00,2025-04-26T07:42:17,False,113.5291713,22.18552166,Plantae,Plantae,Tracheophyta,Liliopsida,Poales,Poaceae,Eragrostis,Eragrostis tenella,,"坐标(113.5291713, 22.18552166)不在澳门陆地区域内，疑似位于海上"
273456744,2025-04-26T00:00:00,2025-04-26T07:45:06,False,113.529553,22.18595341,Plantae,Plantae,Tracheophyta,Magnoliopsida,Asterales,Asteraceae,Cyanthillium,Cyanthillium cinereum,,"坐标(113.529553, 22.18595341)不在澳门陆地区域内，疑似位于海上"
273457478,2025-04-26T00:00:00,2025-04-26T07:45:42,False,113.5293801,22.1859728,Plantae,Plantae,Tracheophyta,Magnoliopsida,Malvales,Thymelaeaceae,Wikstroemia,Wikstroemia indica,,"坐标(113.5293801, 22.1859728)不在澳门陆地区域内，疑似位于海上"
273457820,2025-04-26T00:00:00,2025-04-26T07:47:03,False,113.5293802,22.18594665,Plantae,Plantae,Tracheophyta,Magnoliopsida,Rosales,Moraceae,Ficus,Ficus microcarpa,,"坐标(113.5293802, 22.18594665)不在澳门陆地区域内，疑似位于海上"
273458138,2025-04-26T00:00:00,2025-04-26T07:48:15,False,113.5295582,22.18605517,Aves,Animalia,Chordata,Aves,Passeriformes,Passeridae,Passer,Passer montanus,,"坐标(113.5295582, 22.18605517)不在澳门陆地区域内，疑似位于海上"
273458666,2025-04-26T00:00:00,2025-04-26T07:49:00,False,113.5295904,22.18620426,Plantae,Plantae,Tracheophyta,Magnoliopsida,Solanales,Solanaceae,Datura,Datura metel,,"坐标(113.5295904, 22.18620426)不在澳门陆地区域内，疑似位于海上"
273458959,2025-04-26T00:00:00,2025-04-26T07:49:52,False,113.5296831,22.1862914,Plantae,Plantae,Tracheophyta,Liliopsida,Poales,Poaceae,Sporobolus,Sporobolus indicus,,"坐标(113.5296831, 22.1862914)不在澳门陆地区域内，疑似位于海上"
273461723,2025-04-26T00:00:00,2025-04-26T07:56:02,False,113.5307899,22.18701354,Plantae,Plantae,Tracheophyta,Magnoliopsida,Malpighiales,Euphorbiaceae,Euphorbia,Euphorbia hirta,,"坐标(113.5307899, 22.18701354)不在澳门陆地区域内，疑似位于海上"
273462063,2025-04-26T00:00:00,2025-04-26T07:57:01,False,113.5307563,22.1869873,Plantae,Plantae,Tracheophyta,Liliopsida,Poales,Poaceae,Eragrostis,Eragrostis tenella,,"坐标(113.5307563, 22.1869873)不在澳门陆地区域内，疑似位于海上"
273462448,2025-04-26T00:00:00,2025-04-26T07:57:43,False,113.5308552,22.18705673,Aves,Animalia,Chordata,Aves,Passeriformes,Passeridae,Passer,Passer montanus,,"坐标(113.5308552, 22.18705673)不在澳门陆地区域内，疑似位于海上"
273463105,2025-04-26T00:00:00,2025-04-26T07:59:11,False,113.5309729,22.18713888,Plantae,Plantae,Tracheophyta,Liliopsida,Poales,Poaceae,Eleusine,Eleusine indica,,"坐标(113.5309729, 22.18713888)不在澳门陆地区域内，疑似位于海上"
273463337,2025-04-26T00:00:00,2025-04-26T07:59:46,False,113.5309971,22.18711422,Plantae,Plantae,Tracheophyta,Magnoliopsida,Gentianales,Rubiaceae,Oldenlandia,Oldenlandia corymbosa,,"坐标(113.5309971, 22.18711422)不在澳门陆地区域内，疑似位于海上"
273466891,2025-04-26T00:00:00,2025-04-26T08:07:05,False,113.5465033,22.15835833,Insecta,Animalia,Arthropoda,Insecta,Hemiptera,Rhopalidae,Leptocoris,Leptocoris vicinus,,"坐标(113.5465033, 22.15835833)不在澳门陆地区域内，疑似位于海上"
273538265,2025-04-26T00:00:00,2025-04-26T10:52:00,False,113.5567767,22.18613339,Aves,Animalia,Chordata,Aves,Passeriformes,Hirundinidae,Hirundo,Hirundo rustica,,"坐标(113.5567767, 22.18613339)不在澳门陆地区域内，疑似位于海上"
273542929,2025-04-26T00:00:00,2025-04-26T10:37:01,True,113.5966658,22.10445409,Plantae,Plantae,Tracheophyta,Magnoliopsida,Ericales,Sapotaceae,Synsepalum,Synsepalum dulcificum,,"坐标(113.5966658, 22.10445409)不在澳门陆地区域内，疑似位于海上"
273549405,2025-04-26T00:00:00,2025-04-26T10:51:58,False,113.5406359,22.15876013,Plantae,Plantae,Tracheophyta,Magnoliopsida,Solanales,Convolvulaceae,Ipomoea,Ipomoea triloba,,"坐标(113.5406359, 22.15876013)不在澳门陆地区域内，疑似位于海上"
273551166,2025-04-26T00:00:00,2025-04-26T10:56:04,False,113.5801981,22.20482598,Reptilia,Animalia,Chordata,Reptilia,Testudines,Platysternidae,Platysternon,Platysternon megacephalum,,"坐标(113.5801981, 22.20482598)不在澳门陆地区域内，疑似位于海上"
273562469,2025-04-26T00:00:00,2025-04-26T11:16:52,False,113.552639,22.141395,Plantae,Plantae,Tracheophyta,Magnoliopsida,Fabales,Fabaceae,Leucaena,Leucaena leucocephala,,"坐标(113.552639, 22.141395)不在澳门陆地区域内，疑似位于海上"
273563952,2025-04-26T00:00:00,2025-04-26T11:23:46,False,113.552476,22.141362,Plantae,Plantae,Tracheophyta,Magnoliopsida,Asterales,Asteraceae,Emilia,Emilia sonchifolia,,"坐标(113.552476, 22.141362)不在澳门陆地区域内，疑似位于海上"
273564778,2025-04-26T00:00:00,2025-04-26T11:25:58,False,113.552614,22.14129,Plantae,Plantae,Tracheophyta,Magnoliopsida,Fabales,Fabaceae,Alysicarpus,Alysicarpus vaginalis,,"坐标(113.552614, 22.14129)不在澳门陆地区域内，疑似位于海上"
273569164,2025-04-26T00:00:00,2025-04-26T09:34:13,False,113.5310883,22.18584167,Insecta,Animalia,Arthropoda,Insecta,Mantodea,Mantidae,Hierodula,Hierodula patellifera,,"坐标(113.5310883, 22.18584167)不在澳门陆地区域内，疑似位于海上"
273570946,2025-04-26T00:00:00,2025-04-26T11:40:38,False,113.55362,22.13924,Plantae,Plantae,Tracheophyta,Liliopsida,Poales,Poaceae,Eleusine,Eleusine indica,,"坐标(113.55362, 22.13924)不在澳门陆地区域内，疑似位于海上"
273573365,2025-04-26T00:00:00,2025-04-26T11:47:48,False,113.550147,22.11941417,Plantae,Plantae,Tracheophyta,Magnoliopsida,Malpighiales,Euphorbiaceae,Macaranga,Macaranga tanarius,,"坐标(113.550147, 22.11941417)不在澳门陆地区域内，疑似位于海上"
273573983,2025-04-26T00:00:00,2025-04-26T11:16:32,False,113.552639,22.141395,Plantae,Plantae,Tracheophyta,Magnoliopsida,Asterales,Asteraceae,Bidens,Bidens alba,,"坐标(113.552639, 22.141395)不在澳门陆地区域内，疑似位于海上"
273574251,2025-04-26T00:00:00,2025-04-26T11:49:49,False,113.550095,22.118975,Aves,Animalia,Chordata,Aves,Passeriformes,Hirundinidae,Hirundo,Hirundo rustica,,"坐标(113.550095, 22.118975)不在澳门陆地区域内，疑似位于海上"
273575203,2025-04-26T00:00:00,2025-04-26T11:51:10,False,113.552159,22.136992,Plantae,Plantae,Tracheophyta,Polypodiopsida,Polypodiales,Nephrolepidaceae,Nephrolepis,Nephrolepis exaltata,,"坐标(113.552159, 22.136992)不在澳门陆地区域内，疑似位于海上"
273575374,2025-04-26T00:00:00,2025-04-26T11:50:00,False,113.543779,22.153046,Plantae,Plantae,Tracheophyta,Magnoliopsida,Lamiales,Oleaceae,Osmanthus,Osmanthus fragrans,,"坐标(113.543779, 22.153046)不在澳门陆地区域内，疑似位于海上"
273575906,2025-04-26T00:00:00,2025-04-26T11:53:00,False,113.55209,22.13820585,Plantae,Plantae,Tracheophyta,Liliopsida,Asparagales,Asparagaceae,Ophiopogon,Ophiopogon jaburan,,"坐标(113.55209, 22.13820585)不在澳门陆地区域内，疑似位于海上"
273577478,2025-04-26T00:00:00,2025-04-26T11:57:11,True,113.552062,22.137265,Plantae,Plantae,Tracheophyta,Magnoliopsida,Malpighiales,Euphorbiaceae,Codiaeum,Codiaeum variegatum,,"坐标(113.552062, 22.137265)不在澳门陆地区域内，疑似位于海上"
273578017,2025-04-26T00:00:00,2025-04-26T11:58:15,True,113.552172,22.137201,Plantae,Plantae,Tracheophyta,Magnoliopsida,Gentianales,Apocynaceae,Allamanda,Allamanda schottii,,"坐标(113.552172, 22.137201)不在澳门陆地区域内，疑似位于海上"
273578668,2025-04-26T00:00:00,2025-04-26T11:59:09,False,113.552202,22.137214,Plantae,Plantae,Tracheophyta,Liliopsida,Asparagales,Asparagaceae,Asparagus,Asparagus densiflorus,,"坐标(113.552202, 22.137214)不在澳门陆地区域内，疑似位于海上"
273579382,2025-04-26T00:00:00,2025-04-26T12:01:09,True,113.551849,22.137574,Plantae,Plantae,Tracheophyta,Magnoliopsida,Lamiales,Acanthaceae,Ruellia,Ruellia simplex,,"坐标(113.551849, 22.137574)不在澳门陆地区域内，疑似位于海上"
273580931,2025-04-26T00:00:00,2025-04-26T11:59:31,True,113.552122,22.137405,Plantae,Plantae,Tracheophyta,Magnoliopsida,Malvales,Malvaceae,Sterculia,Sterculia lanceolata,,"坐标(113.552122, 22.137405)不在澳门陆地区域内，疑似位于海上"
273581723,2025-04-26T00:00:00,2025-04-26T12:07:48,False,113.5520584,22.13992343,Plantae,Plantae,Tracheophyta,Magnoliopsida,Malvales,Malvaceae,Hibiscus,Hibiscus rosa-sinensis,,"坐标(113.5520584, 22.13992343)不在澳门陆地区域内，疑似位于海上"
273582037,2025-04-26T00:00:00,2025-04-26T12:08:08,False,113.552481,22.136831,Aves,Animalia,Chordata,Aves,Pelecaniformes,Ardeidae,Egretta,Egretta garzetta,,"坐标(113.552481, 22.136831)不在澳门陆地区域内，疑似位于海上"
273582200,2025-04-26T00:00:00,2025-04-26T12:08:58,False,113.5520892,22.1393711,Plantae,Plantae,Tracheophyta,Magnoliopsida,Asterales,Asteraceae,Sphagneticola,Sphagneticola trilobata,,"坐标(113.5520892, 22.1393711)不在澳门陆地区域内，疑似位于海上"
273582280,2025-04-26T00:00:00,2025-04-26T12:07:34,False,113.552129,22.13549,Plantae,Plantae,Tracheophyta,Magnoliopsida,Malpighiales,Euphorbiaceae,Jatropha,Jatropha integerrima,,"坐标(113.552129, 22.13549)不在澳门陆地区域内，疑似位于海上"
273603192,2025-04-26T00:00:00,2025-04-26T13:05:28,False,113.551917,22.13746,Plantae,Plantae,Tracheophyta,Magnoliopsida,Caryophyllales,Nyctaginaceae,Bougainvillea,Bougainvillea glabra,,"坐标(113.551917, 22.13746)不在澳门陆地区域内，疑似位于海上"
273604540,2025-04-26T00:00:00,2025-04-26T13:09:03,False,113.552176,22.137467,Plantae,Plantae,Tracheophyta,Magnoliopsida,Malvales,Malvaceae,Urena,Urena lobata,,"坐标(113.552176, 22.137467)不在澳门陆地区域内，疑似位于海上"
273605332,2025-04-26T00:00:00,2025-04-26T13:09:58,False,113.552501,22.136912,Plantae,Plantae,Tracheophyta,Liliopsida,Poales,Poaceae,Megathyrsus,Megathyrsus maximus,,"坐标(113.552501, 22.136912)不在澳门陆地区域内，疑似位于海上"
273607735,2025-04-26T00:00:00,2025-04-26T13:17:36,False,113.550597,22.138023,Plantae,Plantae,Tracheophyta,Liliopsida,Poales,Poaceae,Cenchrus,Cenchrus purpureus,,"坐标(113.550597, 22.138023)不在澳门陆地区域内，疑似位于海上"
273609830,2025-04-26T00:00:00,2025-04-26T13:24:14,False,113.552471,22.14096344,Plantae,Plantae,Tracheophyta,Magnoliopsida,Fabales,Fabaceae,Alysicarpus,Alysicarpus vaginalis,,"坐标(113.552471, 22.14096344)不在澳门陆地区域内，疑似位于海上"
273610992,2025-04-26T00:00:00,2025-04-26T13:27:05,False,113.5524973,22.14098475,Plantae,Plantae,Tracheophyta,Magnoliopsida,Lamiales,Linderniaceae,Torenia,Torenia crustacea,,"坐标(113.5524973, 22.14098475)不在澳门陆地区域内，疑似位于海上"
273611216,2025-04-26T00:00:00,2025-04-26T13:27:59,False,113.552611,22.141355,Plantae,Plantae,Tracheophyta,Magnoliopsida,Oxalidales,Oxalidaceae,Oxalis,Oxalis corniculata,,"坐标(113.552611, 22.141355)不在澳门陆地区域内，疑似位于海上"
273612278,2025-04-26T00:00:00,2025-04-26T13:29:22,False,113.55263,22.141258,Plantae,Plantae,Tracheophyta,Magnoliopsida,Oxalidales,Oxalidaceae,Oxalis,Oxalis debilis,,"坐标(113.55263, 22.141258)不在澳门陆地区域内，疑似位于海上"
273616541,2025-04-26T00:00:00,2025-04-26T13:44:01,False,113.5350621,22.18520915,Fungi,Fungi,Ascomycota,Lecanoromycetes,Lecanorales,Stereocaulaceae,Lepraria,Lepraria neglecta,,"坐标(113.5350621, 22.18520915)不在澳门陆地区域内，疑似位于海上"
273616650,2025-04-26T00:00:00,2025-04-26T13:44:04,False,113.5351633,22.18507,Fungi,Fungi,Ascomycota,Lecanoromycetes,Caliciales,Caliciaceae,Pyxine,Pyxine subcinerea,,"坐标(113.5351633, 22.18507)不在澳门陆地区域内，疑似位于海上"
273617090,2025-04-26T00:00:00,2025-04-26T13:45:49,False,113.5311967,22.18588833,Aves,Animalia,Chordata,Aves,Passeriformes,Muscicapidae,Copsychus,Copsychus saularis,,"坐标(113.5311967, 22.18588833)不在澳门陆地区域内，疑似位于海上"
273618938,2025-04-26T00:00:00,2025-04-26T13:50:00,False,113.5343092,22.18405005,Plantae,Plantae,Tracheophyta,Magnoliopsida,Malpighiales,Euphorbiaceae,Euphorbia,Euphorbia makinoi,,"坐标(113.5343092, 22.18405005)不在澳门陆地区域内，疑似位于海上"
273618945,2025-04-26T00:00:00,2025-04-26T13:47:07,False,113.5346336,22.18414724,Plantae,Plantae,Tracheophyta,Magnoliopsida,Malpighiales,Euphorbiaceae,Euphorbia,Euphorbia makinoi,,"坐标(113.5346336, 22.18414724)不在澳门陆地区域内，疑似位于海上"
273619289,2025-04-26T00:00:00,2025-04-26T13:52:25,False,113.5343291,22.18404952,Plantae,Plantae,Tracheophyta,Magnoliopsida,Malpighiales,Phyllanthaceae,Phyllanthus,Phyllanthus debilis,,"坐标(113.5343291, 22.18404952)不在澳门陆地区域内，疑似位于海上"
273619332,2025-04-26T00:00:00,2025-04-26T13:52:33,False,113.5342716,22.18400616,Plantae,Plantae,Tracheophyta,Magnoliopsida,Malpighiales,Phyllanthaceae,Phyllanthus,Phyllanthus debilis,,"坐标(113.5342716, 22.18400616)不在澳门陆地区域内，疑似位于海上"
273619726,2025-04-26T00:00:00,2025-04-26T13:53:51,False,113.5342594,22.18401556,Fungi,Fungi,Ascomycota,Lecanoromycetes,Ostropales,Phlyctidaceae,Phlyctis,Phlyctis argena,,"坐标(113.5342594, 22.18401556)不在澳门陆地区域内，疑似位于海上"
273619730,2025-04-26T00:00:00,2025-04-26T13:54:17,False,113.5342978,22.18383225,Fungi,Fungi,Ascomycota,Lecanoromycetes,Caliciales,Caliciaceae,Dirinaria,Dirinaria applanata,,"坐标(113.5342978, 22.18383225)不在澳门陆地区域内，疑似位于海上"
273620378,2025-04-26T00:00:00,2025-04-26T13:56:22,False,113.5336011,22.183698,Plantae,Plantae,Tracheophyta,Liliopsida,Commelinales,Commelinaceae,Tradescantia,Tradescantia pallida,,"坐标(113.5336011, 22.183698)不在澳门陆地区域内，疑似位于海上"
273620395,2025-04-26T00:00:00,2025-04-26T13:56:22,False,113.5335322,22.18348544,Plantae,Plantae,Tracheophyta,Liliopsida,Commelinales,Commelinaceae,Tradescantia,Tradescantia pallida,,"坐标(113.5335322, 22.18348544)不在澳门陆地区域内，疑似位于海上"
273622513,2025-04-26T00:00:00,2025-04-26T13:57:20,False,113.5333258,22.18181259,Plantae,Plantae,Tracheophyta,Magnoliopsida,Gentianales,Apocynaceae,Catharanthus,Catharanthus roseus,,"坐标(113.5333258, 22.18181259)不在澳门陆地区域内，疑似位于海上"
273622545,2025-04-26T00:00:00,2025-04-26T14:03:27,False,113.5332417,22.181895,Plantae,Plantae,Tracheophyta,Magnoliopsida,Gentianales,Apocynaceae,Catharanthus,Catharanthus roseus,,"坐标(113.5332417, 22.181895)不在澳门陆地区域内，疑似位于海上"
273625146,2025-04-26T00:00:00,2025-04-26T14:11:55,False,113.532295,22.18141167,Aves,Animalia,Chordata,Aves,Passeriformes,Passeridae,Passer,Passer montanus,,"坐标(113.532295, 22.18141167)不在澳门陆地区域内，疑似位于海上"
273625636,2025-04-26T00:00:00,2025-04-26T14:07:41,False,113.5320347,22.1814472,Aves,Animalia,Chordata,Aves,Passeriformes,Passeridae,Passer,Passer montanus,,"坐标(113.5320347, 22.1814472)不在澳门陆地区域内，疑似位于海上"
273627300,2025-04-26T00:00:00,2025-04-26T14:19:32,False,113.530555,22.182175,Plantae,Plantae,Tracheophyta,Magnoliopsida,Gentianales,Rubiaceae,Ixora,Ixora chinensis,,"坐标(113.530555, 22.182175)不在澳门陆地区域内，疑似位于海上"
273627402,2025-04-26T00:00:00,2025-04-26T14:15:22,False,113.5305798,22.18223624,Plantae,Plantae,Tracheophyta,Magnoliopsida,Gentianales,Rubiaceae,Ixora,Ixora chinensis,,"坐标(113.5305798, 22.18223624)不在澳门陆地区域内，疑似位于海上"
273627964,2025-04-26T00:00:00,2025-04-26T14:21:40,True,113.530555,22.18225,Plantae,Plantae,Tracheophyta,Magnoliopsida,Caryophyllales,Nyctaginaceae,Bougainvillea,Bougainvillea glabra,,"坐标(113.530555, 22.18225)不在澳门陆地区域内，疑似位于海上"
273628059,2025-04-26T00:00:00,2025-04-26T14:22:24,True,113.5305484,22.18229649,Plantae,Plantae,Tracheophyta,Magnoliopsida,Caryophyllales,Nyctaginaceae,Bougainvillea,Bougainvillea glabra,,"坐标(113.5305484, 22.18229649)不在澳门陆地区域内，疑似位于海上"
273628491,2025-04-26T00:00:00,2025-04-26T14:23:22,False,113.5304599,22.18217994,Plantae,Plantae,Tracheophyta,Magnoliopsida,Ericales,Balsaminaceae,Impatiens,Impatiens walleriana,,"坐标(113.5304599, 22.18217994)不在澳门陆地区域内，疑似位于海上"
273628581,2025-04-26T00:00:00,2025-04-26T14:23:25,False,113.5304653,22.18219471,Plantae,Plantae,Tracheophyta,Magnoliopsida,Ericales,Balsaminaceae,Impatiens,Impatiens walleriana,,"坐标(113.5304653, 22.18219471)不在澳门陆地区域内，疑似位于海上"
273628617,2025-04-26T00:00:00,2025-04-26T14:23:53,False,113.5301237,22.18252961,Plantae,Plantae,Tracheophyta,Magnoliopsida,Rosales,Urticaceae,Pilea,Pilea microphylla,,"坐标(113.5301237, 22.18252961)不在澳门陆地区域内，疑似位于海上"
273628720,2025-04-26T00:00:00,2025-04-26T14:24:14,False,113.5304242,22.1821506,Plantae,Plantae,Tracheophyta,Magnoliopsida,Rosales,Urticaceae,Pilea,Pilea microphylla,,"坐标(113.5304242, 22.1821506)不在澳门陆地区域内，疑似位于海上"
273629263,2025-04-26T00:00:00,2025-04-26T14:24:48,False,113.5305125,22.18222428,Plantae,Plantae,Tracheophyta,Magnoliopsida,Apiales,Araliaceae,Polyscias,Polyscias scutellaria,,"坐标(113.5305125, 22.18222428)不在澳门陆地区域内，疑似位于海上"
273629454,2025-04-26T00:00:00,2025-04-26T14:25:35,False,113.5301302,22.1825337,Plantae,Plantae,Tracheophyta,Magnoliopsida,Apiales,Araliaceae,Polyscias,Polyscias scutellaria,,"坐标(113.5301302, 22.1825337)不在澳门陆地区域内，疑似位于海上"
273629773,2025-04-26T00:00:00,2025-04-26T14:27:49,False,113.5301488,22.18265809,Plantae,Plantae,Tracheophyta,Magnoliopsida,Cornales,Hydrangeaceae,Hydrangea,Hydrangea macrophylla,,"坐标(113.5301488, 22.18265809)不在澳门陆地区域内，疑似位于海上"
273629776,2025-04-26T00:00:00,2025-04-26T14:27:35,False,113.5302813,22.18264615,Plantae,Plantae,Tracheophyta,Magnoliopsida,Cornales,Hydrangeaceae,Hydrangea,Hydrangea macrophylla,,"坐标(113.5302813, 22.18264615)不在澳门陆地区域内，疑似位于海上"
273630081,2025-04-26T00:00:00,2025-04-26T14:23:50,False,113.5314333,22.18487167,Aves,Animalia,Chordata,Aves,Accipitriformes,Accipitridae,Milvus,Milvus migrans,,"坐标(113.5314333, 22.18487167)不在澳门陆地区域内，疑似位于海上"
273630238,2025-04-26T00:00:00,2025-04-26T14:29:00,False,113.5305377,22.18282103,Plantae,Plantae,Tracheophyta,Magnoliopsida,Lamiales,Verbenaceae,Petrea,Petrea volubilis,,"坐标(113.5305377, 22.18282103)不在澳门陆地区域内，疑似位于海上"
273630282,2025-04-26T00:00:00,2025-04-26T14:28:48,False,113.5302551,22.18287527,Plantae,Plantae,Tracheophyta,Magnoliopsida,Lamiales,Verbenaceae,Petrea,Petrea volubilis,,"坐标(113.5302551, 22.18287527)不在澳门陆地区域内，疑似位于海上"
273630969,2025-04-26T00:00:00,2025-04-26T14:29:25,False,113.5358094,22.17974722,Plantae,Plantae,Tracheophyta,Liliopsida,Arecales,Arecaceae,Livistona,Livistona chinensis,,"坐标(113.5358094, 22.17974722)不在澳门陆地区域内，疑似位于海上"
273631400,2025-04-26T00:00:00,2025-04-26T14:29:47,False,113.5343083,22.17956667,Plantae,Plantae,Tracheophyta,Liliopsida,Arecales,Arecaceae,Roystonea,Roystonea regia,,"坐标(113.5343083, 22.17956667)不在澳门陆地区域内，疑似位于海上"
273631796,2025-04-26T00:00:00,2025-04-26T14:34:00,False,113.5313033,22.18433,Plantae,Plantae,Tracheophyta,Magnoliopsida,Lamiales,Verbenaceae,Lantana,Lantana camara,,"坐标(113.5313033, 22.18433)不在澳门陆地区域内，疑似位于海上"
273631861,2025-04-26T00:00:00,2025-04-26T14:32:12,False,113.5399359,22.16504902,Plantae,Plantae,Tracheophyta,Magnoliopsida,Myrtales,Combretaceae,Terminalia,Terminalia catappa,,"坐标(113.5399359, 22.16504902)不在澳门陆地区域内，疑似位于海上"
273632220,2025-04-26T00:00:00,2025-04-26T14:34:06,False,113.5316364,22.18471796,Aves,Animalia,Chordata,Aves,Columbiformes,Columbidae,Spilopelia,Spilopelia chinensis,,"坐标(113.5316364, 22.18471796)不在澳门陆地区域内，疑似位于海上"
273632289,2025-04-26T00:00:00,2025-04-26T14:33:39,False,113.5420538,22.15644448,Plantae,Plantae,Tracheophyta,Liliopsida,Arecales,Arecaceae,Dypsis,Dypsis lutescens,,"坐标(113.5420538, 22.15644448)不在澳门陆地区域内，疑似位于海上"
273632394,2025-04-26T00:00:00,2025-04-26T14:33:54,False,113.5426756,22.15523919,Plantae,Plantae,Tracheophyta,Magnoliopsida,Lamiales,Bignoniaceae,Tabebuia,Tabebuia rosea,,"坐标(113.5426756, 22.15523919)不在澳门陆地区域内，疑似位于海上"
273632449,2025-04-26T00:00:00,2025-04-26T14:34:06,True,113.5432688,22.15446383,Plantae,Plantae,Tracheophyta,Magnoliopsida,Gentianales,Apocynaceae,Nerium,Nerium oleander,,"坐标(113.5432688, 22.15446383)不在澳门陆地区域内，疑似位于海上"
273632560,2025-04-26T00:00:00,2025-04-26T14:36:10,True,113.5419833,22.15644167,Plantae,Plantae,Tracheophyta,Liliopsida,Arecales,Arecaceae,Rhapis,Rhapis excelsa,,"坐标(113.5419833, 22.15644167)不在澳门陆地区域内，疑似位于海上"
273632715,2025-04-26T00:00:00,2025-04-26T14:37:34,False,113.5509553,22.11753247,Aves,Animalia,Chordata,Aves,Pelecaniformes,Ardeidae,Egretta,Egretta garzetta,,"坐标(113.5509553, 22.11753247)不在澳门陆地区域内，疑似位于海上"
273632760,2025-04-26T00:00:00,2025-04-26T14:37:42,False,113.5510205,22.11751041,Aves,Animalia,Chordata,Aves,Pelecaniformes,Ardeidae,Egretta,Egretta garzetta,,"坐标(113.5510205, 22.11751041)不在澳门陆地区域内，疑似位于海上"
273632791,2025-04-26T00:00:00,2025-04-26T14:35:14,False,113.5315783,22.1844,Aves,Animalia,Chordata,Aves,Columbiformes,Columbidae,Spilopelia,Spilopelia chinensis,,"坐标(113.5315783, 22.1844)不在澳门陆地区域内，疑似位于海上"
273633150,2025-04-26T00:00:00,2025-04-26T14:38:29,False,113.5320216,22.18507659,Plantae,Plantae,Tracheophyta,Magnoliopsida,Lamiales,Plantaginaceae,Russelia,Russelia equisetiformis,,"坐标(113.5320216, 22.18507659)不在澳门陆地区域内，疑似位于海上"
273633151,2025-04-26T00:00:00,2025-04-26T14:38:27,False,113.5324467,22.18488,Plantae,Plantae,Tracheophyta,Magnoliopsida,Lamiales,Plantaginaceae,Russelia,Russelia equisetiformis,,"坐标(113.5324467, 22.18488)不在澳门陆地区域内，疑似位于海上"
273633202,2025-04-26T00:00:00,2025-04-26T14:39:11,False,113.5520504,22.14089773,Aves,Animalia,Chordata,Aves,Passeriformes,Cisticolidae,Orthotomus,Orthotomus sutorius,,"坐标(113.5520504, 22.14089773)不在澳门陆地区域内，疑似位于海上"
273634197,2025-04-26T00:00:00,2025-04-26T14:41:33,False,113.5337367,22.185025,Plantae,Plantae,Tracheophyta,Magnoliopsida,Fabales,Fabaceae,Leucaena,Leucaena leucocephala,,"坐标(113.5337367, 22.185025)不在澳门陆地区域内，疑似位于海上"
273634252,2025-04-26T00:00:00,2025-04-26T14:41:35,False,113.5337905,22.18530319,Plantae,Plantae,Tracheophyta,Magnoliopsida,Fabales,Fabaceae,Leucaena,Leucaena leucocephala,,"坐标(113.5337905, 22.18530319)不在澳门陆地区域内，疑似位于海上"
273634643,2025-04-26T00:00:00,2025-04-26T14:43:04,False,113.534128,22.18539125,Plantae,Plantae,Tracheophyta,Magnoliopsida,Lamiales,Bignoniaceae,Pyrostegia,Pyrostegia venusta,,"坐标(113.534128, 22.18539125)不在澳门陆地区域内，疑似位于海上"
273634658,2025-04-26T00:00:00,2025-04-26T14:42:59,False,113.53408,22.18535333,Plantae,Plantae,Tracheophyta,Magnoliopsida,Lamiales,Bignoniaceae,Pyrostegia,Pyrostegia venusta,,"坐标(113.53408, 22.18535333)不在澳门陆地区域内，疑似位于海上"
273652936,2025-04-26T00:00:00,2025-04-26T15:37:09,False,113.572803,22.11289074,Animalia,Animalia,Arthropoda,Malacostraca,Isopoda,Ligiidae,Ligia,Ligia exotica,,"坐标(113.572803, 22.11289074)不在澳门陆地区域内，疑似位于海上"
273654105,2025-04-26T00:00:00,2025-04-26T15:37:41,False,113.5720161,22.11271472,Animalia,Animalia,Arthropoda,Malacostraca,Isopoda,Ligiidae,Ligia,Ligia exotica,,"坐标(113.5720161, 22.11271472)不在澳门陆地区域内，疑似位于海上"
273654252,2025-04-26T00:00:00,2025-04-26T15:41:24,False,113.5719521,22.11267956,Plantae,Plantae,Tracheophyta,Magnoliopsida,Saxifragales,Haloragaceae,Myriophyllum,Myriophyllum aquaticum,,"坐标(113.5719521, 22.11267956)不在澳门陆地区域内，疑似位于海上"
273654685,2025-04-26T00:00:00,2025-04-26T15:41:58,False,113.5719825,22.11264881,Animalia,Animalia,Arthropoda,Hexanauplia,Balanomorpha,Balanidae,Amphibalanus,Amphibalanus amphitrite,,"坐标(113.5719825, 22.11264881)不在澳门陆地区域内，疑似位于海上"
273657083,2025-04-26T00:00:00,2025-04-26T15:44:20,False,113.5719383,22.11266383,Amphibia,Animalia,Chordata,Amphibia,Anura,Microhylidae,Microhyla,Microhyla fissipes,,"坐标(113.5719383, 22.11266383)不在澳门陆地区域内，疑似位于海上"
273658454,2025-04-26T00:00:00,2025-04-26T15:44:23,False,113.5719383,22.1126695,Insecta,Animalia,Arthropoda,Insecta,Hemiptera,Flatidae,Lawana,Lawana imitata,,"坐标(113.5719383, 22.1126695)不在澳门陆地区域内，疑似位于海上"
273658633,2025-04-26T00:00:00,2025-04-26T15:53:35,False,113.571245,22.1122805,Plantae,Plantae,Tracheophyta,Liliopsida,Poales,Poaceae,Neyraudia,Neyraudia reynaudiana,,"坐标(113.571245, 22.1122805)不在澳门陆地区域内，疑似位于海上"
273660401,2025-04-26T00:00:00,2025-04-26T15:59:44,False,113.5694815,22.11196356,Plantae,Plantae,Tracheophyta,Magnoliopsida,Sapindales,Simaroubaceae,Brucea,Brucea javanica,,"坐标(113.5694815, 22.11196356)不在澳门陆地区域内，疑似位于海上"
273660753,2025-04-26T00:00:00,2025-04-26T16:00:51,False,113.5693752,22.11195623,Plantae,Plantae,Tracheophyta,Magnoliopsida,Fabales,Fabaceae,Rhynchosia,Rhynchosia minima,,"坐标(113.5693752, 22.11195623)不在澳门陆地区域内，疑似位于海上"
273661194,2025-04-26T00:00:00,2025-04-26T16:02:11,False,113.5692986,22.11196414,Plantae,Plantae,Tracheophyta,Magnoliopsida,Cucurbitales,Cucurbitaceae,Coccinia,Coccinia grandis,,"坐标(113.5692986, 22.11196414)不在澳门陆地区域内，疑似位于海上"
273661195,2025-04-26T00:00:00,2025-04-26T16:01:57,False,113.5692383,22.11194388,Plantae,Plantae,Tracheophyta,Magnoliopsida,Cucurbitales,Cucurbitaceae,Coccinia,Coccinia grandis,,"坐标(113.5692383, 22.11194388)不在澳门陆地区域内，疑似位于海上"
273661290,2025-04-26T00:00:00,2025-04-26T16:02:12,False,113.5691468,22.11195485,Plantae,Plantae,Tracheophyta,Magnoliopsida,Rosales,Moraceae,Ficus,Ficus religiosa,,"坐标(113.5691468, 22.11195485)不在澳门陆地区域内，疑似位于海上"
273661420,2025-04-26T00:00:00,2025-04-26T16:02:38,False,113.5691973,22.11193364,Plantae,Plantae,Tracheophyta,Magnoliopsida,Rosales,Moraceae,Ficus,Ficus religiosa,,"坐标(113.5691973, 22.11193364)不在澳门陆地区域内，疑似位于海上"
273672225,2025-04-26T00:00:00,2025-04-26T15:28:57,False,113.5501778,22.11779444,Animalia,Animalia,Arthropoda,Malacostraca,Decapoda,Grapsidae,Metopograpsus,Metopograpsus quadridentatus,,"坐标(113.5501778, 22.11779444)不在澳门陆地区域内，疑似位于海上"
273672691,2025-04-26T00:00:00,2025-04-26T16:02:18,False,113.5692283,22.11192783,Plantae,Plantae,Tracheophyta,Magnoliopsida,Rosales,Moraceae,Ficus,Ficus religiosa,,"坐标(113.5692283, 22.11192783)不在澳门陆地区域内，疑似位于海上"
273690309,2025-04-26T00:00:00,2025-04-26T17:16:49,False,113.5514834,22.11602418,Aves,Animalia,Chordata,Aves,Passeriformes,Pycnonotidae,Pycnonotus,Pycnonotus jocosus,,"坐标(113.5514834, 22.11602418)不在澳门陆地区域内，疑似位于海上"
273690442,2025-04-26T00:00:00,2025-04-26T17:18:18,False,113.5516283,22.15227217,Aves,Animalia,Chordata,Aves,Passeriformes,Sturnidae,Acridotheres,Acridotheres cristatellus,,"坐标(113.5516283, 22.15227217)不在澳门陆地区域内，疑似位于海上"
273690941,2025-04-26T00:00:00,2025-04-26T16:30:28,False,113.5515486,22.11703844,Plantae,Plantae,Tracheophyta,Magnoliopsida,Rosales,Urticaceae,Pilea,Pilea cadierei,,"坐标(113.5515486, 22.11703844)不在澳门陆地区域内，疑似位于海上"
273691480,2025-04-26T00:00:00,2025-04-26T17:21:29,True,113.5706523,22.18102674,Aves,Animalia,Chordata,Aves,Psittaciformes,Psittacidae,Psittacus,Psittacus erithacus,,"坐标(113.5706523, 22.18102674)不在澳门陆地区域内，疑似位于海上"
273695405,2025-04-26T00:00:00,2025-04-26T11:33:00,False,113.5609646,22.18327129,Plantae,Plantae,Tracheophyta,Magnoliopsida,Malpighiales,Euphorbiaceae,Euphorbia,Euphorbia hirta,,"坐标(113.5609646, 22.18327129)不在澳门陆地区域内，疑似位于海上"
273695597,2025-04-26T00:00:00,2025-04-26T11:33:00,False,113.5611298,22.18327156,Plantae,Plantae,Tracheophyta,Magnoliopsida,Oxalidales,Oxalidaceae,Oxalis,Oxalis debilis,,"坐标(113.5611298, 22.18327156)不在澳门陆地区域内，疑似位于海上"
273703025,2025-04-26T00:00:00,2025-04-26T17:51:19,False,113.5297248,22.18392461,Plantae,Plantae,Tracheophyta,Liliopsida,Poales,Poaceae,Paspalum,Paspalum vaginatum,,"坐标(113.5297248, 22.18392461)不在澳门陆地区域内，疑似位于海上"
273703361,2025-04-26T00:00:00,2025-04-26T17:51:41,False,113.5297344,22.18395529,Insecta,Animalia,Arthropoda,Insecta,Hymenoptera,Formicidae,Paratrechina,Paratrechina longicornis,,"坐标(113.5297344, 22.18395529)不在澳门陆地区域内，疑似位于海上"
273703422,2025-04-26T00:00:00,2025-04-26T17:51:38,False,113.52967,22.18404167,Insecta,Animalia,Arthropoda,Insecta,Hymenoptera,Formicidae,Paratrechina,Paratrechina longicornis,,"坐标(113.52967, 22.18404167)不在澳门陆地区域内，疑似位于海上"
273703920,2025-04-26T00:00:00,2025-04-26T17:52:40,False,113.5295986,22.18418088,Plantae,Plantae,Tracheophyta,Magnoliopsida,Asterales,Asteraceae,Emilia,Emilia sonchifolia,,"坐标(113.5295986, 22.18418088)不在澳门陆地区域内，疑似位于海上"
273705030,2025-04-26T00:00:00,2025-04-26T17:54:56,False,113.5291857,22.18421778,Aves,Animalia,Chordata,Aves,Columbiformes,Columbidae,Spilopelia,Spilopelia chinensis,,"坐标(113.5291857, 22.18421778)不在澳门陆地区域内，疑似位于海上"
273705458,2025-04-26T00:00:00,2025-04-26T17:51:20,False,113.529625,22.18402833,Plantae,Plantae,Tracheophyta,Liliopsida,Poales,Poaceae,Dichanthium,Dichanthium aristatum,,"坐标(113.529625, 22.18402833)不在澳门陆地区域内，疑似位于海上"
273705721,2025-04-26T00:00:00,2025-04-26T17:57:42,False,113.5500719,22.11898015,Animalia,Animalia,Arthropoda,Hexanauplia,Balanomorpha,Balanidae,Amphibalanus,Amphibalanus amphitrite,,"坐标(113.5500719, 22.11898015)不在澳门陆地区域内，疑似位于海上"
273706146,2025-04-26T00:00:00,2025-04-26T17:57:19,False,113.52925,22.18426333,Plantae,Plantae,Tracheophyta,Magnoliopsida,Apiales,Apiaceae,Coriandrum,Coriandrum sativum,,"坐标(113.52925, 22.18426333)不在澳门陆地区域内，疑似位于海上"
273707180,2025-04-26T00:00:00,2025-04-26T18:00:13,False,113.5291667,22.18422833,Aves,Animalia,Chordata,Aves,Pelecaniformes,Ardeidae,Ardea,Ardea coromanda,,"坐标(113.5291667, 22.18422833)不在澳门陆地区域内，疑似位于海上"
273707525,2025-04-26T00:00:00,2025-04-26T18:02:46,False,113.529233,22.18425381,Plantae,Plantae,Tracheophyta,Liliopsida,Acorales,Acoraceae,Acorus,Acorus gramineus,,"坐标(113.529233, 22.18425381)不在澳门陆地区域内，疑似位于海上"
273707709,2025-04-26T00:00:00,2025-04-26T18:03:31,False,113.5291862,22.18428478,Plantae,Plantae,Tracheophyta,Liliopsida,Poales,Poaceae,Eragrostis,Eragrostis tenella,,"坐标(113.5291862, 22.18428478)不在澳门陆地区域内，疑似位于海上"
273708036,2025-04-26T00:00:00,2025-04-26T17:54:52,False,113.52938,22.184395,Aves,Animalia,Chordata,Aves,Columbiformes,Columbidae,Spilopelia,Spilopelia chinensis,,"坐标(113.52938, 22.184395)不在澳门陆地区域内，疑似位于海上"
273708493,2025-04-26T00:00:00,2025-04-26T18:03:57,False,113.5292665,22.18423109,Plantae,Plantae,Tracheophyta,Liliopsida,Poales,Poaceae,Phyllostachys,Phyllostachys nigra,,"坐标(113.5292665, 22.18423109)不在澳门陆地区域内，疑似位于海上"
273708565,2025-04-26T00:00:00,2025-04-26T18:04:55,False,113.5293337,22.184204,Plantae,Plantae,Tracheophyta,Magnoliopsida,Brassicales,Brassicaceae,Nasturtium,Nasturtium officinale,,"坐标(113.5293337, 22.184204)不在澳门陆地区域内，疑似位于海上"
273708607,2025-04-26T00:00:00,2025-04-26T18:05:27,False,113.5293176,22.18426367,Plantae,Plantae,Tracheophyta,Magnoliopsida,Malpighiales,Euphorbiaceae,Euphorbia,Euphorbia hirta,,"坐标(113.5293176, 22.18426367)不在澳门陆地区域内，疑似位于海上"
273708656,2025-04-26T00:00:00,2025-04-26T18:06:03,False,113.5293462,22.18414717,Plantae,Plantae,Tracheophyta,Magnoliopsida,Malpighiales,Euphorbiaceae,Euphorbia,Euphorbia hirta,,"坐标(113.5293462, 22.18414717)不在澳门陆地区域内，疑似位于海上"
273708842,2025-04-26T00:00:00,2025-04-26T18:06:38,False,113.5294,22.1840829,Plantae,Plantae,Tracheophyta,Liliopsida,Poales,Poaceae,Bambusa,Bambusa vulgaris,,"坐标(113.5294, 22.1840829)不在澳门陆地区域内，疑似位于海上"
273708917,2025-04-26T00:00:00,2025-04-26T18:04:56,False,113.5292133,22.184255,Plantae,Plantae,Tracheophyta,Liliopsida,Poales,Poaceae,Phyllostachys,Phyllostachys nigra,,"坐标(113.5292133, 22.184255)不在澳门陆地区域内，疑似位于海上"
273709348,2025-04-26T00:00:00,2025-04-26T18:08:09,False,113.5293699,22.18404213,Plantae,Plantae,Tracheophyta,Magnoliopsida,Rosales,Urticaceae,Pilea,Pilea nummulariifolia,,"坐标(113.5293699, 22.18404213)不在澳门陆地区域内，疑似位于海上"
273709645,2025-04-26T00:00:00,2025-04-26T18:07:41,False,113.5963907,22.13996519,Reptilia,Animalia,Chordata,Reptilia,Testudines,Geoemydidae,Mauremys,Mauremys sinensis,,"坐标(113.5963907, 22.13996519)不在澳门陆地区域内，疑似位于海上"
273710340,2025-04-26T00:00:00,2025-04-26T18:10:33,False,113.5294349,22.18392063,Plantae,Plantae,Tracheophyta,Magnoliopsida,Asterales,Asteraceae,Erigeron,Erigeron sumatrensis,,"坐标(113.5294349, 22.18392063)不在澳门陆地区域内，疑似位于海上"
273710610,2025-04-26T00:00:00,2025-04-26T18:11:32,False,113.529487,22.18384261,Plantae,Plantae,Tracheophyta,Magnoliopsida,Malvales,Malvaceae,Hibiscus,Hibiscus rosa-sinensis,,"坐标(113.529487, 22.18384261)不在澳门陆地区域内，疑似位于海上"
273710646,2025-04-26T00:00:00,2025-04-26T18:11:32,True,113.5294381,22.18383522,Plantae,Plantae,Tracheophyta,Liliopsida,Asparagales,Asparagaceae,Asparagus,Asparagus densiflorus,,"坐标(113.5294381, 22.18383522)不在澳门陆地区域内，疑似位于海上"
273710750,2025-04-26T00:00:00,2025-04-26T18:12:08,True,113.5294724,22.18383137,Plantae,Plantae,Tracheophyta,Liliopsida,Asparagales,Asparagaceae,Asparagus,Asparagus densiflorus,,"坐标(113.5294724, 22.18383137)不在澳门陆地区域内，疑似位于海上"
273710978,2025-04-26T00:00:00,2025-04-26T18:12:26,True,113.5294542,22.18379945,Plantae,Plantae,Tracheophyta,Magnoliopsida,Caryophyllales,Nyctaginaceae,Bougainvillea,Bougainvillea glabra,,"坐标(113.5294542, 22.18379945)不在澳门陆地区域内，疑似位于海上"
273710981,2025-04-26T00:00:00,2025-04-26T18:12:26,True,113.5294444,22.18381308,Plantae,Plantae,Tracheophyta,Magnoliopsida,Caryophyllales,Nyctaginaceae,Bougainvillea,Bougainvillea glabra,,"坐标(113.5294444, 22.18381308)不在澳门陆地区域内，疑似位于海上"
273711382,2025-04-26T00:00:00,2025-04-26T18:13:32,False,113.5294747,22.18372136,Plantae,Plantae,Tracheophyta,Magnoliopsida,Gentianales,Apocynaceae,Catharanthus,Catharanthus roseus,,"坐标(113.5294747, 22.18372136)不在澳门陆地区域内，疑似位于海上"
273711383,2025-04-26T00:00:00,2025-04-26T18:13:29,False,113.5294641,22.18370932,Plantae,Plantae,Tracheophyta,Magnoliopsida,Gentianales,Apocynaceae,Catharanthus,Catharanthus roseus,,"坐标(113.5294641, 22.18370932)不在澳门陆地区域内，疑似位于海上"
273711641,2025-04-26T00:00:00,2025-04-26T18:10:48,False,113.5294333,22.18393,Insecta,Animalia,Arthropoda,Insecta,Diptera,Culicidae,Aedes,Aedes albopictus,,"坐标(113.5294333, 22.18393)不在澳门陆地区域内，疑似位于海上"
273711825,2025-04-26T00:00:00,2025-04-26T18:10:48,False,113.5294417,22.18390333,Insecta,Animalia,Arthropoda,Insecta,Diptera,Culicidae,Aedes,Aedes albopictus,,"坐标(113.5294417, 22.18390333)不在澳门陆地区域内，疑似位于海上"
273711880,2025-04-26T00:00:00,2025-04-26T18:14:53,False,113.5294333,22.18357034,Plantae,Plantae,Tracheophyta,Magnoliopsida,Cornales,Hydrangeaceae,Hydrangea,Hydrangea macrophylla,,"坐标(113.5294333, 22.18357034)不在澳门陆地区域内，疑似位于海上"
273712164,2025-04-26T00:00:00,2025-04-26T18:15:43,False,113.5293535,22.18353576,Plantae,Plantae,Tracheophyta,Liliopsida,Arecales,Arecaceae,Dypsis,Dypsis lutescens,,"坐标(113.5293535, 22.18353576)不在澳门陆地区域内，疑似位于海上"
273712424,2025-04-26T00:00:00,2025-04-26T18:16:13,False,113.5293501,22.18367476,Plantae,Plantae,Tracheophyta,Magnoliopsida,Sapindales,Meliaceae,Aglaia,Aglaia odorata,,"坐标(113.5293501, 22.18367476)不在澳门陆地区域内，疑似位于海上"
273715512,2025-04-26T00:00:00,2025-04-26T18:23:35,False,113.5297,22.18437167,Aves,Animalia,Chordata,Aves,Passeriformes,Passeridae,Passer,Passer montanus,,"坐标(113.5297, 22.18437167)不在澳门陆地区域内，疑似位于海上"
273715540,2025-04-26T00:00:00,2025-04-26T18:23:36,False,113.529695,22.18433333,Aves,Animalia,Chordata,Aves,Passeriformes,Passeridae,Passer,Passer montanus,,"坐标(113.529695, 22.18433333)不在澳门陆地区域内，疑似位于海上"
273718175,2025-04-26T00:00:00,2025-04-26T18:31:08,False,113.5302133,22.18358038,Plantae,Plantae,Tracheophyta,Magnoliopsida,Myrtales,Myrtaceae,Melaleuca,Melaleuca citrina,,"坐标(113.5302133, 22.18358038)不在澳门陆地区域内，疑似位于海上"
273719933,2025-04-26T00:00:00,2025-04-26T18:35:45,False,113.5294583,22.18454481,Plantae,Plantae,Tracheophyta,Magnoliopsida,Lamiales,Acanthaceae,Crossandra,Crossandra infundibuliformis,,"坐标(113.5294583, 22.18454481)不在澳门陆地区域内，疑似位于海上"
273720142,2025-04-26T00:00:00,2025-04-26T18:36:30,False,113.5294751,22.18456586,Plantae,Plantae,Tracheophyta,Magnoliopsida,Aquifoliales,Aquifoliaceae,Ilex,Ilex rotunda,,"坐标(113.5294751, 22.18456586)不在澳门陆地区域内，疑似位于海上"
273720261,2025-04-26T00:00:00,2025-04-26T18:36:26,False,113.5294954,22.1846909,Plantae,Plantae,Tracheophyta,Magnoliopsida,Lamiales,Acanthaceae,Crossandra,Crossandra infundibuliformis,,"坐标(113.5294954, 22.1846909)不在澳门陆地区域内，疑似位于海上"
273720822,2025-04-26T00:00:00,2025-04-26T18:37:12,False,113.5295278,22.18494262,Plantae,Plantae,Tracheophyta,Magnoliopsida,Ericales,Ericaceae,Rhododendron,Rhododendron indicum,,"坐标(113.5295278, 22.18494262)不在澳门陆地区域内，疑似位于海上"
273721191,2025-04-26T00:00:00,2025-04-26T18:38:50,False,113.5295336,22.18518715,Plantae,Plantae,Tracheophyta,Magnoliopsida,Lamiales,Acanthaceae,Ruellia,Ruellia simplex,,"坐标(113.5295336, 22.18518715)不在澳门陆地区域内，疑似位于海上"
273721194,2025-04-26T00:00:00,2025-04-26T18:38:53,False,113.5295123,22.18512631,Plantae,Plantae,Tracheophyta,Magnoliopsida,Lamiales,Acanthaceae,Ruellia,Ruellia simplex,,"坐标(113.5295123, 22.18512631)不在澳门陆地区域内，疑似位于海上"
273723471,2025-04-26T00:00:00,2025-04-26T18:44:42,False,113.5291146,22.18408382,Plantae,Plantae,Tracheophyta,Liliopsida,Zingiberales,Cannaceae,Canna,Canna indica,,"坐标(113.5291146, 22.18408382)不在澳门陆地区域内，疑似位于海上"
273723696,2025-04-26T00:00:00,2025-04-26T18:45:03,False,113.5290996,22.1840666,Plantae,Plantae,Tracheophyta,Liliopsida,Zingiberales,Cannaceae,Canna,Canna glauca,,"坐标(113.5290996, 22.1840666)不在澳门陆地区域内，疑似位于海上"
273723723,2025-04-26T00:00:00,2025-04-26T18:44:46,False,113.5291123,22.18407925,Plantae,Plantae,Tracheophyta,Liliopsida,Zingiberales,Cannaceae,Canna,Canna glauca,,"坐标(113.5291123, 22.18407925)不在澳门陆地区域内，疑似位于海上"
273724775,2025-04-26T00:00:00,2025-04-26T18:47:17,False,113.5297383,22.18573,Plantae,Plantae,Tracheophyta,Magnoliopsida,Cucurbitales,Cucurbitaceae,Coccinia,Coccinia grandis,,"坐标(113.5297383, 22.18573)不在澳门陆地区域内，疑似位于海上"
273726376,2025-04-26T00:00:00,2025-04-26T18:51:07,False,113.5305117,22.18291333,Plantae,Plantae,Tracheophyta,Magnoliopsida,Lamiales,Verbenaceae,Petrea,Petrea volubilis,,"坐标(113.5305117, 22.18291333)不在澳门陆地区域内，疑似位于海上"
273726439,2025-04-26T00:00:00,2025-04-26T18:51:11,False,113.5304921,22.18285184,Plantae,Plantae,Tracheophyta,Magnoliopsida,Lamiales,Verbenaceae,Petrea,Petrea volubilis,,"坐标(113.5304921, 22.18285184)不在澳门陆地区域内，疑似位于海上"
273727166,2025-04-26T00:00:00,2025-04-26T18:53:37,False,113.5305112,22.18240059,Plantae,Plantae,Tracheophyta,Magnoliopsida,Ericales,Balsaminaceae,Impatiens,Impatiens hawkeri,,"坐标(113.5305112, 22.18240059)不在澳门陆地区域内，疑似位于海上"
273727459,2025-04-26T00:00:00,2025-04-26T18:54:15,False,113.556675,22.111407,Insecta,Animalia,Arthropoda,Insecta,Hymenoptera,Formicidae,Monomorium,Monomorium floricola,,"坐标(113.556675, 22.111407)不在澳门陆地区域内，疑似位于海上"
273727475,2025-04-26T00:00:00,2025-04-26T18:54:12,False,113.5305467,22.18232273,Plantae,Plantae,Tracheophyta,Magnoliopsida,Lamiales,Plantaginaceae,Angelonia,Angelonia salicariifolia,,"坐标(113.5305467, 22.18232273)不在澳门陆地区域内，疑似位于海上"
273727490,2025-04-26T00:00:00,2025-04-26T18:54:11,False,113.5306318,22.18235338,Plantae,Plantae,Tracheophyta,Magnoliopsida,Lamiales,Plantaginaceae,Angelonia,Angelonia salicariifolia,,"坐标(113.5306318, 22.18235338)不在澳门陆地区域内，疑似位于海上"
273727621,2025-04-26T00:00:00,2025-04-26T18:54:49,False,113.5305412,22.18224362,Plantae,Plantae,Tracheophyta,Magnoliopsida,Lamiales,Bignoniaceae,Tecomaria,Tecomaria capensis,,"坐标(113.5305412, 22.18224362)不在澳门陆地区域内，疑似位于海上"
273728127,2025-04-26T00:00:00,2025-04-26T18:56:01,True,113.5304272,22.18202096,Plantae,Plantae,Tracheophyta,Magnoliopsida,Gentianales,Apocynaceae,Nerium,Nerium oleander,,"坐标(113.5304272, 22.18202096)不在澳门陆地区域内，疑似位于海上"
273728320,2025-04-26T00:00:00,2025-04-26T18:56:25,False,113.5520319,22.13552539,Aves,Animalia,Chordata,Aves,Gruiformes,Rallidae,Amaurornis,Amaurornis phoenicurus,,"坐标(113.5520319, 22.13552539)不在澳门陆地区域内，疑似位于海上"
273728330,2025-04-26T00:00:00,2025-04-26T18:56:38,False,113.5303816,22.18205457,Plantae,Plantae,Tracheophyta,Magnoliopsida,Lamiales,Verbenaceae,Duranta,Duranta erecta,,"坐标(113.5303816, 22.18205457)不在澳门陆地区域内，疑似位于海上"
273728676,2025-04-26T00:00:00,2025-04-26T18:57:06,False,113.5303965,22.18205696,Plantae,Plantae,Tracheophyta,Liliopsida,Poales,Poaceae,Cenchrus,Cenchrus setaceus,,"坐标(113.5303965, 22.18205696)不在澳门陆地区域内，疑似位于海上"
273728914,2025-04-26T00:00:00,2025-04-26T18:57:53,False,113.5303119,22.1819947,Plantae,Plantae,Tracheophyta,Liliopsida,Asparagales,Asparagaceae,Hosta,Hosta plantaginea,,"坐标(113.5303119, 22.1819947)不在澳门陆地区域内，疑似位于海上"
273729067,2025-04-26T00:00:00,2025-04-26T18:58:18,False,113.55149,22.11214,Plantae,Plantae,Tracheophyta,Magnoliopsida,Ericales,Theaceae,Schima,Schima superba,,"坐标(113.55149, 22.11214)不在澳门陆地区域内，疑似位于海上"
273729092,2025-04-26T00:00:00,2025-04-26T18:58:32,False,113.5304246,22.18200196,Plantae,Plantae,Tracheophyta,Liliopsida,Asparagales,Asparagaceae,Hosta,Hosta plantaginea,,"坐标(113.5304246, 22.18200196)不在澳门陆地区域内，疑似位于海上"
273729382,2025-04-26T00:00:00,2025-04-26T18:59:11,True,113.5305913,22.18207032,Plantae,Plantae,Tracheophyta,Magnoliopsida,Gentianales,Apocynaceae,Nerium,Nerium oleander,,"坐标(113.5305913, 22.18207032)不在澳门陆地区域内，疑似位于海上"
273729847,2025-04-26T00:00:00,2025-04-26T19:00:09,False,113.5552722,22.11214913,Plantae,Plantae,Tracheophyta,Liliopsida,Liliales,Smilacaceae,Smilax,Smilax glabra,,"坐标(113.5552722, 22.11214913)不在澳门陆地区域内，疑似位于海上"
273730324,2025-04-26T00:00:00,2025-04-26T19:00:58,False,113.5903547,22.1393922,Plantae,Plantae,Tracheophyta,Magnoliopsida,Ericales,Ebenaceae,Diospyros,Diospyros vaccinioides,,"坐标(113.5903547, 22.1393922)不在澳门陆地区域内，疑似位于海上"
273731528,2025-04-26T00:00:00,2025-04-26T19:03:49,False,113.554536,22.11217647,Plantae,Plantae,Tracheophyta,Magnoliopsida,Sapindales,Anacardiaceae,Rhus,Rhus chinensis,,"坐标(113.554536, 22.11217647)不在澳门陆地区域内，疑似位于海上"
273732104,2025-04-26T00:00:00,2025-04-26T19:05:15,False,113.5549567,22.11241689,Plantae,Plantae,Tracheophyta,Liliopsida,Liliales,Smilacaceae,Smilax,Smilax glabra,,"坐标(113.5549567, 22.11241689)不在澳门陆地区域内，疑似位于海上"
273734515,2025-04-26T00:00:00,2025-04-26T18:07:06,False,113.5422533,22.15696117,Plantae,Plantae,Tracheophyta,Magnoliopsida,Brassicales,Brassicaceae,Cardamine,Cardamine occulta,,"坐标(113.5422533, 22.15696117)不在澳门陆地区域内，疑似位于海上"
273734615,2025-04-26T00:00:00,2025-04-26T19:11:09,False,113.5515024,22.11821378,Plantae,Plantae,Tracheophyta,Magnoliopsida,Gentianales,Apocynaceae,Allamanda,Allamanda cathartica,,"坐标(113.5515024, 22.11821378)不在澳门陆地区域内，疑似位于海上"
273738303,2025-04-26T00:00:00,2025-04-26T16:24:56,False,113.5532417,22.10487059,Plantae,Plantae,Tracheophyta,Magnoliopsida,Ericales,Ebenaceae,Diospyros,Diospyros vaccinioides,,"坐标(113.5532417, 22.10487059)不在澳门陆地区域内，疑似位于海上"
273739208,2025-04-26T00:00:00,2025-04-26T18:43:52,False,113.5303883,22.18652,Plantae,Plantae,Tracheophyta,Magnoliopsida,Asterales,Asteraceae,Erigeron,Erigeron canadensis,,"坐标(113.5303883, 22.18652)不在澳门陆地区域内，疑似位于海上"
273743323,2025-04-26T00:00:00,2025-04-26T14:59:36,False,113.5520383,22.13708333,Plantae,Plantae,Tracheophyta,Magnoliopsida,Lamiales,Verbenaceae,Lantana,Lantana camara,,"坐标(113.5520383, 22.13708333)不在澳门陆地区域内，疑似位于海上"
273743755,2025-04-26T00:00:00,2025-04-26T14:59:36,False,113.5520383,22.13708333,Plantae,Plantae,Tracheophyta,Magnoliopsida,Malvales,Malvaceae,Hibiscus,Hibiscus rosa-sinensis,,"坐标(113.5520383, 22.13708333)不在澳门陆地区域内，疑似位于海上"
273744197,2025-04-26T00:00:00,2025-04-26T15:08:48,False,113.5520633,22.13971383,Insecta,Animalia,Arthropoda,Insecta,Hymenoptera,Apidae,Apis,Apis cerana,,"坐标(113.5520633, 22.13971383)不在澳门陆地区域内，疑似位于海上"
273745173,2025-04-26T00:00:00,2025-04-26T15:14:13,False,113.5520467,22.13663883,Aves,Animalia,Chordata,Aves,Pelecaniformes,Ardeidae,Egretta,Egretta garzetta,,"坐标(113.5520467, 22.13663883)不在澳门陆地区域内，疑似位于海上"
273750791,2025-04-26T00:00:00,2025-04-26T14:40:13,False,113.5510125,22.11789806,Aves,Animalia,Chordata,Aves,Pelecaniformes,Ardeidae,Egretta,Egretta garzetta,,"坐标(113.5510125, 22.11789806)不在澳门陆地区域内，疑似位于海上"
273816234,2025-04-26T00:00:00,2025-04-26T20:46:54,False,113.537405,22.18293667,Plantae,Plantae,Tracheophyta,Magnoliopsida,Brassicales,Capparaceae,Crateva,Crateva unilocularis,,"坐标(113.537405, 22.18293667)不在澳门陆地区域内，疑似位于海上"
273816586,2025-04-26T00:00:00,2025-04-26T20:49:51,False,113.53678,22.18412833,Plantae,Plantae,Tracheophyta,Polypodiopsida,Polypodiales,Polypodiaceae,Microsorum,Microsorum scolopendria,,"坐标(113.53678, 22.18412833)不在澳门陆地区域内，疑似位于海上"
273823573,2025-04-26T00:00:00,2025-04-26T20:45:36,False,113.53743,22.18213333,Plantae,Plantae,Tracheophyta,Liliopsida,Poales,Poaceae,Phragmites,Phragmites australis,,"坐标(113.53743, 22.18213333)不在澳门陆地区域内，疑似位于海上"
273824064,2025-04-26T00:00:00,2025-04-26T20:40:43,False,113.538025,22.18281167,Plantae,Plantae,Tracheophyta,Magnoliopsida,Asterales,Asteraceae,Bidens,Bidens alba,,"坐标(113.538025, 22.18281167)不在澳门陆地区域内，疑似位于海上"
273852203,2025-04-26T00:00:00,2025-04-26T20:34:39,False,113.5399033,22.18375333,Plantae,Plantae,Tracheophyta,Liliopsida,Alismatales,Araceae,Epipremnum,Epipremnum aureum,,"坐标(113.5399033, 22.18375333)不在澳门陆地区域内，疑似位于海上"
273852511,2025-04-26T00:00:00,2025-04-26T10:20:00,False,113.547932,22.16284108,Insecta,Animalia,Arthropoda,Insecta,Lepidoptera,Lasiocampidae,Trabala,Trabala pallida,,"坐标(113.547932, 22.16284108)不在澳门陆地区域内，疑似位于海上"
273858239,2025-04-26T00:00:00,2025-04-26T10:20:00,False,113.5473483,22.16267881,Plantae,Plantae,Tracheophyta,Magnoliopsida,Vitales,Vitaceae,Parthenocissus,Parthenocissus dalzielii,,"坐标(113.5473483, 22.16267881)不在澳门陆地区域内，疑似位于海上"
273859261,2025-04-26T00:00:00,2025-04-26T10:27:00,False,113.5473264,22.16158752,Plantae,Plantae,Tracheophyta,Magnoliopsida,Fabales,Fabaceae,Acacia,Acacia mangium,,"坐标(113.5473264, 22.16158752)不在澳门陆地区域内，疑似位于海上"
273888429,2025-04-26T00:00:00,2025-04-26T09:23:00,False,113.5477313,22.16200975,Fungi,Fungi,Basidiomycota,Agaricomycetes,Polyporales,Polyporaceae,Ganoderma,Ganoderma resinaceum,,"坐标(113.5477313, 22.16200975)不在澳门陆地区域内，疑似位于海上"
273891242,2025-04-26T00:00:00,2025-04-26T10:27:00,False,113.5460441,22.16175927,Plantae,Plantae,Tracheophyta,Magnoliopsida,Rosales,Cannabaceae,Celtis,Celtis sinensis,,"坐标(113.5460441, 22.16175927)不在澳门陆地区域内，疑似位于海上"
273915966,2025-04-26T00:00:00,2025-04-26T10:20:00,False,113.547186,22.16189565,Plantae,Plantae,Tracheophyta,Magnoliopsida,Malvales,Malvaceae,Sterculia,Sterculia monosperma,,"坐标(113.547186, 22.16189565)不在澳门陆地区域内，疑似位于海上"
273917194,2025-04-26T00:00:00,2025-04-26T08:07:00,False,113.5473623,22.1608206,Plantae,Plantae,Tracheophyta,Magnoliopsida,Oxalidales,Oxalidaceae,Oxalis,Oxalis latifolia,,"坐标(113.5473623, 22.1608206)不在澳门陆地区域内，疑似位于海上"
273923530,2025-04-26T00:00:00,2025-04-26T00:20:00,False,113.5478419,22.16207772,Plantae,Plantae,Tracheophyta,Polypodiopsida,Polypodiales,Pteridaceae,Pteris,Pteris ensiformis,,"坐标(113.5478419, 22.16207772)不在澳门陆地区域内，疑似位于海上"
273940838,2025-04-26T00:00:00,2025-04-26T11:04:11,False,113.5388333,22.18160333,Aves,Animalia,Chordata,Aves,Passeriformes,Sturnidae,Acridotheres,Acridotheres cristatellus,,"坐标(113.5388333, 22.18160333)不在澳门陆地区域内，疑似位于海上"
273941102,2025-04-26T00:00:00,2025-04-26T11:04:53,False,113.5386717,22.181495,Plantae,Plantae,Tracheophyta,Magnoliopsida,Malpighiales,Euphorbiaceae,Euphorbia,Euphorbia hirta,,"坐标(113.5386717, 22.181495)不在澳门陆地区域内，疑似位于海上"
273941890,2025-04-26T00:00:00,2025-04-26T11:06:53,False,113.5385883,22.180695,Plantae,Plantae,Tracheophyta,Magnoliopsida,Oxalidales,Oxalidaceae,Oxalis,Oxalis corniculata,,"坐标(113.5385883, 22.180695)不在澳门陆地区域内，疑似位于海上"
273942176,2025-04-26T00:00:00,2025-04-26T11:07:41,False,113.5384833,22.18047167,Insecta,Animalia,Arthropoda,Insecta,Hymenoptera,Apidae,Apis,Apis cerana,,"坐标(113.5384833, 22.18047167)不在澳门陆地区域内，疑似位于海上"
273948574,2025-04-25T00:00:00,2025-04-25T16:41:00,True,113.5567704,22.18616404,Plantae,Plantae,Tracheophyta,Magnoliopsida,Proteales,Nelumbonaceae,Nelumbo,Nelumbo nucifera,,"坐标(113.5567704, 22.18616404)不在澳门陆地区域内，疑似位于海上"
273980915,2025-04-26T00:00:00,2025-04-26T18:03:16,False,113.5508827,22.10814297,Plantae,Plantae,Tracheophyta,Magnoliopsida,Rosales,Moraceae,Artocarpus,Artocarpus hypargyreus,,"坐标(113.5508827, 22.10814297)不在澳门陆地区域内，疑似位于海上"
274069541,2025-04-26T00:00:00,2025-04-26T15:34:00,False,113.5935107,22.18778163,Aves,Animalia,Chordata,Aves,Charadriiformes,Charadriidae,Thinornis,Thinornis dubius,,"坐标(113.5935107, 22.18778163)不在澳门陆地区域内，疑似位于海上"
274069612,2025-04-26T00:00:00,2025-04-26T17:08:00,False,113.5985944,22.1775505,Insecta,Animalia,Arthropoda,Insecta,Hemiptera,Pentatomidae,Erthesina,Erthesina fullo,,"坐标(113.5985944, 22.1775505)不在澳门陆地区域内，疑似位于海上"
274069616,2025-04-26T00:00:00,2025-04-26T17:17:00,False,113.5531936,22.18352041,Insecta,Animalia,Arthropoda,Insecta,Lepidoptera,Nymphalidae,Mycalesis,Mycalesis mineus,,"坐标(113.5531936, 22.18352041)不在澳门陆地区域内，疑似位于海上"
274069706,2025-04-26T00:00:00,2025-04-26T16:54:00,False,113.5948941,22.12734409,Insecta,Animalia,Arthropoda,Insecta,Odonata,Platycnemididae,Copera,Copera marginipes,,"坐标(113.5948941, 22.12734409)不在澳门陆地区域内，疑似位于海上"
274069744,2025-04-26T00:00:00,2025-04-26T21:53:00,False,113.5773663,22.18171507,Insecta,Animalia,Arthropoda,Insecta,Coleoptera,Coccinellidae,Cheilomenes,Cheilomenes sexmaculata,,"坐标(113.5773663, 22.18171507)不在澳门陆地区域内，疑似位于海上"
274069888,2025-04-26T00:00:00,2025-04-26T22:04:00,False,113.5891863,22.1949686,Insecta,Animalia,Arthropoda,Insecta,Coleoptera,Cerambycidae,Bumetopia,Bumetopia oscitans,,"坐标(113.5891863, 22.1949686)不在澳门陆地区域内，疑似位于海上"
274070187,2025-04-27T00:00:00,2025-04-27T00:37:00,False,113.5983681,22.11532763,Insecta,Animalia,Arthropoda,Insecta,Mantodea,Nanomantidae,Tropidomantis,Tropidomantis gressitti,,"坐标(113.5983681, 22.11532763)不在澳门陆地区域内，疑似位于海上"
274267384,2025-04-26T00:00:00,2025-04-26T21:01:26,False,113.5350033,22.184605,Plantae,Plantae,Tracheophyta,Magnoliopsida,Vitales,Vitaceae,Parthenocissus,Parthenocissus dalzielii,,"坐标(113.5350033, 22.184605)不在澳门陆地区域内，疑似位于海上"
274286297,2025-04-27T00:00:00,2025-04-27T08:57:39,True,113.5330615,22.183789,Plantae,Plantae,Tracheophyta,Magnoliopsida,Rosales,Moraceae,Ficus,Ficus natalensis,,"坐标(113.5330615, 22.183789)不在澳门陆地区域内，疑似位于海上"
274286764,2025-04-27T00:00:00,2025-04-27T08:57:38,False,113.5318546,22.18609239,Plantae,Plantae,Tracheophyta,Magnoliopsida,Gentianales,Apocynaceae,Catharanthus,Catharanthus roseus,,"坐标(113.5318546, 22.18609239)不在澳门陆地区域内，疑似位于海上"
274287084,2025-04-27T00:00:00,2025-04-27T09:02:11,False,113.5326925,22.18387671,Plantae,Plantae,Tracheophyta,Magnoliopsida,Gentianales,Apocynaceae,Catharanthus,Catharanthus roseus,,"坐标(113.5326925, 22.18387671)不在澳门陆地区域内，疑似位于海上"
274289046,2025-04-27T00:00:00,2025-04-27T08:57:36,False,113.5323248,22.18388271,Plantae,Plantae,Tracheophyta,Magnoliopsida,Lamiales,Verbenaceae,Petrea,Petrea volubilis,,"坐标(113.5323248, 22.18388271)不在澳门陆地区域内，疑似位于海上"
274298039,2025-04-27T00:00:00,2025-04-27T09:18:22,False,113.5334854,22.18352437,Plantae,Plantae,Tracheophyta,Magnoliopsida,Lamiales,Verbenaceae,Lantana,Lantana camara,,"坐标(113.5334854, 22.18352437)不在澳门陆地区域内，疑似位于海上"
274301757,2025-04-27T00:00:00,2025-04-27T09:27:21,False,113.5347436,22.18451014,Plantae,Plantae,Tracheophyta,Magnoliopsida,Lamiales,Acanthaceae,Justicia,Justicia spicigera,,"坐标(113.5347436, 22.18451014)不在澳门陆地区域内，疑似位于海上"
274305581,2025-04-27T00:00:00,2025-04-27T09:35:02,False,113.5306033,22.186695,Aves,Animalia,Chordata,Aves,Columbiformes,Columbidae,Spilopelia,Spilopelia chinensis,Spilopelia chinensis chinensis,"坐标(113.5306033, 22.186695)不在澳门陆地区域内，疑似位于海上"
274305835,2025-04-27T00:00:00,2025-04-27T09:35:01,False,113.53062,22.18676833,Aves,Animalia,Chordata,Aves,Columbiformes,Columbidae,Spilopelia,Spilopelia chinensis,,"坐标(113.53062, 22.18676833)不在澳门陆地区域内，疑似位于海上"
274315902,2025-04-27T00:00:00,2025-04-27T09:52:52,False,113.5901556,22.18414748,Plantae,Plantae,Tracheophyta,Magnoliopsida,Malvales,Thymelaeaceae,Aquilaria,Aquilaria sinensis,,"坐标(113.5901556, 22.18414748)不在澳门陆地区域内，疑似位于海上"
274329694,2025-04-27T00:00:00,2025-04-27T10:15:34,False,113.5504755,22.15258255,Aves,Animalia,Chordata,Aves,Pelecaniformes,Ardeidae,Ardeola,Ardeola bacchus,,"坐标(113.5504755, 22.15258255)不在澳门陆地区域内，疑似位于海上"
274348833,2025-04-27T00:00:00,2025-04-27T10:47:12,False,113.5387783,22.18161833,Plantae,Plantae,Tracheophyta,Magnoliopsida,Asterales,Asteraceae,Bidens,Bidens alba,,"坐标(113.5387783, 22.18161833)不在澳门陆地区域内，疑似位于海上"
274349251,2025-04-27T00:00:00,2025-04-27T10:49:04,False,113.5807417,22.1176305,Plantae,Plantae,Tracheophyta,Magnoliopsida,Asterales,Asteraceae,Mikania,Mikania micrantha,,"坐标(113.5807417, 22.1176305)不在澳门陆地区域内，疑似位于海上"
274349997,2025-04-27T00:00:00,2025-04-27T10:50:19,True,113.538475,22.18157167,Plantae,Plantae,Tracheophyta,Magnoliopsida,Malpighiales,Euphorbiaceae,Jatropha,Jatropha integerrima,,"坐标(113.538475, 22.18157167)不在澳门陆地区域内，疑似位于海上"
274350288,2025-04-27T00:00:00,2025-04-27T10:51:09,True,113.5384217,22.18147,Plantae,Plantae,Tracheophyta,Liliopsida,Asparagales,Iridaceae,Iris,Iris domestica,,"坐标(113.5384217, 22.18147)不在澳门陆地区域内，疑似位于海上"
274350439,2025-04-27T00:00:00,2025-04-27T10:51:32,False,113.539352,22.181978,Plantae,Plantae,Tracheophyta,Liliopsida,Poales,Poaceae,Bambusa,Bambusa vulgaris,,"坐标(113.539352, 22.181978)不在澳门陆地区域内，疑似位于海上"
274350646,2025-04-27T00:00:00,2025-04-27T10:51:54,False,113.5388614,22.1820897,Plantae,Plantae,Tracheophyta,Magnoliopsida,Asterales,Asteraceae,Bidens,Bidens alba,,"坐标(113.5388614, 22.1820897)不在澳门陆地区域内，疑似位于海上"
274350703,2025-04-27T00:00:00,2025-04-27T10:50:46,True,113.5386333,22.18176667,Plantae,Plantae,Tracheophyta,Liliopsida,Asparagales,Iridaceae,Iris,Iris domestica,,"坐标(113.5386333, 22.18176667)不在澳门陆地区域内，疑似位于海上"
274351251,2025-04-27T00:00:00,2025-04-27T10:53:15,False,113.5387417,22.181705,Plantae,Plantae,Tracheophyta,Magnoliopsida,Aquifoliales,Aquifoliaceae,Ilex,Ilex rotunda,,"坐标(113.5387417, 22.181705)不在澳门陆地区域内，疑似位于海上"
274354895,2025-04-27T00:00:00,2025-04-27T10:57:53,False,113.5523852,22.15255321,Insecta,Animalia,Arthropoda,Insecta,Hymenoptera,Evaniidae,Evania,Evania appendigaster,,"坐标(113.5523852, 22.15255321)不在澳门陆地区域内，疑似位于海上"
274355349,2025-04-27T00:00:00,2025-04-27T10:55:49,False,113.5387611,22.18142778,Plantae,Plantae,Tracheophyta,Magnoliopsida,Rosales,Moraceae,Ficus,Ficus microcarpa,,"坐标(113.5387611, 22.18142778)不在澳门陆地区域内，疑似位于海上"
274355378,2025-04-27T00:00:00,2025-04-27T11:00:34,False,113.5526783,22.15242533,Plantae,Plantae,Tracheophyta,Magnoliopsida,Fabales,Fabaceae,Bauhinia,Bauhinia purpurea,,"坐标(113.5526783, 22.15242533)不在澳门陆地区域内，疑似位于海上"
274355500,2025-04-27T00:00:00,2025-04-27T10:56:27,False,113.53879,22.18150167,Plantae,Plantae,Tracheophyta,Magnoliopsida,Asterales,Asteraceae,Bidens,Bidens alba,,"坐标(113.53879, 22.18150167)不在澳门陆地区域内，疑似位于海上"
274355744,2025-04-27T00:00:00,2025-04-27T10:57:11,False,113.5388813,22.1821045,Plantae,Plantae,Tracheophyta,Liliopsida,Poales,Poaceae,Melinis,Melinis repens,,"坐标(113.5388813, 22.1821045)不在澳门陆地区域内，疑似位于海上"
274355958,2025-04-27T00:00:00,2025-04-27T10:57:36,False,113.5387811,22.1822059,Plantae,Plantae,Tracheophyta,Magnoliopsida,Fabales,Fabaceae,Leucaena,Leucaena leucocephala,,"坐标(113.5387811, 22.1822059)不在澳门陆地区域内，疑似位于海上"
274356121,2025-04-27T00:00:00,2025-04-27T10:58:23,False,113.5388617,22.18186667,Plantae,Plantae,Tracheophyta,Magnoliopsida,Malpighiales,Euphorbiaceae,Jatropha,Jatropha integerrima,,"坐标(113.5388617, 22.18186667)不在澳门陆地区域内，疑似位于海上"
274356198,2025-04-27T00:00:00,2025-04-27T11:01:46,False,113.5526311,22.15251683,Plantae,Plantae,Tracheophyta,Magnoliopsida,Caryophyllales,Portulacaceae,Portulaca,Portulaca oleracea,,"坐标(113.5526311, 22.15251683)不在澳门陆地区域内，疑似位于海上"
274356505,2025-04-27T00:00:00,2025-04-27T11:02:40,True,113.5397105,22.1819215,Plantae,Plantae,Tracheophyta,Liliopsida,Asparagales,Iridaceae,Iris,Iris domestica,,"坐标(113.5397105, 22.1819215)不在澳门陆地区域内，疑似位于海上"
274357034,2025-04-27T00:00:00,2025-04-27T11:03:40,False,113.538555,22.18121833,Plantae,Plantae,Tracheophyta,Magnoliopsida,Oxalidales,Oxalidaceae,Oxalis,Oxalis debilis,,"坐标(113.538555, 22.18121833)不在澳门陆地区域内，疑似位于海上"
274357744,2025-04-26T00:00:00,2025-04-26T13:52:00,False,113.55085,22.11638883,Insecta,Animalia,Arthropoda,Insecta,Lepidoptera,Pieridae,Delias,Delias pasithoe,,"坐标(113.55085, 22.11638883)不在澳门陆地区域内，疑似位于海上"
274357851,2025-04-27T00:00:00,2025-04-27T11:04:53,False,113.538615,22.18111333,Plantae,Plantae,Tracheophyta,Liliopsida,Poales,Poaceae,Digitaria,Digitaria radicosa,,"坐标(113.538615, 22.18111333)不在澳门陆地区域内，疑似位于海上"
274358133,2025-04-27T00:00:00,2025-04-27T11:05:19,False,113.5386183,22.18112167,Plantae,Plantae,Tracheophyta,Magnoliopsida,Gentianales,Rubiaceae,Ixora,Ixora chinensis,,"坐标(113.5386183, 22.18112167)不在澳门陆地区域内，疑似位于海上"
274358354,2025-04-27T00:00:00,2025-04-27T11:05:54,False,113.538635,22.18111833,Plantae,Plantae,Tracheophyta,Magnoliopsida,Oxalidales,Oxalidaceae,Oxalis,Oxalis debilis,,"坐标(113.538635, 22.18111833)不在澳门陆地区域内，疑似位于海上"
274358606,2025-04-26T00:00:00,2025-04-26T12:29:00,False,113.55098,22.11704717,Insecta,Animalia,Arthropoda,Insecta,Lepidoptera,Pieridae,Delias,Delias pasithoe,,"坐标(113.55098, 22.11704717)不在澳门陆地区域内，疑似位于海上"
274358879,2025-04-27T00:00:00,2025-04-27T11:06:05,False,113.5386322,22.1822197,Plantae,Plantae,Tracheophyta,Magnoliopsida,Malvales,Malvaceae,Bombax,Bombax ceiba,,"坐标(113.5386322, 22.1822197)不在澳门陆地区域内，疑似位于海上"
274359181,2025-04-27T00:00:00,2025-04-27T11:07:01,False,113.5387333,22.18112778,Insecta,Animalia,Arthropoda,Insecta,Blattodea,Blattidae,Periplaneta,Periplaneta americana,,"坐标(113.5387333, 22.18112778)不在澳门陆地区域内，疑似位于海上"
274359625,2025-04-27T00:00:00,2025-04-27T11:08:11,False,113.5387111,22.18111944,Plantae,Plantae,Tracheophyta,Liliopsida,Zingiberales,Strelitziaceae,Ravenala,Ravenala madagascariensis,,"坐标(113.5387111, 22.18111944)不在澳门陆地区域内，疑似位于海上"
274359900,2025-04-27T00:00:00,2025-04-27T11:08:51,False,113.5557004,22.17627516,Plantae,Plantae,Tracheophyta,Magnoliopsida,Rosales,Moraceae,Artocarpus,Artocarpus hypargyreus,,"坐标(113.5557004, 22.17627516)不在澳门陆地区域内，疑似位于海上"
274360589,2025-04-27T00:00:00,2025-04-27T11:09:53,False,113.5386867,22.18102167,Plantae,Plantae,Tracheophyta,Magnoliopsida,Lamiales,Plantaginaceae,Limnophila,Limnophila rugosa,,"坐标(113.5386867, 22.18102167)不在澳门陆地区域内，疑似位于海上"
274361646,2025-04-26T00:00:00,2025-04-26T17:57:37,False,113.5497667,22.11908333,Animalia,Animalia,Arthropoda,Hexanauplia,Balanomorpha,Balanidae,Amphibalanus,Amphibalanus amphitrite,,"坐标(113.5497667, 22.11908333)不在澳门陆地区域内，疑似位于海上"
274362352,2025-04-27T00:00:00,2025-04-27T11:12:30,False,113.5385567,22.18055833,Plantae,Plantae,Tracheophyta,Liliopsida,Arecales,Arecaceae,Livistona,Livistona chinensis,,"坐标(113.5385567, 22.18055833)不在澳门陆地区域内，疑似位于海上"
274363277,2025-04-27T00:00:00,2025-04-27T11:14:57,False,113.5957553,22.08667735,Reptilia,Animalia,Chordata,Reptilia,Testudines,Testudinidae,Centrochelys,Centrochelys sulcata,,"坐标(113.5957553, 22.08667735)不在澳门陆地区域内，疑似位于海上"
274363489,2025-04-27T00:00:00,2025-04-27T11:15:14,False,113.5385361,22.180475,Aves,Animalia,Chordata,Aves,Passeriformes,Sturnidae,Acridotheres,Acridotheres cristatellus,,"坐标(113.5385361, 22.180475)不在澳门陆地区域内，疑似位于海上"
274364153,2025-04-27T00:00:00,2025-04-27T11:16:29,False,113.53825,22.18016,Plantae,Plantae,Tracheophyta,Magnoliopsida,Lamiales,Acanthaceae,Ruellia,Ruellia simplex,,"坐标(113.53825, 22.18016)不在澳门陆地区域内，疑似位于海上"
274364832,2025-04-27T00:00:00,2025-04-27T11:17:03,False,113.5382028,22.18015,Plantae,Plantae,Tracheophyta,Liliopsida,Asparagales,Amaryllidaceae,Zephyranthes,Zephyranthes candida,,"坐标(113.5382028, 22.18015)不在澳门陆地区域内，疑似位于海上"
274365618,2025-04-27T00:00:00,2025-04-27T11:18:14,False,113.5380444,22.18019722,Plantae,Plantae,Tracheophyta,Magnoliopsida,Lamiales,Acanthaceae,Justicia,Justicia betonica,,"坐标(113.5380444, 22.18019722)不在澳门陆地区域内，疑似位于海上"
274366132,2025-04-27T00:00:00,2025-04-27T11:18:12,False,113.5378861,22.18011667,Plantae,Plantae,Tracheophyta,Magnoliopsida,Myrtales,Melastomataceae,Pleroma,Pleroma heteromallum,,"坐标(113.5378861, 22.18011667)不在澳门陆地区域内，疑似位于海上"
274366224,2025-04-27T00:00:00,2025-04-27T10:33:24,False,113.541245,22.1588695,Aves,Animalia,Chordata,Aves,Passeriformes,Paridae,Parus,Parus cinereus,,"坐标(113.541245, 22.1588695)不在澳门陆地区域内，疑似位于海上"
274366736,2025-04-27T00:00:00,2025-04-27T10:49:46,False,113.5419917,22.1593555,Animalia,Animalia,Arthropoda,Diplopoda,Polydesmida,Paradoxosomatidae,Helicorthomorpha,Helicorthomorpha holstii,,"坐标(113.5419917, 22.1593555)不在澳门陆地区域内，疑似位于海上"
274366865,2025-04-27T00:00:00,2025-04-27T10:07:22,False,113.5702851,22.10435355,Plantae,Plantae,Tracheophyta,Magnoliopsida,Ericales,Theaceae,Camellia,Camellia azalea,,"坐标(113.5702851, 22.10435355)不在澳门陆地区域内，疑似位于海上"
274367821,2025-04-27T00:00:00,2025-04-27T10:11:53,False,113.5412883,22.1589555,Insecta,Animalia,Arthropoda,Insecta,Lepidoptera,Crambidae,Diasemia,Diasemia accalis,,"坐标(113.5412883, 22.1589555)不在澳门陆地区域内，疑似位于海上"
274369449,2025-04-27T00:00:00,2025-04-27T11:25:58,False,113.5522224,22.1165235,Plantae,Plantae,Tracheophyta,Liliopsida,Alismatales,Araceae,Monstera,Monstera deliciosa,,"坐标(113.5522224, 22.1165235)不在澳门陆地区域内，疑似位于海上"
274372636,2025-04-27T00:00:00,2025-04-27T11:32:33,False,113.5530443,22.13938976,Aves,Animalia,Chordata,Aves,Passeriformes,Sturnidae,Acridotheres,Acridotheres cristatellus,,"坐标(113.5530443, 22.13938976)不在澳门陆地区域内，疑似位于海上"
274372647,2025-04-27T00:00:00,2025-04-27T11:32:38,False,113.5523054,22.13925814,Aves,Animalia,Chordata,Aves,Passeriformes,Sturnidae,Acridotheres,Acridotheres cristatellus,,"坐标(113.5523054, 22.13925814)不在澳门陆地区域内，疑似位于海上"
274373315,2025-04-27T00:00:00,2025-04-27T11:32:59,True,113.5522083,22.14007783,Plantae,Plantae,Tracheophyta,Magnoliopsida,Lamiales,Bignoniaceae,Kigelia,Kigelia africana,,"坐标(113.5522083, 22.14007783)不在澳门陆地区域内，疑似位于海上"
274377073,2025-04-27T00:00:00,2025-04-27T11:30:20,False,113.5738567,22.113545,Insecta,Animalia,Arthropoda,Insecta,Hymenoptera,Formicidae,Anoplolepis,Anoplolepis gracilipes,,"坐标(113.5738567, 22.113545)不在澳门陆地区域内，疑似位于海上"
274378530,2025-04-27T00:00:00,2025-04-27T11:43:18,False,113.5714632,22.20047085,Plantae,Plantae,Tracheophyta,Magnoliopsida,Rosales,Moraceae,Artocarpus,Artocarpus hypargyreus,,"坐标(113.5714632, 22.20047085)不在澳门陆地区域内，疑似位于海上"
274380907,2025-04-27T00:00:00,2025-04-27T11:32:57,False,113.5521917,22.1398055,Plantae,Plantae,Tracheophyta,Magnoliopsida,Malvales,Malvaceae,Bombax,Bombax ceiba,,"坐标(113.5521917, 22.1398055)不在澳门陆地区域内，疑似位于海上"
274381347,2025-04-27T00:00:00,2025-04-27T11:45:54,False,113.5729318,22.11284908,Aves,Animalia,Chordata,Aves,Charadriiformes,Scolopacidae,Actitis,Actitis hypoleucos,,"坐标(113.5729318, 22.11284908)不在澳门陆地区域内，疑似位于海上"
274381687,2025-04-27T00:00:00,2025-04-27T11:50:42,False,113.5725167,22.11282217,Plantae,Plantae,Tracheophyta,Magnoliopsida,Asterales,Asteraceae,Bidens,Bidens alba,,"坐标(113.5725167, 22.11282217)不在澳门陆地区域内，疑似位于海上"
274381850,2025-04-27T00:00:00,2025-04-27T11:32:28,False,113.553345,22.13944717,Aves,Animalia,Chordata,Aves,Passeriformes,Sturnidae,Acridotheres,Acridotheres cristatellus,,"坐标(113.553345, 22.13944717)不在澳门陆地区域内，疑似位于海上"
274384238,2025-04-27T00:00:00,2025-04-27T11:54:17,False,113.5723033,22.11281667,Insecta,Animalia,Arthropoda,Insecta,Hymenoptera,Formicidae,Iridomyrmex,Iridomyrmex anceps,,"坐标(113.5723033, 22.11281667)不在澳门陆地区域内，疑似位于海上"
274384527,2025-04-27T00:00:00,2025-04-27T11:56:32,False,113.5722283,22.1127945,Plantae,Plantae,Tracheophyta,Magnoliopsida,Lamiales,Lentibulariaceae,Utricularia,Utricularia bifida,,"坐标(113.5722283, 22.1127945)不在澳门陆地区域内，疑似位于海上"
274385056,2025-04-27T00:00:00,2025-04-27T11:57:18,False,113.57215,22.11281117,Plantae,Plantae,Tracheophyta,Magnoliopsida,Malpighiales,Euphorbiaceae,Excoecaria,Excoecaria agallocha,,"坐标(113.57215, 22.11281117)不在澳门陆地区域内，疑似位于海上"
274385618,2025-04-27T00:00:00,2025-04-27T11:52:50,False,113.5511055,22.14250756,Aves,Animalia,Chordata,Aves,Pelecaniformes,Ardeidae,Ardea,Ardea intermedia,,"坐标(113.5511055, 22.14250756)不在澳门陆地区域内，疑似位于海上"
274386904,2025-04-27T00:00:00,2025-04-27T12:00:59,False,113.5720583,22.11275,Plantae,Plantae,Tracheophyta,Magnoliopsida,Myrtales,Onagraceae,Ludwigia,Ludwigia adscendens,,"坐标(113.5720583, 22.11275)不在澳门陆地区域内，疑似位于海上"
274387363,2025-04-27T00:00:00,2025-04-27T12:01:03,False,113.5720583,22.1127695,Plantae,Plantae,Tracheophyta,Liliopsida,Poales,Cyperaceae,Eleocharis,Eleocharis geniculata,,"坐标(113.5720583, 22.1127695)不在澳门陆地区域内，疑似位于海上"
274388846,2025-04-27T00:00:00,2025-04-27T12:01:09,False,113.5720533,22.11274717,Plantae,Plantae,Tracheophyta,Magnoliopsida,Lamiales,Plantaginaceae,Bacopa,Bacopa monnieri,,"坐标(113.5720533, 22.11274717)不在澳门陆地区域内，疑似位于海上"
274389371,2025-04-27T00:00:00,2025-04-27T12:04:18,False,113.5523149,22.14226525,Aves,Animalia,Chordata,Aves,Charadriiformes,Charadriidae,Thinornis,Thinornis dubius,,"坐标(113.5523149, 22.14226525)不在澳门陆地区域内，疑似位于海上"
274392668,2025-04-27T00:00:00,2025-04-27T12:12:20,False,113.57142,22.11245833,Insecta,Animalia,Arthropoda,Insecta,Lepidoptera,Erebidae,Calliteara,Calliteara grotei,,"坐标(113.57142, 22.11245833)不在澳门陆地区域内，疑似位于海上"
274394406,2025-04-27T00:00:00,2025-04-27T12:15:19,False,113.5714033,22.11238883,Plantae,Plantae,Tracheophyta,Liliopsida,Asparagales,Asparagaceae,Agave,Agave angustifolia,,"坐标(113.5714033, 22.11238883)不在澳门陆地区域内，疑似位于海上"
274397923,2025-04-27T00:00:00,2025-04-27T12:18:49,False,113.5713367,22.112375,Plantae,Plantae,Tracheophyta,Magnoliopsida,Rosales,Urticaceae,Pouzolzia,Pouzolzia zeylanica,,"坐标(113.5713367, 22.112375)不在澳门陆地区域内，疑似位于海上"
274398776,2025-04-27T00:00:00,2025-04-27T12:22:23,False,113.5708383,22.11217783,Plantae,Plantae,Tracheophyta,Magnoliopsida,Gentianales,Rubiaceae,Morinda,Morinda parvifolia,,"坐标(113.5708383, 22.11217783)不在澳门陆地区域内，疑似位于海上"
274398924,2025-04-27T00:00:00,2025-04-27T12:23:56,False,113.570755,22.11212217,Plantae,Plantae,Tracheophyta,Polypodiopsida,Polypodiales,Nephrolepidaceae,Nephrolepis,Nephrolepis brownii,,"坐标(113.570755, 22.11212217)不在澳门陆地区域内，疑似位于海上"
274401385,2025-04-27T00:00:00,2025-04-27T12:29:46,False,113.5387934,22.18189328,Plantae,Plantae,Tracheophyta,Magnoliopsida,Fabales,Fabaceae,Leucaena,Leucaena leucocephala,,"坐标(113.5387934, 22.18189328)不在澳门陆地区域内，疑似位于海上"
274402465,2025-04-27T00:00:00,2025-04-27T12:31:30,False,113.5385499,22.18155588,Plantae,Plantae,Tracheophyta,Magnoliopsida,Myrtales,Lythraceae,Lagerstroemia,Lagerstroemia speciosa,,"坐标(113.5385499, 22.18155588)不在澳门陆地区域内，疑似位于海上"
274402815,2025-04-27T00:00:00,2025-04-27T12:31:17,False,113.570725,22.11205283,Plantae,Plantae,Tracheophyta,Polypodiopsida,Polypodiales,Nephrolepidaceae,Nephrolepis,Nephrolepis cordifolia,,"坐标(113.570725, 22.11205283)不在澳门陆地区域内，疑似位于海上"
274402843,2025-04-27T00:00:00,2025-04-27T12:32:36,False,113.5386744,22.1819386,Plantae,Plantae,Tracheophyta,Magnoliopsida,Malpighiales,Euphorbiaceae,Jatropha,Jatropha integerrima,,"坐标(113.5386744, 22.1819386)不在澳门陆地区域内，疑似位于海上"
274402851,2025-04-27T00:00:00,2025-04-27T12:32:47,False,113.5398232,22.18392989,Actinopterygii,Animalia,Chordata,Actinopterygii,Cichliformes,Cichlidae,Oreochromis,Oreochromis niloticus,,"坐标(113.5398232, 22.18392989)不在澳门陆地区域内，疑似位于海上"
274402865,2025-04-27T00:00:00,2025-04-27T12:32:32,False,113.5400278,22.18370278,Actinopterygii,Animalia,Chordata,Actinopterygii,Cichliformes,Cichlidae,Oreochromis,Oreochromis niloticus,,"坐标(113.5400278, 22.18370278)不在澳门陆地区域内，疑似位于海上"
274403353,2025-04-27T00:00:00,2025-04-27T12:33:19,False,113.5398167,22.18380278,Plantae,Plantae,Tracheophyta,Magnoliopsida,Gentianales,Rubiaceae,Paederia,Paederia foetida,,"坐标(113.5398167, 22.18380278)不在澳门陆地区域内，疑似位于海上"
274403372,2025-04-27T00:00:00,2025-04-27T12:33:07,False,113.5399023,22.1838069,Plantae,Plantae,Tracheophyta,Magnoliopsida,Gentianales,Rubiaceae,Paederia,Paederia foetida,,"坐标(113.5399023, 22.1838069)不在澳门陆地区域内，疑似位于海上"
274403900,2025-04-27T00:00:00,2025-04-27T12:33:31,False,113.5386042,22.18125287,Plantae,Plantae,Tracheophyta,Magnoliopsida,Myrtales,Myrtaceae,Xanthostemon,Xanthostemon chrysanthus,,"坐标(113.5386042, 22.18125287)不在澳门陆地区域内，疑似位于海上"
274404019,2025-04-27T00:00:00,2025-04-27T12:35:39,True,113.5380544,22.18159204,Plantae,Plantae,Tracheophyta,Liliopsida,Asparagales,Iridaceae,Iris,Iris domestica,,"坐标(113.5380544, 22.18159204)不在澳门陆地区域内，疑似位于海上"
274404271,2025-04-27T00:00:00,2025-04-27T12:35:43,True,113.5386729,22.18122894,Plantae,Plantae,Tracheophyta,Liliopsida,Asparagales,Iridaceae,Iris,Iris domestica,,"坐标(113.5386729, 22.18122894)不在澳门陆地区域内，疑似位于海上"
274404524,2025-04-27T00:00:00,2025-04-27T12:36:16,False,113.5394167,22.18319444,Plantae,Plantae,Tracheophyta,Magnoliopsida,Malvales,Malvaceae,Ceiba,Ceiba speciosa,,"坐标(113.5394167, 22.18319444)不在澳门陆地区域内，疑似位于海上"
274404965,2025-04-27T00:00:00,2025-04-27T12:37:38,False,113.5385679,22.18078655,Insecta,Animalia,Arthropoda,Insecta,Hymenoptera,Apidae,Apis,Apis cerana,,"坐标(113.5385679, 22.18078655)不在澳门陆地区域内，疑似位于海上"
274405227,2025-04-27T00:00:00,2025-04-27T12:38:13,False,113.539375,22.18307778,Insecta,Animalia,Arthropoda,Insecta,Neuroptera,Chrysopidae,Mallada,Mallada basalis,,"坐标(113.539375, 22.18307778)不在澳门陆地区域内，疑似位于海上"
274405280,2025-04-27T00:00:00,2025-04-27T12:38:13,False,113.5393128,22.18298013,Insecta,Animalia,Arthropoda,Insecta,Neuroptera,Chrysopidae,Mallada,Mallada basalis,,"坐标(113.5393128, 22.18298013)不在澳门陆地区域内，疑似位于海上"
274405657,2025-04-27T00:00:00,2025-04-27T12:39:16,False,113.5392944,22.18299961,Aves,Animalia,Chordata,Aves,Passeriformes,Passeridae,Passer,Passer montanus,,"坐标(113.5392944, 22.18299961)不在澳门陆地区域内，疑似位于海上"
274405817,2025-04-27T00:00:00,2025-04-27T12:39:41,False,113.5385451,22.18051698,Plantae,Plantae,Tracheophyta,Magnoliopsida,Boraginales,Boraginaceae,Ehretia,Ehretia microphylla,,"坐标(113.5385451, 22.18051698)不在澳门陆地区域内，疑似位于海上"
274405968,2025-04-27T00:00:00,2025-04-27T12:39:50,True,113.5393917,22.18301389,Plantae,Plantae,Tracheophyta,Magnoliopsida,Gentianales,Apocynaceae,Plumeria,Plumeria rubra,,"坐标(113.5393917, 22.18301389)不在澳门陆地区域内，疑似位于海上"
274405992,2025-04-27T00:00:00,2025-04-27T12:40:09,True,113.5393525,22.18299957,Plantae,Plantae,Tracheophyta,Magnoliopsida,Gentianales,Apocynaceae,Plumeria,Plumeria rubra,,"坐标(113.5393525, 22.18299957)不在澳门陆地区域内，疑似位于海上"
274406815,2025-04-27T00:00:00,2025-04-27T12:41:52,False,113.5304222,22.18343398,Plantae,Plantae,Tracheophyta,Liliopsida,Asparagales,Asparagaceae,Dracaena,Dracaena fragrans,,"坐标(113.5304222, 22.18343398)不在澳门陆地区域内，疑似位于海上"
274406930,2025-04-27T00:00:00,2025-04-27T12:36:26,False,113.5378051,22.18036466,Plantae,Plantae,Tracheophyta,Magnoliopsida,Boraginales,Boraginaceae,Ehretia,Ehretia microphylla,,"坐标(113.5378051, 22.18036466)不在澳门陆地区域内，疑似位于海上"
274407397,2025-04-27T00:00:00,2025-04-27T12:39:44,True,113.5393533,22.18302833,Plantae,Plantae,Tracheophyta,Magnoliopsida,Gentianales,Apocynaceae,Plumeria,Plumeria rubra,,"坐标(113.5393533, 22.18302833)不在澳门陆地区域内，疑似位于海上"
274407480,2025-04-27T00:00:00,2025-04-27T12:43:04,False,113.5303486,22.18330588,Plantae,Plantae,Tracheophyta,Liliopsida,Arecales,Arecaceae,Livistona,Livistona chinensis,,"坐标(113.5303486, 22.18330588)不在澳门陆地区域内，疑似位于海上"
274407668,2025-04-27T00:00:00,2025-04-27T12:38:26,False,113.53862,22.18081333,Insecta,Animalia,Arthropoda,Insecta,Hymenoptera,Apidae,Apis,Apis cerana,,"坐标(113.53862, 22.18081333)不在澳门陆地区域内，疑似位于海上"
274407902,2025-04-27T00:00:00,2025-04-27T12:43:31,False,113.572245,22.182215,Insecta,Animalia,Arthropoda,Insecta,Lepidoptera,Nymphalidae,Cyrestis,Cyrestis thyodamas,,"坐标(113.572245, 22.182215)不在澳门陆地区域内，疑似位于海上"
274408106,2025-04-27T00:00:00,2025-04-27T12:36:12,False,113.5394883,22.18314167,Plantae,Plantae,Tracheophyta,Magnoliopsida,Malvales,Malvaceae,Ceiba,Ceiba speciosa,,"坐标(113.5394883, 22.18314167)不在澳门陆地区域内，疑似位于海上"
274410203,2025-04-27T00:00:00,2025-04-27T12:48:12,False,113.56942,22.11199167,Plantae,Plantae,Tracheophyta,Magnoliopsida,Gentianales,Rubiaceae,Guettardella,Guettardella chinensis,,"坐标(113.56942, 22.11199167)不在澳门陆地区域内，疑似位于海上"
274410637,2025-04-27T00:00:00,2025-04-27T12:50:27,True,113.5305058,22.18205719,Plantae,Plantae,Tracheophyta,Magnoliopsida,Gentianales,Apocynaceae,Nerium,Nerium oleander,,"坐标(113.5305058, 22.18205719)不在澳门陆地区域内，疑似位于海上"
274410778,2025-04-27T00:00:00,2025-04-27T12:50:26,False,113.5693667,22.1119945,Plantae,Plantae,Tracheophyta,Magnoliopsida,Saxifragales,Crassulaceae,Kalanchoe,Kalanchoe pinnata,,"坐标(113.5693667, 22.1119945)不在澳门陆地区域内，疑似位于海上"
274411186,2025-04-27T00:00:00,2025-04-27T12:34:32,False,113.5399333,22.183795,Aves,Animalia,Chordata,Aves,Passeriformes,Muscicapidae,Copsychus,Copsychus saularis,,"坐标(113.5399333, 22.183795)不在澳门陆地区域内，疑似位于海上"
274411463,2025-04-27T00:00:00,2025-04-27T12:34:15,False,113.5399383,22.18376667,Plantae,Plantae,Tracheophyta,Liliopsida,Arecales,Arecaceae,Archontophoenix,Archontophoenix alexandrae,,"坐标(113.5399383, 22.18376667)不在澳门陆地区域内，疑似位于海上"
274411612,2025-04-27T00:00:00,2025-04-27T12:34:06,False,113.5399167,22.18375833,Fungi,Fungi,Ascomycota,Lecanoromycetes,Caliciales,Caliciaceae,Pyxine,Pyxine subcinerea,,"坐标(113.5399167, 22.18375833)不在澳门陆地区域内，疑似位于海上"
274411779,2025-04-27T00:00:00,2025-04-27T12:34:03,False,113.5399033,22.18376167,Fungi,Fungi,Ascomycota,Lecanoromycetes,Lecanorales,Lecanoraceae,Lecanora,Lecanora thysanophora,,"坐标(113.5399033, 22.18376167)不在澳门陆地区域内，疑似位于海上"
274411801,2025-04-27T00:00:00,2025-04-27T12:52:05,False,113.5691383,22.111975,Plantae,Plantae,Tracheophyta,Magnoliopsida,Rosales,Moraceae,Ficus,Ficus religiosa,,"坐标(113.5691383, 22.111975)不在澳门陆地区域内，疑似位于海上"
274411905,2025-04-27T00:00:00,2025-04-27T12:33:26,False,113.539925,22.18381333,Plantae,Plantae,Tracheophyta,Magnoliopsida,Vitales,Vitaceae,Parthenocissus,Parthenocissus dalzielii,,"坐标(113.539925, 22.18381333)不在澳门陆地区域内，疑似位于海上"
274412091,2025-04-27T00:00:00,2025-04-27T12:53:27,False,113.5336315,22.18347853,Fungi,Fungi,Ascomycota,Lecanoromycetes,Caliciales,Physciaceae,Heterodermia,Heterodermia albicans,,"坐标(113.5336315, 22.18347853)不在澳门陆地区域内，疑似位于海上"
274413827,2025-04-27T00:00:00,2025-04-27T12:54:49,False,113.5333867,22.183425,Plantae,Plantae,Tracheophyta,Magnoliopsida,Asterales,Asteraceae,Cyanthillium,Cyanthillium cinereum,,"坐标(113.5333867, 22.183425)不在澳门陆地区域内，疑似位于海上"
274413858,2025-04-27T00:00:00,2025-04-27T12:57:26,False,113.5739064,22.10909557,Plantae,Plantae,Tracheophyta,Magnoliopsida,Lamiales,Lamiaceae,Caryopteris,Caryopteris incana,,"坐标(113.5739064, 22.10909557)不在澳门陆地区域内，疑似位于海上"
274414514,2025-04-27T00:00:00,2025-04-27T11:37:43,False,113.5732667,22.11332,Plantae,Plantae,Tracheophyta,Magnoliopsida,Rosales,Rhamnaceae,Condaliopsis,Condaliopsis obtusifolia,,"坐标(113.5732667, 22.11332)不在澳门陆地区域内，疑似位于海上"
274415005,2025-04-27T00:00:00,2025-04-27T11:53:25,False,113.572355,22.11272667,Plantae,Plantae,Tracheophyta,Magnoliopsida,Lamiales,Lentibulariaceae,Utricularia,Utricularia bifida,,"坐标(113.572355, 22.11272667)不在澳门陆地区域内，疑似位于海上"
274415552,2025-04-27T00:00:00,2025-04-27T12:57:22,False,113.533455,22.18283833,Fungi,Fungi,Ascomycota,Lecanoromycetes,Lecanorales,Stereocaulaceae,Lepraria,Lepraria finkii,,"坐标(113.533455, 22.18283833)不在澳门陆地区域内，疑似位于海上"
274415862,2025-04-27T00:00:00,2025-04-27T12:58:32,False,113.5337843,22.18279458,Plantae,Plantae,Tracheophyta,Magnoliopsida,Malpighiales,Phyllanthaceae,Phyllanthus,Phyllanthus cochinchinensis,,"坐标(113.5337843, 22.18279458)不在澳门陆地区域内，疑似位于海上"
274416684,2025-04-27T00:00:00,2025-04-27T13:00:37,False,113.5338367,22.182,Plantae,Plantae,Tracheophyta,Magnoliopsida,Myrtales,Myrtaceae,Syzygium,Syzygium jambos,,"坐标(113.5338367, 22.182)不在澳门陆地区域内，疑似位于海上"
274417069,2025-04-27T00:00:00,2025-04-27T13:03:31,False,113.570217,22.180291,Plantae,Plantae,Tracheophyta,Polypodiopsida,Gleicheniales,Gleicheniaceae,Dicranopteris,Dicranopteris pedata,,"坐标(113.570217, 22.180291)不在澳门陆地区域内，疑似位于海上"
274417893,2025-04-27T00:00:00,2025-04-27T12:32:38,False,113.539895,22.18382167,Actinopterygii,Animalia,Chordata,Actinopterygii,Cichliformes,Cichlidae,Oreochromis,Oreochromis niloticus,,"坐标(113.539895, 22.18382167)不在澳门陆地区域内，疑似位于海上"
274419638,2025-04-27T00:00:00,2025-04-27T10:56:42,False,113.5814284,22.11729579,Plantae,Plantae,Tracheophyta,Magnoliopsida,Ericales,Theaceae,Camellia,Camellia azalea,,"坐标(113.5814284, 22.11729579)不在澳门陆地区域内，疑似位于海上"
274422141,2025-04-27T00:00:00,2025-04-27T12:34:43,False,113.5702167,22.11200667,Plantae,Plantae,Tracheophyta,Liliopsida,Poales,Poaceae,Melinis,Melinis repens,,"坐标(113.5702167, 22.11200667)不在澳门陆地区域内，疑似位于海上"
274425396,2025-04-27T00:00:00,2025-04-27T12:38:16,False,113.5393367,22.18299167,Insecta,Animalia,Arthropoda,Insecta,Neuroptera,Chrysopidae,Mallada,Mallada basalis,,"坐标(113.5393367, 22.18299167)不在澳门陆地区域内，疑似位于海上"
274427375,2025-04-27T00:00:00,2025-04-27T12:12:45,False,113.5519221,22.1361707,Aves,Animalia,Chordata,Aves,Passeriformes,Cisticolidae,Prinia,Prinia inornata,,"坐标(113.5519221, 22.1361707)不在澳门陆地区域内，疑似位于海上"
274427678,2025-04-27T00:00:00,2025-04-27T13:03:30,False,113.552195,22.1355445,Aves,Animalia,Chordata,Aves,Pelecaniformes,Ardeidae,Ardea,Ardea coromanda,,"坐标(113.552195, 22.1355445)不在澳门陆地区域内，疑似位于海上"
274433474,2025-04-27T00:00:00,2025-04-27T13:07:25,False,113.5313283,22.18168833,Actinopterygii,Animalia,Chordata,Actinopterygii,Cypriniformes,Xenocyprididae,Hemiculter,Hemiculter leucisculus,,"坐标(113.5313283, 22.18168833)不在澳门陆地区域内，疑似位于海上"
274436775,2025-04-27T00:00:00,2025-04-27T13:53:09,False,113.5410379,22.16254963,Aves,Animalia,Chordata,Aves,Passeriformes,Passeridae,Passer,Passer montanus,,"坐标(113.5410379, 22.16254963)不在澳门陆地区域内，疑似位于海上"
274439395,2025-04-27T00:00:00,2025-04-27T12:23:49,False,113.5518324,22.14160143,Aves,Animalia,Chordata,Aves,Passeriformes,Laniidae,Lanius,Lanius cristatus,,"坐标(113.5518324, 22.14160143)不在澳门陆地区域内，疑似位于海上"
274443066,2025-04-27T00:00:00,2025-04-27T14:10:47,True,113.5479667,22.15815833,Plantae,Plantae,Tracheophyta,Liliopsida,Alismatales,Araceae,Alocasia,Alocasia odora,,"坐标(113.5479667, 22.15815833)不在澳门陆地区域内，疑似位于海上"
274444020,2025-04-27T00:00:00,2025-04-27T14:13:42,False,113.5403053,22.16490312,Aves,Animalia,Chordata,Aves,Pelecaniformes,Ardeidae,Egretta,Egretta garzetta,,"坐标(113.5403053, 22.16490312)不在澳门陆地区域内，疑似位于海上"
274444679,2025-04-27T00:00:00,2025-04-27T14:16:04,False,113.5477604,22.15920558,Plantae,Plantae,Tracheophyta,Magnoliopsida,Asterales,Asteraceae,Emilia,Emilia sonchifolia,,"坐标(113.5477604, 22.15920558)不在澳门陆地区域内，疑似位于海上"
274445311,2025-04-27T00:00:00,2025-04-27T14:17:20,False,113.547745,22.15921117,Insecta,Animalia,Arthropoda,Insecta,Lepidoptera,Lycaenidae,Pseudozizeeria,Pseudozizeeria maha,,"坐标(113.547745, 22.15921117)不在澳门陆地区域内，疑似位于海上"
274445440,2025-04-27T00:00:00,2025-04-27T14:18:16,False,113.5522343,22.14104433,Plantae,Plantae,Tracheophyta,Magnoliopsida,Lamiales,Verbenaceae,Duranta,Duranta erecta,,"坐标(113.5522343, 22.14104433)不在澳门陆地区域内，疑似位于海上"
274445475,2025-04-27T00:00:00,2025-04-27T14:18:11,False,113.5522271,22.1411315,Plantae,Plantae,Tracheophyta,Magnoliopsida,Lamiales,Verbenaceae,Duranta,Duranta erecta,,"坐标(113.5522271, 22.1411315)不在澳门陆地区域内，疑似位于海上"
274445556,2025-04-27T00:00:00,2025-04-27T14:18:29,False,113.5477793,22.15918024,Plantae,Plantae,Tracheophyta,Magnoliopsida,Asterales,Asteraceae,Sphagneticola,Sphagneticola trilobata,,"坐标(113.5477793, 22.15918024)不在澳门陆地区域内，疑似位于海上"
274445592,2025-04-27T00:00:00,2025-04-27T14:17:39,True,113.5521821,22.14095013,Plantae,Plantae,Tracheophyta,Magnoliopsida,Lamiales,Acanthaceae,Thunbergia,Thunbergia laurifolia,,"坐标(113.5521821, 22.14095013)不在澳门陆地区域内，疑似位于海上"
274445889,2025-04-27T00:00:00,2025-04-27T14:19:04,True,113.5521356,22.14094953,Plantae,Plantae,Tracheophyta,Liliopsida,Zingiberales,Strelitziaceae,Ravenala,Ravenala madagascariensis,,"坐标(113.5521356, 22.14094953)不在澳门陆地区域内，疑似位于海上"
274445905,2025-04-27T00:00:00,2025-04-27T14:19:06,False,113.5521227,22.1409626,Plantae,Plantae,Tracheophyta,Liliopsida,Zingiberales,Strelitziaceae,Ravenala,Ravenala madagascariensis,,"坐标(113.5521227, 22.1409626)不在澳门陆地区域内，疑似位于海上"
274446326,2025-04-27T00:00:00,2025-04-27T14:19:37,False,113.54773,22.159175,Aves,Animalia,Chordata,Aves,Passeriformes,Pycnonotidae,Pycnonotus,Pycnonotus jocosus,,"坐标(113.54773, 22.159175)不在澳门陆地区域内，疑似位于海上"
274447376,2025-04-27T00:00:00,2025-04-27T10:14:47,False,113.54123,22.15904167,Arachnida,Animalia,Arthropoda,Arachnida,Araneae,Salticidae,Menemerus,Menemerus bivittatus,,"坐标(113.54123, 22.15904167)不在澳门陆地区域内，疑似位于海上"
274449068,2025-04-27T00:00:00,2025-04-27T11:20:00,True,113.5500538,22.15685453,Mammalia,Animalia,Chordata,Mammalia,Carnivora,Ursidae,Ailuropoda,Ailuropoda melanoleuca,,"坐标(113.5500538, 22.15685453)不在澳门陆地区域内，疑似位于海上"
274449487,2025-04-27T00:00:00,2025-04-27T13:30:16,False,113.5508575,22.11715317,Aves,Animalia,Chordata,Aves,Passeriformes,Passeridae,Passer,Passer montanus,,"坐标(113.5508575, 22.11715317)不在澳门陆地区域内，疑似位于海上"
274450156,2025-04-27T00:00:00,2025-04-27T14:29:47,False,113.5527117,22.14164167,Insecta,Animalia,Arthropoda,Insecta,Odonata,Coenagrionidae,Paracercion,Paracercion melanotum,,"坐标(113.5527117, 22.14164167)不在澳门陆地区域内，疑似位于海上"
274450423,2025-04-27T00:00:00,2025-04-27T14:29:55,False,113.5464983,22.15820857,Aves,Animalia,Chordata,Aves,Passeriformes,Estrildidae,Lonchura,Lonchura punctulata,,"坐标(113.5464983, 22.15820857)不在澳门陆地区域内，疑似位于海上"
274450637,2025-04-27T00:00:00,2025-04-27T14:31:39,False,113.5526837,22.14112515,Plantae,Plantae,Tracheophyta,Magnoliopsida,Oxalidales,Oxalidaceae,Oxalis,Oxalis debilis,,"坐标(113.5526837, 22.14112515)不在澳门陆地区域内，疑似位于海上"
274451122,2025-04-27T00:00:00,2025-04-27T14:32:54,False,113.5527939,22.14074537,Plantae,Plantae,Tracheophyta,Magnoliopsida,Asterales,Asteraceae,Sphagneticola,Sphagneticola trilobata,,"坐标(113.5527939, 22.14074537)不在澳门陆地区域内，疑似位于海上"
274451413,2025-04-27T00:00:00,2025-04-27T13:23:59,False,113.5501862,22.11879539,Aves,Animalia,Chordata,Aves,Pelecaniformes,Ardeidae,Ardeola,Ardeola bacchus,,"坐标(113.5501862, 22.11879539)不在澳门陆地区域内，疑似位于海上"
274451828,2025-04-27T00:00:00,2025-04-27T14:34:46,False,113.5373614,22.16843441,Actinopterygii,Animalia,Chordata,Actinopterygii,Acanthuriformes,Scatophagidae,Scatophagus,Scatophagus argus,,"坐标(113.5373614, 22.16843441)不在澳门陆地区域内，疑似位于海上"
274451937,2025-04-27T00:00:00,2025-04-27T14:34:56,False,113.557145,22.18652167,Aves,Animalia,Chordata,Aves,Passeriformes,Hirundinidae,Hirundo,Hirundo rustica,,"坐标(113.557145, 22.18652167)不在澳门陆地区域内，疑似位于海上"
274452080,2025-04-27T00:00:00,2025-04-27T14:34:19,False,113.5531533,22.14017783,Insecta,Animalia,Arthropoda,Insecta,Lepidoptera,Lycaenidae,Pseudozizeeria,Pseudozizeeria maha,,"坐标(113.5531533, 22.14017783)不在澳门陆地区域内，疑似位于海上"
274452315,2025-04-27T00:00:00,2025-04-27T14:35:49,False,113.5371769,22.16920816,Actinopterygii,Animalia,Chordata,Actinopterygii,Cypriniformes,Acheilognathidae,Rhodeus,Rhodeus ocellatus,,"坐标(113.5371769, 22.16920816)不在澳门陆地区域内，疑似位于海上"
274452362,2025-04-27T00:00:00,2025-04-27T14:35:59,False,113.5458617,22.1585055,Aves,Animalia,Chordata,Aves,Passeriformes,Passeridae,Passer,Passer montanus,,"坐标(113.5458617, 22.1585055)不在澳门陆地区域内，疑似位于海上"
274452366,2025-04-27T00:00:00,2025-04-27T14:31:54,False,113.5306467,22.18585333,Animalia,Animalia,Arthropoda,Malacostraca,Decapoda,Varunidae,Eriocheir,Eriocheir hepuensis,,"坐标(113.5306467, 22.18585333)不在澳门陆地区域内，疑似位于海上"
274454480,2025-04-27T00:00:00,2025-04-27T14:41:27,False,113.5503174,22.11894423,Plantae,Plantae,Tracheophyta,Magnoliopsida,Rosales,Moraceae,Ficus,Ficus religiosa,,"坐标(113.5503174, 22.11894423)不在澳门陆地区域内，疑似位于海上"
274454500,2025-04-27T00:00:00,2025-04-27T14:41:23,False,113.5503341,22.11898883,Plantae,Plantae,Tracheophyta,Magnoliopsida,Rosales,Moraceae,Ficus,Ficus religiosa,,"坐标(113.5503341, 22.11898883)不在澳门陆地区域内，疑似位于海上"
274454622,2025-04-27T00:00:00,2025-04-27T14:42:06,False,113.550442,22.11895386,Plantae,Plantae,Tracheophyta,Magnoliopsida,Ericales,Balsaminaceae,Impatiens,Impatiens hawkeri,,"坐标(113.550442, 22.11895386)不在澳门陆地区域内，疑似位于海上"
274454649,2025-04-27T00:00:00,2025-04-27T14:42:12,False,113.5508482,22.11863286,Plantae,Plantae,Tracheophyta,Magnoliopsida,Ericales,Balsaminaceae,Impatiens,Impatiens hawkeri,,"坐标(113.5508482, 22.11863286)不在澳门陆地区域内，疑似位于海上"
274454758,2025-04-27T00:00:00,2025-04-27T14:42:30,False,113.5504789,22.11880356,Plantae,Plantae,Tracheophyta,Magnoliopsida,Rosales,Rosaceae,Potentilla,Potentilla hebiichigo,,"坐标(113.5504789, 22.11880356)不在澳门陆地区域内，疑似位于海上"
274454769,2025-04-27T00:00:00,2025-04-27T14:41:56,True,113.5475533,22.15854717,Plantae,Plantae,Tracheophyta,Magnoliopsida,Fabales,Fabaceae,Acacia,Acacia confusa,,"坐标(113.5475533, 22.15854717)不在澳门陆地区域内，疑似位于海上"
274454804,2025-04-27T00:00:00,2025-04-27T14:42:30,False,113.550448,22.1189713,Plantae,Plantae,Tracheophyta,Magnoliopsida,Lamiales,Plantaginaceae,Mecardonia,Mecardonia procumbens,,"坐标(113.550448, 22.1189713)不在澳门陆地区域内，疑似位于海上"
274454903,2025-04-27T00:00:00,2025-04-27T14:40:22,False,113.539014,22.16607156,Animalia,Animalia,Arthropoda,Malacostraca,Decapoda,Grapsidae,Metopograpsus,Metopograpsus quadridentatus,,"坐标(113.539014, 22.16607156)不在澳门陆地区域内，疑似位于海上"
274454944,2025-04-27T00:00:00,2025-04-27T14:42:54,False,113.5507387,22.11861171,Plantae,Plantae,Tracheophyta,Magnoliopsida,Lamiales,Acanthaceae,Crossandra,Crossandra infundibuliformis,,"坐标(113.5507387, 22.11861171)不在澳门陆地区域内，疑似位于海上"
274454998,2025-04-27T00:00:00,2025-04-27T14:42:59,False,113.55043,22.11897489,Plantae,Plantae,Tracheophyta,Liliopsida,Alismatales,Araceae,Epipremnum,Epipremnum aureum,,"坐标(113.55043, 22.11897489)不在澳门陆地区域内，疑似位于海上"
274455075,2025-04-27T00:00:00,2025-04-27T14:43:16,True,113.5504079,22.11889772,Plantae,Plantae,Tracheophyta,Liliopsida,Commelinales,Commelinaceae,Tradescantia,Tradescantia spathacea,,"坐标(113.5504079, 22.11889772)不在澳门陆地区域内，疑似位于海上"
274455168,2025-04-27T00:00:00,2025-04-27T14:43:34,False,113.5504368,22.11891188,Plantae,Plantae,Tracheophyta,Magnoliopsida,Lamiales,Lamiaceae,Coleus,Coleus scutellarioides,,"坐标(113.5504368, 22.11891188)不在澳门陆地区域内，疑似位于海上"
274455273,2025-04-27T00:00:00,2025-04-27T14:43:49,False,113.5506001,22.11874739,Plantae,Plantae,Tracheophyta,Magnoliopsida,Saxifragales,Crassulaceae,Sedum,Sedum mexicanum,,"坐标(113.5506001, 22.11874739)不在澳门陆地区域内，疑似位于海上"
274455343,2025-04-27T00:00:00,2025-04-27T14:43:22,False,113.5390161,22.16608381,Animalia,Animalia,Arthropoda,Malacostraca,Decapoda,Grapsidae,Metopograpsus,Metopograpsus quadridentatus,,"坐标(113.5390161, 22.16608381)不在澳门陆地区域内，疑似位于海上"
274455374,2025-04-27T00:00:00,2025-04-27T14:43:35,False,113.5504543,22.11896303,Plantae,Plantae,Tracheophyta,Magnoliopsida,Lamiales,Lamiaceae,Coleus,Coleus scutellarioides,,"坐标(113.5504543, 22.11896303)不在澳门陆地区域内，疑似位于海上"
274455455,2025-04-27T00:00:00,2025-04-27T14:43:51,True,113.5504835,22.11898722,Plantae,Plantae,Tracheophyta,Liliopsida,Commelinales,Commelinaceae,Tradescantia,Tradescantia spathacea,,"坐标(113.5504835, 22.11898722)不在澳门陆地区域内，疑似位于海上"
274455561,2025-04-27T00:00:00,2025-04-27T14:44:18,False,113.5504962,22.11882044,Plantae,Plantae,Tracheophyta,Magnoliopsida,Ranunculales,Berberidaceae,Nandina,Nandina domestica,,"坐标(113.5504962, 22.11882044)不在澳门陆地区域内，疑似位于海上"
274455566,2025-04-27T00:00:00,2025-04-27T14:44:17,False,113.5504812,22.1189935,Plantae,Plantae,Tracheophyta,Liliopsida,Commelinales,Commelinaceae,Tradescantia,Tradescantia cerinthoides,,"坐标(113.5504812, 22.1189935)不在澳门陆地区域内，疑似位于海上"
274455617,2025-04-27T00:00:00,2025-04-27T14:44:36,False,113.5504736,22.11897486,Plantae,Plantae,Tracheophyta,Magnoliopsida,Ranunculales,Berberidaceae,Nandina,Nandina domestica,,"坐标(113.5504736, 22.11897486)不在澳门陆地区域内，疑似位于海上"
274455647,2025-04-27T00:00:00,2025-04-27T14:44:54,False,113.5505155,22.11888305,Plantae,Plantae,Tracheophyta,Liliopsida,Alismatales,Araceae,Epipremnum,Epipremnum aureum,,"坐标(113.5505155, 22.11888305)不在澳门陆地区域内，疑似位于海上"
274455736,2025-04-27T00:00:00,2025-04-27T14:45:07,False,113.5504914,22.11898123,Plantae,Plantae,Tracheophyta,Liliopsida,Asparagales,Asphodelaceae,Hemerocallis,Hemerocallis fulva,,"坐标(113.5504914, 22.11898123)不在澳门陆地区域内，疑似位于海上"
274456009,2025-04-27T00:00:00,2025-04-27T14:44:59,False,113.5504847,22.11903429,Plantae,Plantae,Tracheophyta,Liliopsida,Asparagales,Asphodelaceae,Hemerocallis,Hemerocallis fulva,,"坐标(113.5504847, 22.11903429)不在澳门陆地区域内，疑似位于海上"
274456174,2025-04-27T00:00:00,2025-04-27T14:45:28,False,113.5504868,22.11902223,Plantae,Plantae,Tracheophyta,Magnoliopsida,Saxifragales,Crassulaceae,Sedum,Sedum mexicanum,,"坐标(113.5504868, 22.11902223)不在澳门陆地区域内，疑似位于海上"
274456358,2025-04-27T00:00:00,2025-04-27T14:45:45,False,113.5505097,22.11899392,Plantae,Plantae,Tracheophyta,Magnoliopsida,Lamiales,Lamiaceae,Coleus,Coleus scutellarioides,,"坐标(113.5505097, 22.11899392)不在澳门陆地区域内，疑似位于海上"
274457611,2025-04-27T00:00:00,2025-04-27T14:49:37,False,113.5510752,22.11861791,Plantae,Plantae,Tracheophyta,Magnoliopsida,Gentianales,Apocynaceae,Vincetoxicum,Vincetoxicum hirsutum,,"坐标(113.5510752, 22.11861791)不在澳门陆地区域内，疑似位于海上"
274457630,2025-04-27T00:00:00,2025-04-27T14:49:40,False,113.548109,22.15832664,Plantae,Plantae,Tracheophyta,Magnoliopsida,Malpighiales,Euphorbiaceae,Mallotus,Mallotus paniculatus,,"坐标(113.548109, 22.15832664)不在澳门陆地区域内，疑似位于海上"
274457664,2025-04-27T00:00:00,2025-04-27T14:49:43,False,113.5510338,22.11854227,Plantae,Plantae,Tracheophyta,Magnoliopsida,Rosales,Moraceae,Streblus,Streblus asper,,"坐标(113.5510338, 22.11854227)不在澳门陆地区域内，疑似位于海上"
274457817,2025-04-27T00:00:00,2025-04-27T14:50:09,False,113.5482686,22.15846761,Plantae,Plantae,Tracheophyta,Magnoliopsida,Myrtales,Melastomataceae,Melastoma,Melastoma candidum,,"坐标(113.5482686, 22.15846761)不在澳门陆地区域内，疑似位于海上"
274457948,2025-04-27T00:00:00,2025-04-27T14:50:55,False,113.550834,22.11825286,Plantae,Plantae,Tracheophyta,Magnoliopsida,Asterales,Asteraceae,Bidens,Bidens alba,,"坐标(113.550834, 22.11825286)不在澳门陆地区域内，疑似位于海上"
274458346,2025-04-27T00:00:00,2025-04-27T14:51:31,False,113.5508827,22.11826734,Plantae,Plantae,Tracheophyta,Magnoliopsida,Fabales,Fabaceae,Pongamia,Pongamia pinnata,,"坐标(113.5508827, 22.11826734)不在澳门陆地区域内，疑似位于海上"
274458554,2025-04-27T00:00:00,2025-04-27T14:51:52,False,113.54788,22.1581945,Aves,Animalia,Chordata,Aves,Passeriformes,Sturnidae,Acridotheres,Acridotheres cristatellus,,"坐标(113.54788, 22.1581945)不在澳门陆地区域内，疑似位于海上"
274458736,2025-04-27T00:00:00,2025-04-27T14:52:55,False,113.5508711,22.11821546,Plantae,Plantae,Tracheophyta,Magnoliopsida,Fabales,Fabaceae,Acacia,Acacia auriculiformis,,"坐标(113.5508711, 22.11821546)不在澳门陆地区域内，疑似位于海上"
274458774,2025-04-27T00:00:00,2025-04-27T14:53:20,False,113.5509444,22.11808019,Plantae,Plantae,Tracheophyta,Magnoliopsida,Caryophyllales,Nyctaginaceae,Bougainvillea,Bougainvillea glabra,,"坐标(113.5509444, 22.11808019)不在澳门陆地区域内，疑似位于海上"
274459146,2025-04-27T00:00:00,2025-04-27T14:54:16,False,113.5508392,22.1182484,Plantae,Plantae,Tracheophyta,Magnoliopsida,Malpighiales,Euphorbiaceae,Macaranga,Macaranga tanarius,,"坐标(113.5508392, 22.1182484)不在澳门陆地区域内，疑似位于海上"
274459300,2025-04-27T00:00:00,2025-04-27T14:54:40,False,113.5508699,22.11826796,Plantae,Plantae,Tracheophyta,Magnoliopsida,Asterales,Asteraceae,Bidens,Bidens alba,,"坐标(113.5508699, 22.11826796)不在澳门陆地区域内，疑似位于海上"
274459350,2025-04-27T00:00:00,2025-04-27T14:55:02,False,113.5509132,22.11831116,Plantae,Plantae,Tracheophyta,Magnoliopsida,Rosales,Moraceae,Ficus,Ficus hispida,,"坐标(113.5509132, 22.11831116)不在澳门陆地区域内，疑似位于海上"
274459434,2025-04-27T00:00:00,2025-04-27T14:55:16,False,113.5509503,22.11832138,Plantae,Plantae,Tracheophyta,Magnoliopsida,Gentianales,Gentianaceae,Fagraea,Fagraea ceilanica,,"坐标(113.5509503, 22.11832138)不在澳门陆地区域内，疑似位于海上"
274459865,2025-04-27T00:00:00,2025-04-27T14:56:51,False,113.5508742,22.11861604,Plantae,Plantae,Tracheophyta,Magnoliopsida,Lamiales,Acanthaceae,Dicliptera,Dicliptera chinensis,,"坐标(113.5508742, 22.11861604)不在澳门陆地区域内，疑似位于海上"
274459886,2025-04-27T00:00:00,2025-04-27T14:56:57,False,113.5508412,22.11868022,Plantae,Plantae,Tracheophyta,Magnoliopsida,Lamiales,Acanthaceae,Dicliptera,Dicliptera chinensis,,"坐标(113.5508412, 22.11868022)不在澳门陆地区域内，疑似位于海上"
274460078,2025-04-27T00:00:00,2025-04-27T14:57:32,False,113.5508711,22.11866484,Plantae,Plantae,Tracheophyta,Magnoliopsida,Rosales,Urticaceae,Pouzolzia,Pouzolzia zeylanica,,"坐标(113.5508711, 22.11866484)不在澳门陆地区域内，疑似位于海上"
274460085,2025-04-27T00:00:00,2025-04-27T14:57:09,False,113.55086,22.1186929,Plantae,Plantae,Tracheophyta,Magnoliopsida,Sapindales,Rutaceae,Ruta,Ruta graveolens,,"坐标(113.55086, 22.1186929)不在澳门陆地区域内，疑似位于海上"
274460136,2025-04-27T00:00:00,2025-04-27T14:57:32,False,113.5508512,22.11863124,Plantae,Plantae,Tracheophyta,Magnoliopsida,Asterales,Asteraceae,Crossostephium,Crossostephium chinense,,"坐标(113.5508512, 22.11863124)不在澳门陆地区域内，疑似位于海上"
274461153,2025-04-27T00:00:00,2025-04-27T15:00:29,False,113.5496429,22.11910998,Aves,Animalia,Chordata,Aves,Pelecaniformes,Ardeidae,Ardea,Ardea alba,,"坐标(113.5496429, 22.11910998)不在澳门陆地区域内，疑似位于海上"
274461187,2025-04-27T00:00:00,2025-04-27T15:00:33,False,113.5496634,22.11904402,Aves,Animalia,Chordata,Aves,Pelecaniformes,Ardeidae,Egretta,Egretta garzetta,,"坐标(113.5496634, 22.11904402)不在澳门陆地区域内，疑似位于海上"
274461581,2025-04-27T00:00:00,2025-04-27T15:01:27,True,113.5498446,22.11923193,Plantae,Plantae,Tracheophyta,Magnoliopsida,Saxifragales,Crassulaceae,Kalanchoe,Kalanchoe blossfeldiana,,"坐标(113.5498446, 22.11923193)不在澳门陆地区域内，疑似位于海上"
274461631,2025-04-27T00:00:00,2025-04-27T15:01:31,False,113.5498222,22.1192211,Plantae,Plantae,Tracheophyta,Magnoliopsida,Saxifragales,Crassulaceae,Kalanchoe,Kalanchoe blossfeldiana,,"坐标(113.5498222, 22.1192211)不在澳门陆地区域内，疑似位于海上"
274466177,2025-04-27T00:00:00,2025-04-27T15:12:53,False,113.5435958,22.1615051,Aves,Animalia,Chordata,Aves,Passeriformes,Passeridae,Passer,Passer montanus,,"坐标(113.5435958, 22.1615051)不在澳门陆地区域内，疑似位于海上"
274466258,2025-04-27T00:00:00,2025-04-27T15:13:06,True,113.57673,22.18266227,Plantae,Plantae,Tracheophyta,Magnoliopsida,Ericales,Sapotaceae,Synsepalum,Synsepalum dulcificum,,"坐标(113.57673, 22.18266227)不在澳门陆地区域内，疑似位于海上"
274467473,2025-04-27T00:00:00,2025-04-27T15:15:00,True,113.5891507,22.11630442,Plantae,Plantae,Tracheophyta,Liliopsida,Asparagales,Orchidaceae,Dendrobium,Dendrobium officinale,,"坐标(113.5891507, 22.11630442)不在澳门陆地区域内，疑似位于海上"
274471689,2025-04-27T00:00:00,2025-04-27T13:04:48,False,113.6128277,22.16243389,Plantae,Plantae,Tracheophyta,Magnoliopsida,Lamiales,Acanthaceae,Crossandra,Crossandra infundibuliformis,,"坐标(113.6128277, 22.16243389)不在澳门陆地区域内，疑似位于海上"
274474161,2025-04-27T00:00:00,2025-04-27T15:34:26,False,113.5505755,22.11844202,Insecta,Animalia,Arthropoda,Insecta,Coleoptera,Coccinellidae,Cheilomenes,Cheilomenes sexmaculata,,"坐标(113.5505755, 22.11844202)不在澳门陆地区域内，疑似位于海上"
274474649,2025-04-27T00:00:00,2025-04-27T15:36:12,False,113.556201,22.18628298,Aves,Animalia,Chordata,Aves,Columbiformes,Columbidae,Spilopelia,Spilopelia chinensis,,"坐标(113.556201, 22.18628298)不在澳门陆地区域内，疑似位于海上"
274475268,2025-04-27T00:00:00,2025-04-27T15:38:02,False,113.5560494,22.18638214,Aves,Animalia,Chordata,Aves,Columbiformes,Columbidae,Spilopelia,Spilopelia chinensis,,"坐标(113.5560494, 22.18638214)不在澳门陆地区域内，疑似位于海上"
274475572,2025-04-27T00:00:00,2025-04-27T15:39:13,False,113.5577038,22.11282718,Plantae,Plantae,Tracheophyta,Magnoliopsida,Oxalidales,Oxalidaceae,Oxalis,Oxalis grandis,,"坐标(113.5577038, 22.11282718)不在澳门陆地区域内，疑似位于海上"
274475618,2025-04-27T00:00:00,2025-04-27T15:39:22,False,113.5473632,22.16227635,Insecta,Animalia,Arthropoda,Insecta,Hemiptera,Largidae,Physopelta,Physopelta gutta,,"坐标(113.5473632, 22.16227635)不在澳门陆地区域内，疑似位于海上"
274476214,2025-04-27T00:00:00,2025-04-27T15:40:59,False,113.5577578,22.11259868,Plantae,Plantae,Tracheophyta,Magnoliopsida,Fabales,Fabaceae,Mimosa,Mimosa malacophylla,,"坐标(113.5577578, 22.11259868)不在澳门陆地区域内，疑似位于海上"
274476373,2025-04-27T00:00:00,2025-04-27T15:41:35,False,113.5578355,22.11246138,Plantae,Plantae,Tracheophyta,Magnoliopsida,Rosales,Urticaceae,Pilea,Pilea microphylla,,"坐标(113.5578355, 22.11246138)不在澳门陆地区域内，疑似位于海上"
274476411,2025-04-27T00:00:00,2025-04-27T15:40:56,False,113.5504258,22.11844448,Aves,Animalia,Chordata,Aves,Pelecaniformes,Ardeidae,Egretta,Egretta garzetta,,"坐标(113.5504258, 22.11844448)不在澳门陆地区域内，疑似位于海上"
274476515,2025-04-27T00:00:00,2025-04-27T15:38:54,False,113.557725,22.11278884,Plantae,Plantae,Tracheophyta,Magnoliopsida,Lamiales,Oleaceae,Fraxinus,Fraxinus griffithii,,"坐标(113.557725, 22.11278884)不在澳门陆地区域内，疑似位于海上"
274477030,2025-04-27T00:00:00,2025-04-27T15:43:34,True,113.5577653,22.11218929,Plantae,Plantae,Tracheophyta,Liliopsida,Zingiberales,Marantaceae,Stromanthe,Stromanthe thalia,,"坐标(113.5577653, 22.11218929)不在澳门陆地区域内，疑似位于海上"
274477074,2025-04-27T00:00:00,2025-04-27T15:43:38,False,113.5577539,22.11225559,Plantae,Plantae,Tracheophyta,Liliopsida,Arecales,Arecaceae,Chamaedorea,Chamaedorea elegans,,"坐标(113.5577539, 22.11225559)不在澳门陆地区域内，疑似位于海上"
274477100,2025-04-27T00:00:00,2025-04-27T15:43:31,True,113.5581883,22.11262783,Plantae,Plantae,Tracheophyta,Liliopsida,Arecales,Arecaceae,Chamaedorea,Chamaedorea elegans,,"坐标(113.5581883, 22.11262783)不在澳门陆地区域内，疑似位于海上"
274477140,2025-04-27T00:00:00,2025-04-27T15:44:01,True,113.5577585,22.11223561,Plantae,Plantae,Tracheophyta,Magnoliopsida,Gentianales,Apocynaceae,Catharanthus,Catharanthus roseus,,"坐标(113.5577585, 22.11223561)不在澳门陆地区域内，疑似位于海上"
274477301,2025-04-27T00:00:00,2025-04-27T15:44:21,True,113.5577366,22.11226897,Plantae,Plantae,Tracheophyta,Magnoliopsida,Oxalidales,Oxalidaceae,Oxalis,Oxalis tetraphylla,,"坐标(113.5577366, 22.11226897)不在澳门陆地区域内，疑似位于海上"
274477343,2025-04-27T00:00:00,2025-04-27T15:44:24,True,113.5577339,22.11230656,Plantae,Plantae,Tracheophyta,Magnoliopsida,Lamiales,Acanthaceae,Strobilanthes,Strobilanthes auriculata,,"坐标(113.5577339, 22.11230656)不在澳门陆地区域内，疑似位于海上"
274477487,2025-04-27T00:00:00,2025-04-27T15:44:44,False,113.5578932,22.112342,Plantae,Plantae,Tracheophyta,Magnoliopsida,Gentianales,Apocynaceae,Catharanthus,Catharanthus roseus,,"坐标(113.5578932, 22.112342)不在澳门陆地区域内，疑似位于海上"
274477564,2025-04-27T00:00:00,2025-04-27T15:45:01,True,113.5577665,22.11226824,Plantae,Plantae,Tracheophyta,Magnoliopsida,Gentianales,Apocynaceae,Catharanthus,Catharanthus roseus,,"坐标(113.5577665, 22.11226824)不在澳门陆地区域内，疑似位于海上"
274477648,2025-04-27T00:00:00,2025-04-27T15:45:21,True,113.5577478,22.11229671,Plantae,Plantae,Tracheophyta,Magnoliopsida,Malvales,Malvaceae,Callianthe,Callianthe picta,,"坐标(113.5577478, 22.11229671)不在澳门陆地区域内，疑似位于海上"
274477862,2025-04-27T00:00:00,2025-04-27T15:43:38,False,113.5504199,22.11847503,Animalia,Animalia,Arthropoda,Malacostraca,Decapoda,Grapsidae,Metopograpsus,Metopograpsus quadridentatus,,"坐标(113.5504199, 22.11847503)不在澳门陆地区域内，疑似位于海上"
274477915,2025-04-27T00:00:00,2025-04-27T15:45:36,True,113.5577617,22.11230471,Plantae,Plantae,Tracheophyta,Magnoliopsida,Asterales,Asteraceae,Artemisia,Artemisia verlotiorum,,"坐标(113.5577617, 22.11230471)不在澳门陆地区域内，疑似位于海上"
274477943,2025-04-27T00:00:00,2025-04-27T15:46:02,True,113.5577416,22.1122578,Fungi,Fungi,Ascomycota,Leotiomycetes,Helotiales,Erysiphaceae,Golovinomyces,Golovinomyces artemisiae,,"坐标(113.5577416, 22.1122578)不在澳门陆地区域内，疑似位于海上"
274478049,2025-04-27T00:00:00,2025-04-27T15:46:02,True,113.5579269,22.11235486,Plantae,Plantae,Tracheophyta,Liliopsida,Commelinales,Commelinaceae,Tradescantia,Tradescantia pallida,,"坐标(113.5579269, 22.11235486)不在澳门陆地区域内，疑似位于海上"
274478159,2025-04-27T00:00:00,2025-04-27T15:46:22,True,113.5577658,22.11220921,Plantae,Plantae,Tracheophyta,Magnoliopsida,Lamiales,Lamiaceae,Coleus,Coleus scutellarioides,,"坐标(113.5577658, 22.11220921)不在澳门陆地区域内，疑似位于海上"
274478248,2025-04-27T00:00:00,2025-04-27T15:46:41,False,113.557951,22.11237782,Plantae,Plantae,Tracheophyta,Magnoliopsida,Malvales,Malvaceae,Hibiscus,Hibiscus rosa-sinensis,,"坐标(113.557951, 22.11237782)不在澳门陆地区域内，疑似位于海上"
274478267,2025-04-27T00:00:00,2025-04-27T15:46:47,True,113.5577648,22.11220988,Plantae,Plantae,Tracheophyta,Liliopsida,Asparagales,Asparagaceae,Agave,Agave angustifolia,,"坐标(113.5577648, 22.11220988)不在澳门陆地区域内，疑似位于海上"
274478408,2025-04-27T00:00:00,2025-04-27T15:47:15,True,113.557813,22.1121739,Plantae,Plantae,Tracheophyta,Magnoliopsida,Asterales,Asteraceae,Artemisia,Artemisia verlotiorum,,"坐标(113.557813, 22.1121739)不在澳门陆地区域内，疑似位于海上"
274478901,2025-04-27T00:00:00,2025-04-27T15:48:28,True,113.5568207,22.18646799,Plantae,Plantae,Tracheophyta,Liliopsida,Asparagales,Asparagaceae,Cordyline,Cordyline fruticosa,,"坐标(113.5568207, 22.18646799)不在澳门陆地区域内，疑似位于海上"
274478946,2025-04-27T00:00:00,2025-04-27T15:48:24,True,113.5567901,22.18645159,Plantae,Plantae,Tracheophyta,Liliopsida,Asparagales,Asparagaceae,Cordyline,Cordyline fruticosa,,"坐标(113.5567901, 22.18645159)不在澳门陆地区域内，疑似位于海上"
274479008,2025-04-27T00:00:00,2025-04-27T15:46:30,False,113.5504052,22.1184389,Animalia,Animalia,Arthropoda,Malacostraca,Decapoda,Macrophthalmidae,Macrophthalmus,Macrophthalmus pacificus,,"坐标(113.5504052, 22.1184389)不在澳门陆地区域内，疑似位于海上"
274479070,2025-04-27T00:00:00,2025-04-27T15:49:04,True,113.5575883,22.1119511,Plantae,Plantae,Tracheophyta,Magnoliopsida,Lamiales,Verbenaceae,Lantana,Lantana strigocamara,,"坐标(113.5575883, 22.1119511)不在澳门陆地区域内，疑似位于海上"
274479152,2025-04-27T00:00:00,2025-04-27T15:49:20,False,113.5459421,22.1615788,Plantae,Plantae,Tracheophyta,Pinopsida,Pinales,Araucariaceae,Araucaria,Araucaria columnaris,,"坐标(113.5459421, 22.1615788)不在澳门陆地区域内，疑似位于海上"
274479268,2025-04-27T00:00:00,2025-04-27T15:49:06,False,113.5577383,22.11205,Plantae,Plantae,Tracheophyta,Magnoliopsida,Lamiales,Verbenaceae,Lantana,Lantana strigocamara,,"坐标(113.5577383, 22.11205)不在澳门陆地区域内，疑似位于海上"
274479309,2025-04-27T00:00:00,2025-04-27T15:49:12,False,113.5463728,22.16241805,Plantae,Plantae,Tracheophyta,Pinopsida,Pinales,Araucariaceae,Araucaria,Araucaria columnaris,,"坐标(113.5463728, 22.16241805)不在澳门陆地区域内，疑似位于海上"
274479402,2025-04-27T00:00:00,2025-04-27T15:49:36,False,113.5459712,22.16162642,Plantae,Plantae,Tracheophyta,Pinopsida,Pinales,Araucariaceae,Araucaria,Araucaria columnaris,,"坐标(113.5459712, 22.16162642)不在澳门陆地区域内，疑似位于海上"
274479438,2025-04-27T00:00:00,2025-04-27T15:50:04,True,113.5573,22.1117294,Plantae,Plantae,Tracheophyta,Magnoliopsida,Lamiales,Acanthaceae,Ruellia,Ruellia simplex,,"坐标(113.5573, 22.1117294)不在澳门陆地区域内，疑似位于海上"
274479443,2025-04-27T00:00:00,2025-04-27T15:50:11,False,113.5572956,22.11171998,Plantae,Plantae,Tracheophyta,Magnoliopsida,Lamiales,Acanthaceae,Ruellia,Ruellia simplex,,"坐标(113.5572956, 22.11171998)不在澳门陆地区域内，疑似位于海上"
274479555,2025-04-27T00:00:00,2025-04-27T15:50:31,False,113.5573034,22.11172541,Plantae,Plantae,Tracheophyta,Magnoliopsida,Malvales,Malvaceae,Hibiscus,Hibiscus rosa-sinensis,,"坐标(113.5573034, 22.11172541)不在澳门陆地区域内，疑似位于海上"
274479933,2025-04-27T00:00:00,2025-04-27T15:51:21,True,113.5572128,22.11172256,Plantae,Plantae,Tracheophyta,Magnoliopsida,Malvales,Malvaceae,Hibiscus,Hibiscus rosa-sinensis,,"坐标(113.5572128, 22.11172256)不在澳门陆地区域内，疑似位于海上"
274480078,2025-04-27T00:00:00,2025-04-27T15:51:39,True,113.5572781,22.11168322,Plantae,Plantae,Tracheophyta,Magnoliopsida,Saxifragales,Crassulaceae,Kalanchoe,Kalanchoe blossfeldiana,,"坐标(113.5572781, 22.11168322)不在澳门陆地区域内，疑似位于海上"
274480454,2025-04-27T00:00:00,2025-04-27T15:52:15,True,113.5571299,22.11161919,Plantae,Plantae,Tracheophyta,Magnoliopsida,Malvales,Malvaceae,Dombeya,Dombeya wallichii,,"坐标(113.5571299, 22.11161919)不在澳门陆地区域内，疑似位于海上"
274481893,2025-04-27T00:00:00,2025-04-27T15:53:35,False,113.5570223,22.11146208,Plantae,Plantae,Tracheophyta,Magnoliopsida,Apiales,Araliaceae,Hydrocotyle,Hydrocotyle leucocephala,,"坐标(113.5570223, 22.11146208)不在澳门陆地区域内，疑似位于海上"
274483202,2025-04-27T00:00:00,2025-04-27T15:58:43,False,113.54792,22.16848,Aves,Animalia,Chordata,Aves,Pelecaniformes,Ardeidae,Egretta,Egretta garzetta,,"坐标(113.54792, 22.16848)不在澳门陆地区域内，疑似位于海上"
274483422,2025-04-27T00:00:00,2025-04-27T15:31:18,False,113.569688,22.18767597,Plantae,Plantae,Tracheophyta,Magnoliopsida,Saxifragales,Hamamelidaceae,Loropetalum,Loropetalum chinense,,"坐标(113.569688, 22.18767597)不在澳门陆地区域内，疑似位于海上"
274483542,2025-04-27T00:00:00,2025-04-27T15:31:32,False,113.569688,22.18767597,Plantae,Plantae,Tracheophyta,Magnoliopsida,Ericales,Sapotaceae,Chrysophyllum,Chrysophyllum cainito,,"坐标(113.569688, 22.18767597)不在澳门陆地区域内，疑似位于海上"
274485233,2025-04-27T00:00:00,2025-04-27T16:03:49,False,113.5559962,22.11072845,Plantae,Plantae,Tracheophyta,Magnoliopsida,Fabales,Fabaceae,Acacia,Acacia confusa,,"坐标(113.5559962, 22.11072845)不在澳门陆地区域内，疑似位于海上"
274487144,2025-04-27T00:00:00,2025-04-27T16:09:15,True,113.55672,22.1115339,Plantae,Plantae,Tracheophyta,Magnoliopsida,Asterales,Asteraceae,Crossostephium,Crossostephium chinense,,"坐标(113.55672, 22.1115339)不在澳门陆地区域内，疑似位于海上"
274487910,2025-04-27T00:00:00,2025-04-27T16:11:27,False,113.5564743,22.11151572,Plantae,Plantae,Tracheophyta,Magnoliopsida,Gentianales,Rubiaceae,Ixora,Ixora casei,,"坐标(113.5564743, 22.11151572)不在澳门陆地区域内，疑似位于海上"
274489140,2025-04-27T00:00:00,2025-04-27T16:14:18,False,113.5557943,22.11100931,Plantae,Plantae,Tracheophyta,Polypodiopsida,Gleicheniales,Gleicheniaceae,Dicranopteris,Dicranopteris linearis,,"坐标(113.5557943, 22.11100931)不在澳门陆地区域内，疑似位于海上"
274489701,2025-04-27T00:00:00,2025-04-27T16:15:44,False,113.5563217,22.11117968,Plantae,Plantae,Tracheophyta,Magnoliopsida,Caryophyllales,Amaranthaceae,Alternanthera,Alternanthera brasiliana,,"坐标(113.5563217, 22.11117968)不在澳门陆地区域内，疑似位于海上"
274489766,2025-04-27T00:00:00,2025-04-27T16:15:37,False,113.5555584,22.11047951,Plantae,Plantae,Tracheophyta,Magnoliopsida,Caryophyllales,Amaranthaceae,Alternanthera,Alternanthera brasiliana,,"坐标(113.5555584, 22.11047951)不在澳门陆地区域内，疑似位于海上"
274490063,2025-04-27T00:00:00,2025-04-27T16:16:20,False,113.5554087,22.1105173,Plantae,Plantae,Tracheophyta,Liliopsida,Poales,Poaceae,Cenchrus,Cenchrus setaceus,,"坐标(113.5554087, 22.1105173)不在澳门陆地区域内，疑似位于海上"
274490091,2025-04-27T00:00:00,2025-04-27T16:16:36,False,113.5468367,22.15953617,Aves,Animalia,Chordata,Aves,Passeriformes,Passeridae,Passer,Passer montanus,,"坐标(113.5468367, 22.15953617)不在澳门陆地区域内，疑似位于海上"
274490326,2025-04-27T00:00:00,2025-04-27T16:16:19,False,113.5553913,22.11050702,Plantae,Plantae,Tracheophyta,Liliopsida,Poales,Poaceae,Cenchrus,Cenchrus setaceus,,"坐标(113.5553913, 22.11050702)不在澳门陆地区域内，疑似位于海上"
274490936,2025-04-27T00:00:00,2025-04-27T16:18:26,False,113.5543594,22.11082482,Plantae,Plantae,Tracheophyta,Magnoliopsida,Oxalidales,Oxalidaceae,Oxalis,Oxalis debilis,,"坐标(113.5543594, 22.11082482)不在澳门陆地区域内，疑似位于海上"
274491530,2025-04-27T00:00:00,2025-04-27T16:20:36,False,113.5309299,22.18387856,Plantae,Plantae,Tracheophyta,Magnoliopsida,Malpighiales,Phyllanthaceae,Aporosa,Aporosa octandra,,"坐标(113.5309299, 22.18387856)不在澳门陆地区域内，疑似位于海上"
274491719,2025-04-27T00:00:00,2025-04-27T16:20:38,False,113.5536887,22.11098491,Plantae,Plantae,Tracheophyta,Magnoliopsida,Fabales,Fabaceae,Cheniella,Cheniella glauca,,"坐标(113.5536887, 22.11098491)不在澳门陆地区域内，疑似位于海上"
274492580,2025-04-27T00:00:00,2025-04-27T16:22:33,False,113.55058,22.14629414,Plantae,Plantae,Tracheophyta,Liliopsida,Poales,Cyperaceae,Cyperus,Cyperus rotundus,,"坐标(113.55058, 22.14629414)不在澳门陆地区域内，疑似位于海上"
274492662,2025-04-27T00:00:00,2025-04-27T16:22:54,False,113.5311481,22.18463967,Plantae,Plantae,Tracheophyta,Magnoliopsida,Myrtales,Myrtaceae,Plinia,Plinia cauliflora,,"坐标(113.5311481, 22.18463967)不在澳门陆地区域内，疑似位于海上"
274492834,2025-04-27T00:00:00,2025-04-27T16:22:31,False,113.5530215,22.11125915,Plantae,Plantae,Tracheophyta,Liliopsida,Poales,Poaceae,Melinis,Melinis repens,,"坐标(113.5530215, 22.11125915)不在澳门陆地区域内，疑似位于海上"
274493004,2025-04-27T00:00:00,2025-04-27T16:23:42,True,113.5506388,22.14623161,Plantae,Plantae,Tracheophyta,Magnoliopsida,Lamiales,Acanthaceae,Acanthus,Acanthus ilicifolius,,"坐标(113.5506388, 22.14623161)不在澳门陆地区域内，疑似位于海上"
274493286,2025-04-27T00:00:00,2025-04-27T16:24:00,False,113.5528884,22.11139559,Plantae,Plantae,Tracheophyta,Polypodiopsida,Gleicheniales,Gleicheniaceae,Dicranopteris,Dicranopteris linearis,,"坐标(113.5528884, 22.11139559)不在澳门陆地区域内，疑似位于海上"
274493600,2025-04-27T00:00:00,2025-04-27T16:24:01,False,113.5525455,22.11172835,Plantae,Plantae,Tracheophyta,Magnoliopsida,Ranunculales,Menispermaceae,Pericampylus,Pericampylus glaucus,,"坐标(113.5525455, 22.11172835)不在澳门陆地区域内，疑似位于海上"
274493679,2025-04-27T00:00:00,2025-04-27T16:25:09,False,113.5315339,22.18369723,Plantae,Plantae,Tracheophyta,Magnoliopsida,Gentianales,Rubiaceae,Catunaregam,Catunaregam spinosa,,"坐标(113.5315339, 22.18369723)不在澳门陆地区域内，疑似位于海上"
274494001,2025-04-27T00:00:00,2025-04-27T16:25:44,False,113.5455383,22.15842217,Plantae,Plantae,Tracheophyta,Magnoliopsida,Rosales,Moraceae,Ficus,Ficus subpisocarpa,,"坐标(113.5455383, 22.15842217)不在澳门陆地区域内，疑似位于海上"
274494107,2025-04-27T00:00:00,2025-04-27T16:19:25,False,113.5501699,22.11980839,Insecta,Animalia,Arthropoda,Insecta,Lepidoptera,Erebidae,Orvasca,Orvasca subnotata,,"坐标(113.5501699, 22.11980839)不在澳门陆地区域内，疑似位于海上"
274494286,2025-04-27T00:00:00,2025-04-27T16:25:38,False,113.5506004,22.14618161,Insecta,Animalia,Arthropoda,Insecta,Hymenoptera,Apidae,Xylocopa,Xylocopa nasalis,,"坐标(113.5506004, 22.14618161)不在澳门陆地区域内，疑似位于海上"
274494875,2025-04-27T00:00:00,2025-04-27T16:26:27,False,113.5519663,22.11204191,Plantae,Plantae,Tracheophyta,Magnoliopsida,Apiales,Araliaceae,Hydrocotyle,Hydrocotyle nepalensis,,"坐标(113.5519663, 22.11204191)不在澳门陆地区域内，疑似位于海上"
274496334,2025-04-27T00:00:00,2025-04-27T16:27:24,True,113.5511363,22.11216166,Plantae,Plantae,Tracheophyta,Magnoliopsida,Lamiales,Verbenaceae,Lantana,Lantana montevidensis,,"坐标(113.5511363, 22.11216166)不在澳门陆地区域内，疑似位于海上"
274496381,2025-04-27T00:00:00,2025-04-27T16:31:09,False,113.5501622,22.11356204,Plantae,Plantae,Tracheophyta,Magnoliopsida,Saxifragales,Hamamelidaceae,Loropetalum,Loropetalum chinense,,"坐标(113.5501622, 22.11356204)不在澳门陆地区域内，疑似位于海上"
274496490,2025-04-27T00:00:00,2025-04-27T16:31:51,False,113.5500747,22.11381117,Plantae,Plantae,Tracheophyta,Magnoliopsida,Malpighiales,Euphorbiaceae,Excoecaria,Excoecaria cochinchinensis,,"坐标(113.5500747, 22.11381117)不在澳门陆地区域内，疑似位于海上"
274496568,2025-04-27T00:00:00,2025-04-27T16:31:54,False,113.548156,22.16720861,Aves,Animalia,Chordata,Aves,Pelecaniformes,Ardeidae,Ardea,Ardea alba,,"坐标(113.548156, 22.16720861)不在澳门陆地区域内，疑似位于海上"
274497241,2025-04-27T00:00:00,2025-04-27T16:32:57,False,113.5503668,22.11439505,Plantae,Plantae,Tracheophyta,Magnoliopsida,Malpighiales,Euphorbiaceae,Macaranga,Macaranga tanarius,,"坐标(113.5503668, 22.11439505)不在澳门陆地区域内，疑似位于海上"
274497359,2025-04-27T00:00:00,2025-04-27T16:33:45,False,113.5504375,22.11444997,Plantae,Plantae,Tracheophyta,Magnoliopsida,Malpighiales,Euphorbiaceae,Melanolepis,Melanolepis multiglandulosa,,"坐标(113.5504375, 22.11444997)不在澳门陆地区域内，疑似位于海上"
274497911,2025-04-27T00:00:00,2025-04-27T16:31:54,False,113.5482167,22.167245,Aves,Animalia,Chordata,Aves,Pelecaniformes,Ardeidae,Egretta,Egretta garzetta,,"坐标(113.5482167, 22.167245)不在澳门陆地区域内，疑似位于海上"
274498176,2025-04-27T00:00:00,2025-04-27T16:33:45,False,113.5309617,22.18626667,Insecta,Animalia,Arthropoda,Insecta,Hemiptera,Tessaratomidae,Tessaratoma,Tessaratoma papillosa,,"坐标(113.5309617, 22.18626667)不在澳门陆地区域内，疑似位于海上"
274500578,2025-04-27T00:00:00,2025-04-27T16:40:52,False,113.5311967,22.18575833,Insecta,Animalia,Arthropoda,Insecta,Lepidoptera,Geometridae,Psamatodes,Psamatodes abydata,,"坐标(113.5311967, 22.18575833)不在澳门陆地区域内，疑似位于海上"
274500617,2025-04-27T00:00:00,2025-04-27T16:41:22,False,113.5520227,22.14367852,Plantae,Plantae,Tracheophyta,Magnoliopsida,Malvales,Malvaceae,Hibiscus,Hibiscus tiliaceus,,"坐标(113.5520227, 22.14367852)不在澳门陆地区域内，疑似位于海上"
274500833,2025-04-27T00:00:00,2025-04-27T16:41:52,False,113.5519342,22.14362352,Plantae,Plantae,Tracheophyta,Magnoliopsida,Fabales,Fabaceae,Leucaena,Leucaena leucocephala,,"坐标(113.5519342, 22.14362352)不在澳门陆地区域内，疑似位于海上"
274500999,2025-04-27T00:00:00,2025-04-27T16:42:19,True,113.5510297,22.11622561,Plantae,Plantae,Tracheophyta,Liliopsida,Asparagales,Asphodelaceae,Aloe,Aloe vera,,"坐标(113.5510297, 22.11622561)不在澳门陆地区域内，疑似位于海上"
274501334,2025-04-27T00:00:00,2025-04-27T16:43:04,False,113.5519144,22.14345654,Plantae,Plantae,Tracheophyta,Liliopsida,Poales,Poaceae,Megathyrsus,Megathyrsus maximus,,"坐标(113.5519144, 22.14345654)不在澳门陆地区域内，疑似位于海上"
274501337,2025-04-27T00:00:00,2025-04-27T16:42:52,True,113.5511414,22.11647453,Plantae,Plantae,Tracheophyta,Liliopsida,Asparagales,Asphodelaceae,Aloe,Aloe vera,,"坐标(113.5511414, 22.11647453)不在澳门陆地区域内，疑似位于海上"
274504090,2025-04-27T00:00:00,2025-04-27T16:48:55,False,113.5471283,22.16302783,Mollusca,Animalia,Mollusca,Gastropoda,Stylommatophora,Achatinidae,Lissachatina,Lissachatina fulica,,"坐标(113.5471283, 22.16302783)不在澳门陆地区域内，疑似位于海上"
274505277,2025-04-27T00:00:00,2025-04-27T16:51:59,True,113.5520744,22.14073585,Plantae,Plantae,Tracheophyta,Magnoliopsida,Ericales,Ericaceae,Rhododendron,Rhododendron simsii,,"坐标(113.5520744, 22.14073585)不在澳门陆地区域内，疑似位于海上"
274505330,2025-04-27T00:00:00,2025-04-27T15:42:45,False,113.5615005,22.17772675,Insecta,Animalia,Arthropoda,Insecta,Hymenoptera,Apidae,Apis,Apis cerana,,"坐标(113.5615005, 22.17772675)不在澳门陆地区域内，疑似位于海上"
274505962,2025-04-27T00:00:00,2025-04-27T16:53:13,False,113.5520429,22.14022318,Plantae,Plantae,Tracheophyta,Magnoliopsida,Malpighiales,Euphorbiaceae,Croton,Croton hirtus,,"坐标(113.5520429, 22.14022318)不在澳门陆地区域内，疑似位于海上"
274507083,2025-04-27T00:00:00,2025-04-27T16:56:05,True,113.552355,22.11674554,Plantae,Plantae,Tracheophyta,Magnoliopsida,Lamiales,Verbenaceae,Duranta,Duranta erecta,,"坐标(113.552355, 22.11674554)不在澳门陆地区域内，疑似位于海上"
274507335,2025-04-27T00:00:00,2025-04-27T16:56:40,True,113.5522564,22.11664282,Plantae,Plantae,Tracheophyta,Liliopsida,Asparagales,Orchidaceae,Gomesa,Gomesa flexuosa,,"坐标(113.5522564, 22.11664282)不在澳门陆地区域内，疑似位于海上"
274508256,2025-04-27T00:00:00,2025-04-27T16:58:43,True,113.5520742,22.11618066,Plantae,Plantae,Tracheophyta,Magnoliopsida,Malpighiales,Euphorbiaceae,Euphorbia,Euphorbia milii,,"坐标(113.5520742, 22.11618066)不在澳门陆地区域内，疑似位于海上"
274508532,2025-04-27T00:00:00,2025-04-27T16:59:24,True,113.5519879,22.11623515,Plantae,Plantae,Tracheophyta,Liliopsida,Liliales,Liliaceae,Lilium,Lilium brownii,,"坐标(113.5519879, 22.11623515)不在澳门陆地区域内，疑似位于海上"
274510449,2025-04-27T00:00:00,2025-04-27T17:03:43,False,113.5522414,22.14113768,Plantae,Plantae,Tracheophyta,Magnoliopsida,Malpighiales,Violaceae,Viola,Viola diffusa,,"坐标(113.5522414, 22.14113768)不在澳门陆地区域内，疑似位于海上"
274510805,2025-04-27T00:00:00,2025-04-27T17:04:02,False,113.5443209,22.13520406,Plantae,Plantae,Tracheophyta,Magnoliopsida,Asterales,Asteraceae,Youngia,Youngia japonica,,"坐标(113.5443209, 22.13520406)不在澳门陆地区域内，疑似位于海上"
274512024,2025-04-27T00:00:00,2025-04-27T17:06:40,True,113.5515123,22.11728308,Plantae,Plantae,Tracheophyta,Magnoliopsida,Malvales,Malvaceae,Dombeya,Dombeya wallichii,,"坐标(113.5515123, 22.11728308)不在澳门陆地区域内，疑似位于海上"
274512634,2025-04-27T00:00:00,2025-04-27T17:06:05,False,113.5506389,22.11821189,Animalia,Animalia,Arthropoda,Malacostraca,Decapoda,Sesarmidae,Parasesarma,Parasesarma continentale,,"坐标(113.5506389, 22.11821189)不在澳门陆地区域内，疑似位于海上"
274522467,2025-04-27T00:00:00,2025-04-27T16:34:57,False,113.547975,22.16822833,Aves,Animalia,Chordata,Aves,Pelecaniformes,Ardeidae,Egretta,Egretta garzetta,,"坐标(113.547975, 22.16822833)不在澳门陆地区域内，疑似位于海上"
274522716,2025-04-27T00:00:00,2025-04-27T16:32:07,False,113.5481717,22.16720333,Insecta,Animalia,Arthropoda,Insecta,Hymenoptera,Apidae,Apis,Apis cerana,,"坐标(113.5481717, 22.16720333)不在澳门陆地区域内，疑似位于海上"
274532092,2025-04-27T00:00:00,2025-04-27T08:47:39,False,113.5570068,22.18648338,Aves,Animalia,Chordata,Aves,Accipitriformes,Accipitridae,Milvus,Milvus migrans,,"坐标(113.5570068, 22.18648338)不在澳门陆地区域内，疑似位于海上"
274536289,2025-04-27T00:00:00,2025-04-27T17:57:02,False,113.5506255,22.11797031,Aves,Animalia,Chordata,Aves,Pelecaniformes,Ardeidae,Ardeola,Ardeola bacchus,,"坐标(113.5506255, 22.11797031)不在澳门陆地区域内，疑似位于海上"
274540482,2025-04-27T00:00:00,2025-04-27T18:05:24,False,113.5578099,22.18596323,Aves,Animalia,Chordata,Aves,Charadriiformes,Charadriidae,Anarhynchus,Anarhynchus dealbatus,,"坐标(113.5578099, 22.18596323)不在澳门陆地区域内，疑似位于海上"
274540727,2025-04-27T00:00:00,2025-04-27T18:06:02,False,113.5505615,22.11826998,Insecta,Animalia,Arthropoda,Insecta,Hymenoptera,Apidae,Apis,Apis cerana,,"坐标(113.5505615, 22.11826998)不在澳门陆地区域内，疑似位于海上"
274594460,2025-04-27T00:00:00,2025-04-27T15:36:00,False,113.5541682,22.14015322,Plantae,Plantae,Tracheophyta,Magnoliopsida,Piperales,Saururaceae,Saururus,Saururus chinensis,,"坐标(113.5541682, 22.14015322)不在澳门陆地区域内，疑似位于海上"
274614074,2025-04-25T00:00:00,2025-04-25T13:35:00,False,113.551025,22.11783333,Aves,Animalia,Chordata,Aves,Pelecaniformes,Ardeidae,Egretta,Egretta garzetta,,"坐标(113.551025, 22.11783333)不在澳门陆地区域内，疑似位于海上"
274622503,2025-04-26T00:00:00,,False,113.5946622,22.17160446,Plantae,Plantae,Tracheophyta,Magnoliopsida,Ericales,Theaceae,Camellia,Camellia azalea,,"坐标(113.5946622, 22.17160446)不在澳门陆地区域内，疑似位于海上"
274622758,2025-04-27T00:00:00,2025-04-27T16:59:32,False,113.5456217,22.15220283,Plantae,Plantae,Tracheophyta,Magnoliopsida,Lamiales,Acanthaceae,Acanthus,Acanthus ilicifolius,,"坐标(113.5456217, 22.15220283)不在澳门陆地区域内，疑似位于海上"
274624812,2025-04-27T00:00:00,2025-04-27T13:21:18,False,113.5498734,22.1191082,Aves,Animalia,Chordata,Aves,Passeriformes,Hirundinidae,Hirundo,Hirundo rustica,,"坐标(113.5498734, 22.1191082)不在澳门陆地区域内，疑似位于海上"
274625082,2025-04-27T00:00:00,2025-04-27T13:22:57,False,113.5501862,22.11879539,Aves,Animalia,Chordata,Aves,Pelecaniformes,Ardeidae,Egretta,Egretta garzetta,,"坐标(113.5501862, 22.11879539)不在澳门陆地区域内，疑似位于海上"
274629123,2025-04-26T00:00:00,2025-04-26T18:17:15,False,113.5420833,22.15720283,Aves,Animalia,Chordata,Aves,Passeriformes,Sturnidae,Gracupica,Gracupica nigricollis,,"坐标(113.5420833, 22.15720283)不在澳门陆地区域内，疑似位于海上"
274634240,2025-04-26T00:00:00,2025-04-26T12:03:19,False,113.5500033,22.1143305,Plantae,Plantae,Tracheophyta,Magnoliopsida,Oxalidales,Oxalidaceae,Oxalis,Oxalis corniculata,,"坐标(113.5500033, 22.1143305)不在澳门陆地区域内，疑似位于海上"
274635237,2025-04-27T00:00:00,2025-04-27T16:36:49,False,113.551273,22.14401298,Insecta,Animalia,Arthropoda,Insecta,Hymenoptera,Apidae,Apis,Apis cerana,,"坐标(113.551273, 22.14401298)不在澳门陆地区域内，疑似位于海上"
274635847,2025-04-26T00:00:00,2025-04-26T12:01:00,False,113.5519367,22.11785833,Plantae,Plantae,Tracheophyta,Magnoliopsida,Oxalidales,Oxalidaceae,Oxalis,Oxalis dillenii,,"坐标(113.5519367, 22.11785833)不在澳门陆地区域内，疑似位于海上"
274640197,2025-04-27T00:00:00,2025-04-27T16:54:29,False,113.5518209,22.14385068,Plantae,Plantae,Tracheophyta,Magnoliopsida,Gentianales,Gentianaceae,Fagraea,Fagraea ceilanica,,"坐标(113.5518209, 22.14385068)不在澳门陆地区域内，疑似位于海上"
274645171,2025-04-27T00:00:00,2025-04-27T20:28:34,False,113.5843981,22.21031793,Plantae,Plantae,Tracheophyta,Magnoliopsida,Malvales,Thymelaeaceae,Aquilaria,Aquilaria sinensis,,"坐标(113.5843981, 22.21031793)不在澳门陆地区域内，疑似位于海上"
274654310,2025-04-27T00:00:00,2025-04-27T16:10:59,False,113.5564283,22.11152783,Plantae,Plantae,Tracheophyta,Magnoliopsida,Caryophyllales,Nyctaginaceae,Mirabilis,Mirabilis jalapa,,"坐标(113.5564283, 22.11152783)不在澳门陆地区域内，疑似位于海上"
274655277,2025-04-27T00:00:00,2025-04-27T16:11:08,False,113.5564717,22.1115055,Plantae,Plantae,Tracheophyta,Magnoliopsida,Lamiales,Acanthaceae,Ruellia,Ruellia simplex,,"坐标(113.5564717, 22.1115055)不在澳门陆地区域内，疑似位于海上"
274655528,2025-04-27T00:00:00,2025-04-27T16:11:11,False,113.5564633,22.1115,Plantae,Plantae,Tracheophyta,Magnoliopsida,Gentianales,Rubiaceae,Ixora,Ixora coccinea,,"坐标(113.5564633, 22.1115)不在澳门陆地区域内，疑似位于海上"
274656375,2025-04-27T00:00:00,2025-04-27T16:15:20,True,113.5558167,22.11054717,Plantae,Plantae,Tracheophyta,Magnoliopsida,Caryophyllales,Amaranthaceae,Alternanthera,Alternanthera brasiliana,,"坐标(113.5558167, 22.11054717)不在澳门陆地区域内，疑似位于海上"
274656641,2025-04-27T00:00:00,2025-04-27T16:15:50,False,113.555725,22.11047217,Plantae,Plantae,Tracheophyta,Magnoliopsida,Malvales,Malvaceae,Sterculia,Sterculia lanceolata,,"坐标(113.555725, 22.11047217)不在澳门陆地区域内，疑似位于海上"
274657422,2025-04-27T00:00:00,2025-04-27T16:17:40,False,113.5551,22.11063883,Plantae,Plantae,Tracheophyta,Magnoliopsida,Rosales,Urticaceae,Boehmeria,Boehmeria nivea,,"坐标(113.5551, 22.11063883)不在澳门陆地区域内，疑似位于海上"
274657764,2025-04-27T00:00:00,2025-04-27T16:18:07,False,113.5547783,22.110625,Plantae,Plantae,Tracheophyta,Magnoliopsida,Oxalidales,Oxalidaceae,Oxalis,Oxalis debilis,,"坐标(113.5547783, 22.110625)不在澳门陆地区域内，疑似位于海上"
274658049,2025-04-27T00:00:00,2025-04-27T16:19:35,False,113.5541083,22.11100833,Plantae,Plantae,Tracheophyta,Magnoliopsida,Asterales,Asteraceae,Sphagneticola,Sphagneticola calendulacea,,"坐标(113.5541083, 22.11100833)不在澳门陆地区域内，疑似位于海上"
274658678,2025-04-27T00:00:00,2025-04-27T16:19:58,False,113.5539383,22.1108805,Plantae,Plantae,Tracheophyta,Magnoliopsida,Asterales,Asteraceae,Bidens,Bidens alba,,"坐标(113.5539383, 22.1108805)不在澳门陆地区域内，疑似位于海上"
274659075,2025-04-27T00:00:00,2025-04-27T16:20:08,False,113.5539333,22.1108805,Plantae,Plantae,Tracheophyta,Magnoliopsida,Fabales,Fabaceae,Cheniella,Cheniella glauca,,"坐标(113.5539333, 22.1108805)不在澳门陆地区域内，疑似位于海上"
274661174,2025-04-27T00:00:00,2025-04-27T16:23:58,False,113.5529167,22.11121667,Plantae,Plantae,Tracheophyta,Polypodiopsida,Gleicheniales,Gleicheniaceae,Dicranopteris,Dicranopteris pedata,,"坐标(113.5529167, 22.11121667)不在澳门陆地区域内，疑似位于海上"
274661382,2025-04-27T00:00:00,2025-04-27T16:25:25,False,113.552895,22.11134717,Plantae,Plantae,Tracheophyta,Magnoliopsida,Oxalidales,Oxalidaceae,Oxalis,Oxalis triangularis,,"坐标(113.552895, 22.11134717)不在澳门陆地区域内，疑似位于海上"
274663611,2025-04-27T00:00:00,2025-04-27T16:32:12,True,113.5502033,22.11347783,Plantae,Plantae,Tracheophyta,Magnoliopsida,Malvales,Malvaceae,Hibiscus,Hibiscus schizopetalus,,"坐标(113.5502033, 22.11347783)不在澳门陆地区域内，疑似位于海上"
274664190,2025-04-27T00:00:00,2025-04-27T16:35:47,True,113.55072,22.11528333,Plantae,Plantae,Tracheophyta,Magnoliopsida,Gentianales,Apocynaceae,Plumeria,Plumeria rubra,,"坐标(113.55072, 22.11528333)不在澳门陆地区域内，疑似位于海上"
274665031,2025-04-27T00:00:00,2025-04-27T16:39:22,True,113.5504383,22.1155055,Plantae,Plantae,Tracheophyta,Pinopsida,Pinales,Podocarpaceae,Podocarpus,Podocarpus macrophyllus,,"坐标(113.5504383, 22.1155055)不在澳门陆地区域内，疑似位于海上"
274666707,2025-04-27T00:00:00,2025-04-27T16:42:16,True,113.5510167,22.11631667,Plantae,Plantae,Tracheophyta,Liliopsida,Asparagales,Asphodelaceae,Aloe,Aloe vera,,"坐标(113.5510167, 22.11631667)不在澳门陆地区域内，疑似位于海上"
274667003,2025-04-27T00:00:00,2025-04-27T16:42:19,True,113.5510467,22.1163445,Plantae,Plantae,Tracheophyta,Magnoliopsida,Caryophyllales,Cactaceae,Selenicereus,Selenicereus undatus,,"坐标(113.5510467, 22.1163445)不在澳门陆地区域内，疑似位于海上"
274667271,2025-04-27T00:00:00,2025-04-27T16:42:31,True,113.5510867,22.11636117,Plantae,Plantae,Tracheophyta,Liliopsida,Asparagales,Amaryllidaceae,Hippeastrum,Hippeastrum striatum,,"坐标(113.5510867, 22.11636117)不在澳门陆地区域内，疑似位于海上"
274667556,2025-04-27T00:00:00,2025-04-27T16:58:39,True,113.552055,22.11620283,Plantae,Plantae,Tracheophyta,Magnoliopsida,Malpighiales,Euphorbiaceae,Euphorbia,Euphorbia trigona,,"坐标(113.552055, 22.11620283)不在澳门陆地区域内，疑似位于海上"
274668153,2025-04-27T00:00:00,2025-04-27T17:04:09,False,113.5509333,22.11648617,Plantae,Plantae,Tracheophyta,Magnoliopsida,Gentianales,Apocynaceae,Trachelospermum,Trachelospermum jasminoides,,"坐标(113.5509333, 22.11648617)不在澳门陆地区域内，疑似位于海上"
274668761,2025-04-27T00:00:00,2025-04-27T16:43:12,True,113.5512867,22.11628883,Plantae,Plantae,Tracheophyta,Magnoliopsida,Malvales,Malvaceae,Malvaviscus,Malvaviscus arboreus,,"坐标(113.5512867, 22.11628883)不在澳门陆地区域内，疑似位于海上"
274674211,2025-04-27T00:00:00,2025-04-27T16:55:42,True,113.552445,22.11663333,Plantae,Plantae,Tracheophyta,Magnoliopsida,Lamiales,Verbenaceae,Duranta,Duranta erecta,,"坐标(113.552445, 22.11663333)不在澳门陆地区域内，疑似位于海上"
274678086,2025-04-27T00:00:00,2025-04-27T16:57:11,True,113.55227,22.1165945,Plantae,Plantae,Tracheophyta,Magnoliopsida,Malpighiales,Euphorbiaceae,Euphorbia,Euphorbia milii,,"坐标(113.55227, 22.1165945)不在澳门陆地区域内，疑似位于海上"
274678440,2025-04-27T00:00:00,2025-04-27T16:57:43,True,113.55217,22.11626383,Plantae,Plantae,Tracheophyta,Liliopsida,Commelinales,Commelinaceae,Tradescantia,Tradescantia spathacea,,"坐标(113.55217, 22.11626383)不在澳门陆地区域内，疑似位于海上"
274699934,2025-04-26T00:00:00,2025-04-26T12:25:00,False,113.54397,22.15863883,Plantae,Plantae,Tracheophyta,Liliopsida,Poales,Poaceae,Neyraudia,Neyraudia reynaudiana,,"坐标(113.54397, 22.15863883)不在澳门陆地区域内，疑似位于海上"
274716770,2025-04-26T00:00:00,2025-04-26T12:40:00,False,113.5447217,22.15889167,Plantae,Plantae,Tracheophyta,Magnoliopsida,Rosales,Moraceae,Ficus,Ficus microcarpa,,"坐标(113.5447217, 22.15889167)不在澳门陆地区域内，疑似位于海上"
274752702,2025-04-27T00:00:00,2025-04-27T23:33:15,False,113.5512869,22.1424928,Aves,Animalia,Chordata,Aves,Pelecaniformes,Ardeidae,Egretta,Egretta garzetta,,"坐标(113.5512869, 22.1424928)不在澳门陆地区域内，疑似位于海上"
274757673,2025-04-27T00:00:00,2025-04-27T23:12:18,False,113.5309906,22.18399239,Amphibia,Animalia,Chordata,Amphibia,Anura,Microhylidae,Kaloula,Kaloula pulchra,,"坐标(113.5309906, 22.18399239)不在澳门陆地区域内，疑似位于海上"
274769429,2025-04-26T00:00:00,2025-04-26T12:40:00,False,113.5447217,22.15889167,Plantae,Plantae,Tracheophyta,Magnoliopsida,Rosales,Moraceae,Ficus,Ficus microcarpa,,"坐标(113.5447217, 22.15889167)不在澳门陆地区域内，疑似位于海上"
274770967,2025-04-26T00:00:00,2025-04-26T12:53:00,False,113.5446033,22.15873333,Plantae,Plantae,Tracheophyta,Magnoliopsida,Malpighiales,Phyllanthaceae,Bridelia,Bridelia tomentosa,,"坐标(113.5446033, 22.15873333)不在澳门陆地区域内，疑似位于海上"
274781858,2025-04-27T00:00:00,2025-04-27T16:06:00,False,113.5317599,22.1863203,Plantae,Plantae,Tracheophyta,Magnoliopsida,Fabales,Fabaceae,Delonix,Delonix regia,,"坐标(113.5317599, 22.1863203)不在澳门陆地区域内，疑似位于海上"
274835318,2025-04-27T00:00:00,2025-04-27T17:58:50,False,113.5406708,22.15979038,Plantae,Plantae,Tracheophyta,Magnoliopsida,Lamiales,Plantaginaceae,Angelonia,Angelonia salicariifolia,,"坐标(113.5406708, 22.15979038)不在澳门陆地区域内，疑似位于海上"
274837179,2025-04-27T00:00:00,2025-04-27T23:58:39,False,113.5407086,22.15967575,Plantae,Plantae,Tracheophyta,Magnoliopsida,Lamiales,Linderniaceae,Torenia,Torenia fournieri,,"坐标(113.5407086, 22.15967575)不在澳门陆地区域内，疑似位于海上"
274840812,2025-04-27T00:00:00,2025-04-27T18:21:46,True,113.5406976,22.15987557,Plantae,Plantae,Tracheophyta,Magnoliopsida,Caryophyllales,Nyctaginaceae,Bougainvillea,Bougainvillea spectabilis,,"坐标(113.5406976, 22.15987557)不在澳门陆地区域内，疑似位于海上"
274870510,2025-04-28T00:00:00,2025-04-28T01:51:45,False,113.575895,22.21845403,Plantae,Plantae,Tracheophyta,Magnoliopsida,Ericales,Theaceae,Camellia,Camellia azalea,,"坐标(113.575895, 22.21845403)不在澳门陆地区域内，疑似位于海上"
275170907,2025-04-27T00:00:00,2025-04-27T16:20:32,False,113.5452633,22.15836667,Aves,Animalia,Chordata,Aves,Passeriformes,Pycnonotidae,Pycnonotus,Pycnonotus sinensis,,"坐标(113.5452633, 22.15836667)不在澳门陆地区域内，疑似位于海上"
275171730,2025-04-28T00:00:00,2025-04-28T07:36:36,False,113.5903414,22.130401,Aves,Animalia,Chordata,Aves,Passeriformes,Motacillidae,Motacilla,Motacilla alba,,"坐标(113.5903414, 22.130401)不在澳门陆地区域内，疑似位于海上"
275172733,2025-04-27T00:00:00,2025-04-27T16:14:54,False,113.5430967,22.15844717,Insecta,Animalia,Arthropoda,Insecta,Coleoptera,Coccinellidae,Cheilomenes,Cheilomenes sexmaculata,,"坐标(113.5430967, 22.15844717)不在澳门陆地区域内，疑似位于海上"
275176611,2025-04-27T00:00:00,2025-04-27T16:14:54,False,113.5430967,22.15844717,Insecta,Animalia,Arthropoda,Insecta,Coleoptera,Coccinellidae,Cheilomenes,Cheilomenes sexmaculata,,"坐标(113.5430967, 22.15844717)不在澳门陆地区域内，疑似位于海上"
275180739,2025-04-28T00:00:00,2025-04-28T07:48:33,False,113.5911021,22.12966462,Insecta,Animalia,Arthropoda,Insecta,Mantodea,Mantidae,Hierodula,Hierodula patellifera,,"坐标(113.5911021, 22.12966462)不在澳门陆地区域内，疑似位于海上"
275185982,2025-04-28T00:00:00,2025-04-28T07:59:20,False,113.5429108,22.15946653,Plantae,Plantae,Tracheophyta,Magnoliopsida,Rosales,Moraceae,Ficus,Ficus virens,,"坐标(113.5429108, 22.15946653)不在澳门陆地区域内，疑似位于海上"
275222677,2025-04-28T00:00:00,2025-04-28T08:50:34,False,113.5911694,22.12946984,Insecta,Animalia,Arthropoda,Insecta,Lepidoptera,Erebidae,Dasychira,Dasychira chekiangensis,,"坐标(113.5911694, 22.12946984)不在澳门陆地区域内，疑似位于海上"
275231627,2025-04-28T00:00:00,2025-04-28T09:03:31,False,113.5570067,22.18710029,Fungi,Fungi,Ascomycota,Lichinomycetes,Candelariales,Candelariaceae,Candelariella,Candelariella efflorescens,,"坐标(113.5570067, 22.18710029)不在澳门陆地区域内，疑似位于海上"
275280814,2025-04-28T00:00:00,2025-04-28T10:14:25,False,113.5476789,22.16040066,Plantae,Plantae,Tracheophyta,Liliopsida,Asparagales,Asphodelaceae,Dianella,Dianella ensifolia,,"坐标(113.5476789, 22.16040066)不在澳门陆地区域内，疑似位于海上"
275282401,2025-04-28T00:00:00,2025-04-28T10:17:10,False,113.5467465,22.15995065,Plantae,Plantae,Tracheophyta,Magnoliopsida,Rosales,Moraceae,Ficus,Ficus virens,,"坐标(113.5467465, 22.15995065)不在澳门陆地区域内，疑似位于海上"
275298934,2025-04-27T00:00:00,2025-04-27T17:51:00,False,113.5570037,22.1855538,Aves,Animalia,Chordata,Aves,Columbiformes,Columbidae,Spilopelia,Spilopelia chinensis,,"坐标(113.5570037, 22.1855538)不在澳门陆地区域内，疑似位于海上"
275301531,2025-04-28T00:00:00,2025-04-28T10:20:05,False,113.546005,22.15943617,Aves,Animalia,Chordata,Aves,Passeriformes,Pycnonotidae,Pycnonotus,Pycnonotus aurigaster,,"坐标(113.546005, 22.15943617)不在澳门陆地区域内，疑似位于海上"
275304585,2025-04-27T00:00:00,2025-04-27T17:55:00,False,113.5572515,22.18560086,Aves,Animalia,Chordata,Aves,Passeriformes,Sturnidae,Acridotheres,Acridotheres cristatellus,,"坐标(113.5572515, 22.18560086)不在澳门陆地区域内，疑似位于海上"
275304586,2025-04-27T00:00:00,2025-04-27T18:21:00,False,113.558078,22.18775801,Insecta,Animalia,Arthropoda,Insecta,Lepidoptera,Lycaenidae,Zizina,Zizina otis,,"坐标(113.558078, 22.18775801)不在澳门陆地区域内，疑似位于海上"
275304587,2025-04-27T00:00:00,2025-04-27T18:16:00,False,113.5573265,22.18568293,Aves,Animalia,Chordata,Aves,Passeriformes,Motacillidae,Motacilla,Motacilla alba,,"坐标(113.5573265, 22.18568293)不在澳门陆地区域内，疑似位于海上"
275304593,2025-04-28T00:00:00,2025-04-28T09:45:00,False,113.5581027,22.18762315,Aves,Animalia,Chordata,Aves,Passeriformes,Passeridae,Passer,Passer montanus,,"坐标(113.5581027, 22.18762315)不在澳门陆地区域内，疑似位于海上"
275304594,2025-04-28T00:00:00,2025-04-28T09:46:00,False,113.5581794,22.18751075,Aves,Animalia,Chordata,Aves,Passeriformes,Sturnidae,Acridotheres,Acridotheres cristatellus,,"坐标(113.5581794, 22.18751075)不在澳门陆地区域内，疑似位于海上"
275312245,2025-04-27T00:00:00,2025-04-27T16:22:03,False,113.5309883,22.183975,Plantae,Plantae,Tracheophyta,Magnoliopsida,Sapindales,Simaroubaceae,Brucea,Brucea javanica,,"坐标(113.5309883, 22.183975)不在澳门陆地区域内，疑似位于海上"
275321664,2025-04-28T00:00:00,2025-04-28T11:25:42,False,113.5920752,22.12942648,Insecta,Animalia,Arthropoda,Insecta,Odonata,Libellulidae,Pantala,Pantala flavescens,,"坐标(113.5920752, 22.12942648)不在澳门陆地区域内，疑似位于海上"
275325196,2025-04-28T00:00:00,2025-04-28T11:32:57,False,113.5564862,22.18697231,Aves,Animalia,Chordata,Aves,Passeriformes,Passeridae,Passer,Passer montanus,,"坐标(113.5564862, 22.18697231)不在澳门陆地区域内，疑似位于海上"
275327689,2025-04-28T00:00:00,2025-04-28T11:16:00,False,113.5580026,22.18765466,Aves,Animalia,Chordata,Aves,Passeriformes,Passeridae,Passer,Passer montanus,,"坐标(113.5580026, 22.18765466)不在澳门陆地区域内，疑似位于海上"
275327690,2025-04-28T00:00:00,2025-04-28T11:21:00,False,113.5579684,22.18771291,Insecta,Animalia,Arthropoda,Insecta,Lepidoptera,Lycaenidae,Zizina,Zizina otis,,"坐标(113.5579684, 22.18771291)不在澳门陆地区域内，疑似位于海上"
275327691,2025-04-28T00:00:00,2025-04-28T11:12:00,False,113.5580059,22.18760256,Aves,Animalia,Chordata,Aves,Passeriformes,Muscicapidae,Copsychus,Copsychus saularis,,"坐标(113.5580059, 22.18760256)不在澳门陆地区域内，疑似位于海上"
275328307,2025-04-28T00:00:00,2025-04-28T11:39:29,False,113.556978,22.18694591,Plantae,Plantae,Tracheophyta,Magnoliopsida,Oxalidales,Oxalidaceae,Oxalis,Oxalis corniculata,,"坐标(113.556978, 22.18694591)不在澳门陆地区域内，疑似位于海上"
275328478,2025-04-28T00:00:00,2025-04-28T11:39:49,False,113.5569665,22.18695919,Plantae,Plantae,Tracheophyta,Magnoliopsida,Oxalidales,Oxalidaceae,Oxalis,Oxalis debilis,,"坐标(113.5569665, 22.18695919)不在澳门陆地区域内，疑似位于海上"
275329462,2025-04-28T00:00:00,2025-04-28T11:41:46,False,113.5568662,22.18719033,Plantae,Plantae,Tracheophyta,Magnoliopsida,Malpighiales,Violaceae,Viola,Viola diffusa,,"坐标(113.5568662, 22.18719033)不在澳门陆地区域内，疑似位于海上"
275330699,2025-04-28T00:00:00,2025-04-28T11:44:29,False,113.5573714,22.18712522,Plantae,Plantae,Tracheophyta,Magnoliopsida,Asterales,Asteraceae,Youngia,Youngia japonica,,"坐标(113.5573714, 22.18712522)不在澳门陆地区域内，疑似位于海上"
275331155,2025-04-28T00:00:00,2025-04-28T11:45:02,False,113.5573737,22.1871141,Plantae,Plantae,Tracheophyta,Magnoliopsida,Asterales,Asteraceae,Gamochaeta,Gamochaeta pensylvanica,,"坐标(113.5573737, 22.1871141)不在澳门陆地区域内，疑似位于海上"
275333331,2025-04-28T00:00:00,2025-04-28T11:49:07,False,113.557147,22.18721734,Plantae,Plantae,Tracheophyta,Magnoliopsida,Fabales,Fabaceae,Alysicarpus,Alysicarpus vaginalis,,"坐标(113.557147, 22.18721734)不在澳门陆地区域内，疑似位于海上"
275334409,2025-04-28T00:00:00,2025-04-28T11:51:10,False,113.5578161,22.18758533,Aves,Animalia,Chordata,Aves,Columbiformes,Columbidae,Spilopelia,Spilopelia chinensis,,"坐标(113.5578161, 22.18758533)不在澳门陆地区域内，疑似位于海上"
275334428,2025-04-28T00:00:00,2025-04-28T11:37:22,False,113.5918981,22.1295375,Insecta,Animalia,Arthropoda,Insecta,Lepidoptera,Geometridae,Epobeidia,Epobeidia tigrata,,"坐标(113.5918981, 22.1295375)不在澳门陆地区域内，疑似位于海上"
275335049,2025-04-28T00:00:00,2025-04-28T11:51:31,False,113.5580967,22.18747,Plantae,Plantae,Tracheophyta,Magnoliopsida,Solanales,Convolvulaceae,Cuscuta,Cuscuta campestris,,"坐标(113.5580967, 22.18747)不在澳门陆地区域内，疑似位于海上"
275336024,2025-04-28T00:00:00,2025-04-28T11:53:47,False,113.5580267,22.18749841,Mollusca,Animalia,Mollusca,Gastropoda,Stylommatophora,Achatinidae,Lissachatina,Lissachatina fulica,,"坐标(113.5580267, 22.18749841)不在澳门陆地区域内，疑似位于海上"
275339201,2025-04-28T00:00:00,2025-04-28T11:25:00,False,113.5566117,22.18648834,Aves,Animalia,Chordata,Aves,Accipitriformes,Accipitridae,Milvus,Milvus migrans,,"坐标(113.5566117, 22.18648834)不在澳门陆地区域内，疑似位于海上"
275340565,2025-04-28T00:00:00,2025-04-28T11:56:24,False,113.5578278,22.18761871,Plantae,Plantae,Tracheophyta,Liliopsida,Poales,Cyperaceae,Eleocharis,Eleocharis geniculata,,"坐标(113.5578278, 22.18761871)不在澳门陆地区域内，疑似位于海上"
275340746,2025-04-28T00:00:00,2025-04-28T12:03:13,False,113.55783,22.18760333,Insecta,Animalia,Arthropoda,Insecta,Hymenoptera,Vespidae,Vespa,Vespa affinis,,"坐标(113.55783, 22.18760333)不在澳门陆地区域内，疑似位于海上"
275341271,2025-04-28T00:00:00,2025-04-28T11:57:03,False,113.558145,22.18726167,Mollusca,Animalia,Mollusca,Gastropoda,,Planaxidae,Planaxis,Planaxis sulcatus,,"坐标(113.558145, 22.18726167)不在澳门陆地区域内，疑似位于海上"
275360232,2025-04-27T00:00:00,2025-04-27T17:18:54,False,113.5391307,22.1660824,Actinopterygii,Animalia,Chordata,Actinopterygii,Carangiformes,Carangidae,Caranx,Caranx ignobilis,,"坐标(113.5391307, 22.1660824)不在澳门陆地区域内，疑似位于海上"
275360641,2025-04-27T00:00:00,2025-04-27T14:43:48,False,113.5390985,22.16609284,Animalia,Animalia,Arthropoda,Malacostraca,Decapoda,Grapsidae,Metopograpsus,Metopograpsus quadridentatus,,"坐标(113.5390985, 22.16609284)不在澳门陆地区域内，疑似位于海上"
275360825,2025-04-27T00:00:00,2025-04-27T14:14:53,False,113.5391162,22.16609824,Aves,Animalia,Chordata,Aves,Pelecaniformes,Ardeidae,Egretta,Egretta garzetta,,"坐标(113.5391162, 22.16609824)不在澳门陆地区域内，疑似位于海上"
275361264,2025-04-27T00:00:00,2025-04-27T13:53:39,False,113.5413627,22.16280201,Aves,Animalia,Chordata,Aves,Passeriformes,Passeridae,Passer,Passer montanus,,"坐标(113.5413627, 22.16280201)不在澳门陆地区域内，疑似位于海上"
275361589,2025-04-26T00:00:00,2025-04-26T14:47:00,False,113.5397768,22.16310832,Aves,Animalia,Chordata,Aves,Passeriformes,Sturnidae,Acridotheres,Acridotheres cristatellus,,"坐标(113.5397768, 22.16310832)不在澳门陆地区域内，疑似位于海上"
275365243,2025-04-28T00:00:00,2025-04-28T12:55:25,False,113.5903137,22.13043817,Plantae,Plantae,Tracheophyta,Magnoliopsida,Gentianales,Apocynaceae,Nerium,Nerium oleander,,"坐标(113.5903137, 22.13043817)不在澳门陆地区域内，疑似位于海上"
275367636,2025-04-27T00:00:00,2025-04-27T12:59:55,True,113.5413285,22.16058732,Plantae,Plantae,Tracheophyta,Magnoliopsida,Caryophyllales,Plumbaginaceae,Plumbago,Plumbago auriculata,,"坐标(113.5413285, 22.16058732)不在澳门陆地区域内，疑似位于海上"
275368133,2025-04-27T00:00:00,2025-04-27T12:57:00,True,113.5411873,22.16128926,Plantae,Plantae,Tracheophyta,Liliopsida,Asparagales,Iridaceae,Iris,Iris domestica,,"坐标(113.5411873, 22.16128926)不在澳门陆地区域内，疑似位于海上"
275371315,2025-04-28T00:00:00,2025-04-28T11:53:00,False,113.5568501,22.18636821,Aves,Animalia,Chordata,Aves,Passeriformes,Hirundinidae,Hirundo,Hirundo rustica,,"坐标(113.5568501, 22.18636821)不在澳门陆地区域内，疑似位于海上"
275371318,2025-04-28T00:00:00,2025-04-28T12:03:00,False,113.5568421,22.1860646,Aves,Animalia,Chordata,Aves,Columbiformes,Columbidae,Spilopelia,Spilopelia chinensis,,"坐标(113.5568421, 22.1860646)不在澳门陆地区域内，疑似位于海上"
275371324,2025-04-28T00:00:00,2025-04-28T12:05:00,False,113.5568421,22.1860646,Aves,Animalia,Chordata,Aves,Passeriformes,Muscicapidae,Copsychus,Copsychus saularis,,"坐标(113.5568421, 22.1860646)不在澳门陆地区域内，疑似位于海上"
275371327,2025-04-28T00:00:00,2025-04-28T12:07:00,False,113.5568421,22.1860646,Animalia,Animalia,Arthropoda,Diplopoda,Polydesmida,Paradoxosomatidae,Helicorthomorpha,Helicorthomorpha holstii,,"坐标(113.5568421, 22.1860646)不在澳门陆地区域内，疑似位于海上"
275371331,2025-04-28T00:00:00,2025-04-28T12:10:00,False,113.5568421,22.1860646,Aves,Animalia,Chordata,Aves,Columbiformes,Columbidae,Spilopelia,Spilopelia chinensis,,"坐标(113.5568421, 22.1860646)不在澳门陆地区域内，疑似位于海上"
275371334,2025-04-28T00:00:00,2025-04-28T12:14:00,False,113.5568421,22.1860646,Insecta,Animalia,Arthropoda,Insecta,Hymenoptera,Apidae,Apis,Apis cerana,,"坐标(113.5568421, 22.1860646)不在澳门陆地区域内，疑似位于海上"
275371341,2025-04-28T00:00:00,2025-04-28T12:22:00,False,113.5568421,22.1860646,Animalia,Animalia,Arthropoda,Diplopoda,Polydesmida,Paradoxosomatidae,Helicorthomorpha,Helicorthomorpha holstii,,"坐标(113.5568421, 22.1860646)不在澳门陆地区域内，疑似位于海上"
275371353,2025-04-28T00:00:00,2025-04-28T12:30:00,False,113.5568421,22.1860646,Insecta,Animalia,Arthropoda,Insecta,Lepidoptera,Lycaenidae,Zizina,Zizina otis,,"坐标(113.5568421, 22.1860646)不在澳门陆地区域内，疑似位于海上"
275377722,2025-04-28T00:00:00,2025-04-28T12:54:16,False,113.5940743,22.21376328,Plantae,Plantae,Tracheophyta,Magnoliopsida,Ericales,Theaceae,Camellia,Camellia azalea,,"坐标(113.5940743, 22.21376328)不在澳门陆地区域内，疑似位于海上"
275378337,2025-04-28T00:00:00,2025-04-28T13:25:20,True,113.5759954,22.21450666,Reptilia,Animalia,Chordata,Reptilia,Testudines,Geoemydidae,Mauremys,Mauremys sinensis,,"坐标(113.5759954, 22.21450666)不在澳门陆地区域内，疑似位于海上"
275381911,2025-04-28T00:00:00,2025-04-28T13:37:01,False,113.535267,22.18524961,Fungi,Fungi,Ascomycota,Lecanoromycetes,Caliciales,Physciaceae,Heterodermia,Heterodermia albicans,,"坐标(113.535267, 22.18524961)不在澳门陆地区域内，疑似位于海上"
275381962,2025-04-28T00:00:00,2025-04-28T13:37:31,False,113.5356012,22.18545912,Fungi,Fungi,Ascomycota,Lichinomycetes,Candelariales,Candelariaceae,Candelaria,Candelaria pacifica,,"坐标(113.5356012, 22.18545912)不在澳门陆地区域内，疑似位于海上"
275382021,2025-04-28T00:00:00,2025-04-28T13:37:47,False,113.5354185,22.18542818,Fungi,Fungi,Ascomycota,Lecanoromycetes,Lecanorales,Lecanoraceae,Lecanora,Lecanora thysanophora,,"坐标(113.5354185, 22.18542818)不在澳门陆地区域内，疑似位于海上"
275382249,2025-04-28T00:00:00,2025-04-28T13:38:19,False,113.5351029,22.18529976,Fungi,Fungi,Ascomycota,Lecanoromycetes,Caliciales,Caliciaceae,Pyxine,Pyxine subcinerea,,"坐标(113.5351029, 22.18529976)不在澳门陆地区域内，疑似位于海上"
275382346,2025-04-28T00:00:00,2025-04-28T13:38:38,False,113.5351415,22.18521316,Actinopterygii,Animalia,Chordata,Actinopterygii,Cichliformes,Cichlidae,Oreochromis,Oreochromis niloticus,,"坐标(113.5351415, 22.18521316)不在澳门陆地区域内，疑似位于海上"
275382419,2025-04-28T00:00:00,2025-04-28T13:38:48,False,113.5351422,22.18511904,Actinopterygii,Animalia,Chordata,Actinopterygii,Cichliformes,Cichlidae,Oreochromis,Oreochromis niloticus,,"坐标(113.5351422, 22.18511904)不在澳门陆地区域内，疑似位于海上"
275382799,2025-04-28T00:00:00,2025-04-28T13:39:57,False,113.5352539,22.1853521,Plantae,Plantae,Tracheophyta,Magnoliopsida,Vitales,Vitaceae,Parthenocissus,Parthenocissus dalzielii,,"坐标(113.5352539, 22.1853521)不在澳门陆地区域内，疑似位于海上"
275383059,2025-04-28T00:00:00,2025-04-28T13:40:33,False,113.5351556,22.18507836,Plantae,Plantae,Tracheophyta,Polypodiopsida,Polypodiales,Polypodiaceae,Pyrrosia,Pyrrosia adnascens,,"坐标(113.5351556, 22.18507836)不在澳门陆地区域内，疑似位于海上"
275383435,2025-04-28T00:00:00,2025-04-28T13:41:39,False,113.5349025,22.18440918,Actinopterygii,Animalia,Chordata,Actinopterygii,Mugiliformes,Mugilidae,Mugil,Mugil cephalus,,"坐标(113.5349025, 22.18440918)不在澳门陆地区域内，疑似位于海上"
275383672,2025-04-28T00:00:00,2025-04-28T13:42:12,False,113.5349177,22.18441327,Actinopterygii,Animalia,Chordata,Actinopterygii,Beloniformes,Zenarchopteridae,Zenarchopterus,Zenarchopterus buffonis,,"坐标(113.5349177, 22.18441327)不在澳门陆地区域内，疑似位于海上"
275383733,2025-04-28T00:00:00,2025-04-28T13:42:22,False,113.5344507,22.18417414,Plantae,Plantae,Tracheophyta,Magnoliopsida,Rosales,Moraceae,Ficus,Ficus microcarpa,,"坐标(113.5344507, 22.18417414)不在澳门陆地区域内，疑似位于海上"
275384240,2025-04-28T00:00:00,2025-04-28T13:43:45,False,113.5343314,22.18367257,Animalia,Animalia,Arthropoda,Hexanauplia,Balanomorpha,Balanidae,Amphibalanus,Amphibalanus amphitrite,,"坐标(113.5343314, 22.18367257)不在澳门陆地区域内，疑似位于海上"
275463829,2025-04-28T00:00:00,2025-04-28T11:47:54,False,113.557075,22.18707833,Aves,Animalia,Chordata,Aves,Columbiformes,Columbidae,Spilopelia,Spilopelia chinensis,,"坐标(113.557075, 22.18707833)不在澳门陆地区域内，疑似位于海上"
275464343,2025-04-28T00:00:00,2025-04-28T11:50:21,False,113.5572717,22.187355,Aves,Animalia,Chordata,Aves,Passeriformes,Muscicapidae,Copsychus,Copsychus saularis,,"坐标(113.5572717, 22.187355)不在澳门陆地区域内，疑似位于海上"
275465606,2025-04-28T00:00:00,2025-04-28T16:19:18,True,113.5529885,22.13973893,Plantae,Plantae,Tracheophyta,Polypodiopsida,Polypodiales,Aspleniaceae,Asplenium,Asplenium nidus,,"坐标(113.5529885, 22.13973893)不在澳门陆地区域内，疑似位于海上"
275469296,2025-04-28T00:00:00,2025-04-28T11:37:42,False,113.5569383,22.18633833,Aves,Animalia,Chordata,Aves,Passeriformes,Hirundinidae,Hirundo,Hirundo rustica,,"坐标(113.5569383, 22.18633833)不在澳门陆地区域内，疑似位于海上"
275469603,2025-04-28T00:00:00,2025-04-28T11:38:38,False,113.5570133,22.186855,Fungi,Fungi,Basidiomycota,Agaricomycetes,Agaricales,Agaricaceae,Chlorophyllum,Chlorophyllum hortense,,"坐标(113.5570133, 22.186855)不在澳门陆地区域内，疑似位于海上"
275503875,2025-04-28T00:00:00,2025-04-28T18:05:07,False,113.5324986,22.18764226,Plantae,Plantae,Tracheophyta,Polypodiopsida,Polypodiales,Pteridaceae,Pteris,Pteris vittata,,"坐标(113.5324986, 22.18764226)不在澳门陆地区域内，疑似位于海上"
275504011,2025-04-28T00:00:00,2025-04-28T18:05:24,False,113.5325048,22.18764934,Plantae,Plantae,Tracheophyta,Magnoliopsida,Rosales,Urticaceae,Pilea,Pilea microphylla,,"坐标(113.5325048, 22.18764934)不在澳门陆地区域内，疑似位于海上"
275504140,2025-04-28T00:00:00,2025-04-28T18:05:41,False,113.5325041,22.18764788,Plantae,Plantae,Tracheophyta,Polypodiopsida,Polypodiales,Pteridaceae,Pteris,Pteris vittata,,"坐标(113.5325041, 22.18764788)不在澳门陆地区域内，疑似位于海上"
275504364,2025-04-28T00:00:00,2025-04-28T18:05:57,False,113.5324571,22.1875442,Plantae,Plantae,Tracheophyta,Magnoliopsida,Lamiales,Scrophulariaceae,Buddleja,Buddleja asiatica,,"坐标(113.5324571, 22.1875442)不在澳门陆地区域内，疑似位于海上"
275504529,2025-04-28T00:00:00,2025-04-28T18:06:29,False,113.5324346,22.18752741,Plantae,Plantae,Tracheophyta,Magnoliopsida,Lamiales,Scrophulariaceae,Buddleja,Buddleja asiatica,,"坐标(113.5324346, 22.18752741)不在澳门陆地区域内，疑似位于海上"
275504692,2025-04-28T00:00:00,2025-04-28T18:06:46,False,113.532437,22.18754088,Plantae,Plantae,Tracheophyta,Magnoliopsida,Rosales,Urticaceae,Pilea,Pilea microphylla,,"坐标(113.532437, 22.18754088)不在澳门陆地区域内，疑似位于海上"
275504794,2025-04-28T00:00:00,2025-04-28T18:07:03,False,113.5324154,22.1875288,Plantae,Plantae,Tracheophyta,Magnoliopsida,Asterales,Asteraceae,Emilia,Emilia sonchifolia,,"坐标(113.5324154, 22.1875288)不在澳门陆地区域内，疑似位于海上"
275505004,2025-04-28T00:00:00,2025-04-28T18:07:18,False,113.5323385,22.18747039,Plantae,Plantae,Tracheophyta,Magnoliopsida,Lamiales,Scrophulariaceae,Buddleja,Buddleja asiatica,,"坐标(113.5323385, 22.18747039)不在澳门陆地区域内，疑似位于海上"
275505232,2025-04-28T00:00:00,2025-04-28T18:07:48,False,113.5321108,22.18727798,Plantae,Plantae,Bryophyta,Bryopsida,Pottiales,Pottiaceae,Hyophila,Hyophila involuta,,"坐标(113.5321108, 22.18727798)不在澳门陆地区域内，疑似位于海上"
275505539,2025-04-28T00:00:00,2025-04-28T18:08:08,False,113.5320883,22.18724479,Plantae,Plantae,Tracheophyta,Polypodiopsida,Polypodiales,Polypodiaceae,Pyrrosia,Pyrrosia adnascens,,"坐标(113.5320883, 22.18724479)不在澳门陆地区域内，疑似位于海上"
275505834,2025-04-28T00:00:00,2025-04-28T18:08:37,False,113.53216689999999,22.18729403,Fungi,Fungi,Ascomycota,Lecanoromycetes,Caliciales,Physciaceae,Heterodermia,Heterodermia albicans,,"坐标(113.53216689999999, 22.18729403)不在澳门陆地区域内，疑似位于海上"
275506252,2025-04-28T00:00:00,2025-04-28T18:09:17,False,113.5322115,22.18733654,Plantae,Plantae,Bryophyta,Bryopsida,Pottiales,Pottiaceae,Hyophila,Hyophila involuta,,"坐标(113.5322115, 22.18733654)不在澳门陆地区域内，疑似位于海上"
275506449,2025-04-28T00:00:00,2025-04-28T18:10:09,False,113.5321114,22.18727226,Plantae,Plantae,Tracheophyta,Magnoliopsida,Rosales,Urticaceae,Pilea,Pilea microphylla,,"坐标(113.5321114, 22.18727226)不在澳门陆地区域内，疑似位于海上"
275506967,2025-04-28T00:00:00,2025-04-28T18:11:00,False,113.5321068,22.18728416,Plantae,Plantae,Tracheophyta,Magnoliopsida,Rosales,Urticaceae,Pilea,Pilea microphylla,,"坐标(113.5321068, 22.18728416)不在澳门陆地区域内，疑似位于海上"
275507110,2025-04-28T00:00:00,2025-04-28T18:11:17,False,113.5320935,22.1872377,Plantae,Plantae,Tracheophyta,Polypodiopsida,Schizaeales,Lygodiaceae,Lygodium,Lygodium japonicum,,"坐标(113.5320935, 22.1872377)不在澳门陆地区域内，疑似位于海上"
275507115,2025-04-28T00:00:00,2025-04-28T12:52:00,False,113.5579073,22.18764559,Animalia,Animalia,Arthropoda,Diplopoda,Polydesmida,Paradoxosomatidae,Helicorthomorpha,Helicorthomorpha holstii,,"坐标(113.5579073, 22.18764559)不在澳门陆地区域内，疑似位于海上"
275507118,2025-04-28T00:00:00,2025-04-28T13:14:00,False,113.5581819,22.18699577,Animalia,Animalia,Arthropoda,Malacostraca,Decapoda,Sesarmidae,Parasesarma,Parasesarma continentale,,"坐标(113.5581819, 22.18699577)不在澳门陆地区域内，疑似位于海上"
275507121,2025-04-28T00:00:00,2025-04-28T13:15:00,False,113.5581236,22.18689383,Animalia,Animalia,Arthropoda,Malacostraca,Decapoda,Grapsidae,Metopograpsus,Metopograpsus frontalis,,"坐标(113.5581236, 22.18689383)不在澳门陆地区域内，疑似位于海上"
275507122,2025-04-28T00:00:00,2025-04-28T13:24:00,False,113.5581543,22.18682555,Actinopterygii,Animalia,Chordata,Actinopterygii,Gobiiformes,Oxudercidae,Periophthalmus,Periophthalmus modestus,,"坐标(113.5581543, 22.18682555)不在澳门陆地区域内，疑似位于海上"
275507124,2025-04-28T00:00:00,2025-04-28T13:29:00,False,113.5581423,22.18677643,Actinopterygii,Animalia,Chordata,Actinopterygii,Cypriniformes,Xenocyprididae,Hemiculter,Hemiculter leucisculus,,"坐标(113.5581423, 22.18677643)不在澳门陆地区域内，疑似位于海上"
275507133,2025-04-28T00:00:00,2025-04-28T13:29:00,False,113.5580619,22.18681769,Animalia,Animalia,Arthropoda,Malacostraca,Decapoda,Sesarmidae,Parasesarma,Parasesarma pictum,,"坐标(113.5580619, 22.18681769)不在澳门陆地区域内，疑似位于海上"
275507135,2025-04-28T00:00:00,2025-04-28T13:29:00,False,113.558196,22.18688848,Actinopterygii,Animalia,Chordata,Actinopterygii,Mugiliformes,Mugilidae,Aldrichetta,Aldrichetta forsteri,,"坐标(113.558196, 22.18688848)不在澳门陆地区域内，疑似位于海上"
275507337,2025-04-28T00:00:00,2025-04-28T18:11:36,False,113.5320078,22.18714865,Plantae,Plantae,Tracheophyta,Magnoliopsida,Asterales,Asteraceae,Emilia,Emilia sonchifolia,,"坐标(113.5320078, 22.18714865)不在澳门陆地区域内，疑似位于海上"
275507575,2025-04-28T00:00:00,2025-04-28T13:43:38,False,113.5348967,22.18430333,Actinopterygii,Animalia,Chordata,Actinopterygii,Mugiliformes,Mugilidae,Mugil,Mugil cephalus,,"坐标(113.5348967, 22.18430333)不在澳门陆地区域内，疑似位于海上"
275507647,2025-04-27T00:00:00,2025-04-27T17:02:27,False,113.5448533,22.18202833,Aves,Animalia,Chordata,Aves,Pelecaniformes,Ardeidae,Egretta,Egretta garzetta,,"坐标(113.5448533, 22.18202833)不在澳门陆地区域内，疑似位于海上"
275507878,2025-04-28T00:00:00,2025-04-28T13:42:38,False,113.5348883,22.18435333,Plantae,Plantae,Tracheophyta,Magnoliopsida,Lamiales,Acanthaceae,Avicennia,Avicennia marina,,"坐标(113.5348883, 22.18435333)不在澳门陆地区域内，疑似位于海上"
275507919,2025-04-28T00:00:00,2025-04-28T18:12:48,False,113.5318037,22.18712176,Plantae,Plantae,Tracheophyta,Polypodiopsida,Polypodiales,Polypodiaceae,Pyrrosia,Pyrrosia adnascens,,"坐标(113.5318037, 22.18712176)不在澳门陆地区域内，疑似位于海上"
275508059,2025-04-28T00:00:00,2025-04-28T13:42:35,False,113.53488,22.18435833,Actinopterygii,Animalia,Chordata,Actinopterygii,Cypriniformes,Xenocyprididae,Hemiculter,Hemiculter leucisculus,,"坐标(113.53488, 22.18435833)不在澳门陆地区域内，疑似位于海上"
275508223,2025-04-28T00:00:00,2025-04-28T18:13:09,False,113.5316786,22.18712836,Fungi,Fungi,Ascomycota,Lecanoromycetes,Caliciales,Physciaceae,Heterodermia,Heterodermia albicans,,"坐标(113.5316786, 22.18712836)不在澳门陆地区域内，疑似位于海上"
275508493,2025-04-28T00:00:00,2025-04-28T13:42:23,False,113.5348883,22.18436167,Animalia,Animalia,Chordata,Ascidiacea,Stolidobranchia,Styelidae,Styela,Styela plicata,,"坐标(113.5348883, 22.18436167)不在澳门陆地区域内，疑似位于海上"
275508577,2025-04-28T00:00:00,2025-04-28T18:14:01,False,113.5316957,22.18709587,Plantae,Plantae,Tracheophyta,Magnoliopsida,Rosales,Moraceae,Ficus,Ficus rumphii,,"坐标(113.5316957, 22.18709587)不在澳门陆地区域内，疑似位于海上"
275508693,2025-04-28T00:00:00,2025-04-28T18:14:27,False,113.5317621,22.18711855,Plantae,Plantae,Tracheophyta,Magnoliopsida,Rosales,Moraceae,Ficus,Ficus microcarpa,,"坐标(113.5317621, 22.18711855)不在澳门陆地区域内，疑似位于海上"
275508845,2025-04-28T00:00:00,2025-04-28T18:14:42,False,113.5315205,22.18701462,Plantae,Plantae,Tracheophyta,Magnoliopsida,Rosales,Moraceae,Ficus,Ficus microcarpa,,"坐标(113.5315205, 22.18701462)不在澳门陆地区域内，疑似位于海上"
275508960,2025-04-28T00:00:00,2025-04-28T13:41:30,False,113.53495,22.18442167,Actinopterygii,Animalia,Chordata,Actinopterygii,Acanthuriformes,Sparidae,Acanthopagrus,Acanthopagrus schlegelii,,"坐标(113.53495, 22.18442167)不在澳门陆地区域内，疑似位于海上"
275509131,2025-04-28T00:00:00,2025-04-28T18:15:22,False,113.5314479,22.18691823,Aves,Animalia,Chordata,Aves,Columbiformes,Columbidae,Spilopelia,Spilopelia chinensis,,"坐标(113.5314479, 22.18691823)不在澳门陆地区域内，疑似位于海上"
275509330,2025-04-28T00:00:00,2025-04-28T18:15:45,False,113.5314257,22.18679713,Aves,Animalia,Chordata,Aves,Passeriformes,Passeridae,Passer,Passer montanus,,"坐标(113.5314257, 22.18679713)不在澳门陆地区域内，疑似位于海上"
275509741,2025-04-28T00:00:00,2025-04-28T18:16:07,False,113.5313352,22.186738,Plantae,Plantae,Tracheophyta,Magnoliopsida,Gentianales,Rubiaceae,Paederia,Paederia foetida,,"坐标(113.5313352, 22.186738)不在澳门陆地区域内，疑似位于海上"
275510000,2025-04-28T00:00:00,2025-04-28T18:16:59,False,113.5311207,22.1865707,Plantae,Plantae,Tracheophyta,Magnoliopsida,Rosales,Moraceae,Ficus,Ficus rumphii,,"坐标(113.5311207, 22.1865707)不在澳门陆地区域内，疑似位于海上"
275510444,2025-04-28T00:00:00,2025-04-28T18:17:42,False,113.5308671,22.18668335,Aves,Animalia,Chordata,Aves,Passeriformes,Passeridae,Passer,Passer montanus,,"坐标(113.5308671, 22.18668335)不在澳门陆地区域内，疑似位于海上"
275510713,2025-04-28T00:00:00,2025-04-28T18:18:10,False,113.530871,22.18669281,Aves,Animalia,Chordata,Aves,Columbiformes,Columbidae,Spilopelia,Spilopelia chinensis,,"坐标(113.530871, 22.18669281)不在澳门陆地区域内，疑似位于海上"
275511002,2025-04-28T00:00:00,2025-04-28T18:18:44,False,113.5308949,22.18668644,Aves,Animalia,Chordata,Aves,Passeriformes,Passeridae,Passer,Passer montanus,,"坐标(113.5308949, 22.18668644)不在澳门陆地区域内，疑似位于海上"
275511207,2025-04-28T00:00:00,2025-04-28T18:19:13,False,113.5309868,22.18657078,Aves,Animalia,Chordata,Aves,Columbiformes,Columbidae,Spilopelia,Spilopelia chinensis,,"坐标(113.5309868, 22.18657078)不在澳门陆地区域内，疑似位于海上"
275511410,2025-04-28T00:00:00,2025-04-28T18:19:34,False,113.5310951,22.18619183,Plantae,Plantae,Tracheophyta,Magnoliopsida,Asterales,Asteraceae,Symphyotrichum,Symphyotrichum subulatum,,"坐标(113.5310951, 22.18619183)不在澳门陆地区域内，疑似位于海上"
275511488,2025-04-28T00:00:00,2025-04-28T13:39:48,False,113.53502,22.18488833,Insecta,Animalia,Arthropoda,Insecta,Hymenoptera,Formicidae,Pheidole,Pheidole megacephala,,"坐标(113.53502, 22.18488833)不在澳门陆地区域内，疑似位于海上"
275511670,2025-04-28T00:00:00,2025-04-28T18:19:54,False,113.5310302,22.18625112,Plantae,Plantae,Tracheophyta,Liliopsida,Poales,Poaceae,Axonopus,Axonopus compressus,,"坐标(113.5310302, 22.18625112)不在澳门陆地区域内，疑似位于海上"
275511827,2025-04-28T00:00:00,2025-04-28T13:39:40,False,113.5350283,22.18489167,Insecta,Animalia,Arthropoda,Insecta,Hymenoptera,Formicidae,Tetramorium,Tetramorium bicarinatum,,"坐标(113.5350283, 22.18489167)不在澳门陆地区域内，疑似位于海上"
275511891,2025-04-28T00:00:00,2025-04-28T13:38:41,False,113.535095,22.18512,Actinopterygii,Animalia,Chordata,Actinopterygii,Mugiliformes,Mugilidae,Mugil,Mugil cephalus,,"坐标(113.535095, 22.18512)不在澳门陆地区域内，疑似位于海上"
275511923,2025-04-28T00:00:00,2025-04-28T18:20:37,False,113.531054,22.18608818,Insecta,Animalia,Arthropoda,Insecta,Hymenoptera,Formicidae,Paratrechina,Paratrechina longicornis,,"坐标(113.531054, 22.18608818)不在澳门陆地区域内，疑似位于海上"
275512182,2025-04-28T00:00:00,2025-04-28T18:20:59,False,113.5310415,22.1861236,Plantae,Plantae,Tracheophyta,Magnoliopsida,Rosales,Moraceae,Ficus,Ficus subpisocarpa,,"坐标(113.5310415, 22.1861236)不在澳门陆地区域内，疑似位于海上"
275512439,2025-04-28T00:00:00,2025-04-28T18:21:27,False,113.5310625,22.18610964,Plantae,Plantae,Tracheophyta,Magnoliopsida,Gentianales,Rubiaceae,Oldenlandia,Oldenlandia corymbosa,,"坐标(113.5310625, 22.18610964)不在澳门陆地区域内，疑似位于海上"
275512447,2025-04-28T00:00:00,2025-04-28T13:38:32,False,113.5350883,22.185105,Plantae,Plantae,Tracheophyta,Magnoliopsida,Caryophyllales,Nyctaginaceae,Boerhavia,Boerhavia repens,,"坐标(113.5350883, 22.185105)不在澳门陆地区域内，疑似位于海上"
275512623,2025-04-28T00:00:00,2025-04-28T13:37:32,False,113.53515,22.18525833,Fungi,Fungi,Ascomycota,Arthoniomycetes,Arthoniales,Chrysotrichaceae,Chrysothrix,Chrysothrix xanthina,,"坐标(113.53515, 22.18525833)不在澳门陆地区域内，疑似位于海上"
275512737,2025-04-28T00:00:00,2025-04-28T18:21:58,False,113.5311517,22.18597417,Plantae,Plantae,Tracheophyta,Magnoliopsida,Rosales,Moraceae,Ficus,Ficus rumphii,,"坐标(113.5311517, 22.18597417)不在澳门陆地区域内，疑似位于海上"
275512787,2025-04-28T00:00:00,2025-04-28T13:37:29,False,113.53515,22.18525833,Fungi,Fungi,Ascomycota,Lecanoromycetes,Lecanorales,Stereocaulaceae,Lepraria,Lepraria finkii,,"坐标(113.53515, 22.18525833)不在澳门陆地区域内，疑似位于海上"
275512898,2025-04-28T00:00:00,2025-04-28T18:22:31,False,113.5311782,22.18577321,Plantae,Plantae,Tracheophyta,Magnoliopsida,Gentianales,Apocynaceae,Plumeria,Plumeria obtusa,,"坐标(113.5311782, 22.18577321)不在澳门陆地区域内，疑似位于海上"
275513026,2025-04-28T00:00:00,2025-04-28T13:36:55,False,113.5352867,22.18546333,Plantae,Plantae,Tracheophyta,Liliopsida,Poales,Poaceae,Pogonatherum,Pogonatherum crinitum,,"坐标(113.5352867, 22.18546333)不在澳门陆地区域内，疑似位于海上"
275513199,2025-04-28T00:00:00,2025-04-28T13:36:38,False,113.53533,22.18551333,Fungi,Fungi,Ascomycota,Lecanoromycetes,Caliciales,Physciaceae,Heterodermia,Heterodermia albicans,,"坐标(113.53533, 22.18551333)不在澳门陆地区域内，疑似位于海上"
275513262,2025-04-28T00:00:00,2025-04-28T18:22:46,False,113.5311873,22.18606398,Plantae,Plantae,Tracheophyta,Magnoliopsida,Asterales,Asteraceae,Emilia,Emilia sonchifolia,,"坐标(113.5311873, 22.18606398)不在澳门陆地区域内，疑似位于海上"
275513376,2025-04-28T00:00:00,2025-04-28T13:36:33,False,113.53533,22.18550833,Fungi,Fungi,Ascomycota,Arthoniomycetes,Arthoniales,Chrysotrichaceae,Chrysothrix,Chrysothrix xanthina,,"坐标(113.53533, 22.18550833)不在澳门陆地区域内，疑似位于海上"
275513437,2025-04-28T00:00:00,2025-04-28T18:23:24,False,113.5311601,22.18606378,Plantae,Plantae,Tracheophyta,Magnoliopsida,Rosales,Urticaceae,Pilea,Pilea microphylla,,"坐标(113.5311601, 22.18606378)不在澳门陆地区域内，疑似位于海上"
275513614,2025-04-28T00:00:00,2025-04-28T18:23:40,False,113.5311423,22.18572197,Plantae,Plantae,Tracheophyta,Polypodiopsida,Polypodiales,Pteridaceae,Pteris,Pteris vittata,,"坐标(113.5311423, 22.18572197)不在澳门陆地区域内，疑似位于海上"
275513622,2025-04-28T00:00:00,2025-04-28T13:36:15,True,113.5353917,22.1856,Plantae,Plantae,Tracheophyta,Magnoliopsida,Rosales,Moraceae,Ficus,Ficus benjamina,,"坐标(113.5353917, 22.1856)不在澳门陆地区域内，疑似位于海上"
275513894,2025-04-28T00:00:00,2025-04-28T18:24:13,False,113.531127,22.18538048,Plantae,Plantae,Tracheophyta,Magnoliopsida,Caryophyllales,Caryophyllaceae,Drymaria,Drymaria cordata,,"坐标(113.531127, 22.18538048)不在澳门陆地区域内，疑似位于海上"
275514159,2025-04-28T00:00:00,2025-04-28T18:24:51,False,113.5312212,22.18542968,Aves,Animalia,Chordata,Aves,Passeriformes,Passeridae,Passer,Passer montanus,,"坐标(113.5312212, 22.18542968)不在澳门陆地区域内，疑似位于海上"
275514348,2025-04-28T00:00:00,2025-04-28T18:25:20,False,113.5311802,22.18530337,Aves,Animalia,Chordata,Aves,Columbiformes,Columbidae,Spilopelia,Spilopelia chinensis,,"坐标(113.5311802, 22.18530337)不在澳门陆地区域内，疑似位于海上"
275514685,2025-04-28T00:00:00,2025-04-28T18:25:54,False,113.5315553,22.18506957,Plantae,Plantae,Tracheophyta,Magnoliopsida,Malpighiales,Euphorbiaceae,Euphorbia,Euphorbia thymifolia,,"坐标(113.5315553, 22.18506957)不在澳门陆地区域内，疑似位于海上"
275514991,2025-04-28T00:00:00,2025-04-28T18:26:22,False,113.5314951,22.1848936,Fungi,Fungi,Ascomycota,Lecanoromycetes,Caliciales,Caliciaceae,Pyxine,Pyxine subcinerea,,"坐标(113.5314951, 22.1848936)不在澳门陆地区域内，疑似位于海上"
275515153,2025-04-28T00:00:00,2025-04-28T18:26:50,False,113.5315876,22.18513473,Plantae,Plantae,Tracheophyta,Liliopsida,Poales,Poaceae,Eragrostis,Eragrostis tenella,,"坐标(113.5315876, 22.18513473)不在澳门陆地区域内，疑似位于海上"
275515158,2025-04-28T00:00:00,2025-04-28T18:24:50,False,113.55732,22.18711333,Reptilia,Animalia,Chordata,Reptilia,Squamata,Gekkonidae,Hemidactylus,Hemidactylus brookii,,"坐标(113.55732, 22.18711333)不在澳门陆地区域内，疑似位于海上"
275515385,2025-04-28T00:00:00,2025-04-28T18:27:08,False,113.5315076,22.18471358,Plantae,Plantae,Tracheophyta,Magnoliopsida,Rosales,Moraceae,Ficus,Ficus microcarpa,,"坐标(113.5315076, 22.18471358)不在澳门陆地区域内，疑似位于海上"
275515554,2025-04-28T00:00:00,2025-04-28T18:27:31,False,113.5314876,22.18475949,Fungi,Fungi,Ascomycota,Lecanoromycetes,Caliciales,Physciaceae,Heterodermia,Heterodermia albicans,,"坐标(113.5314876, 22.18475949)不在澳门陆地区域内，疑似位于海上"
275515688,2025-04-28T00:00:00,2025-04-28T18:27:51,False,113.5313845,22.1846091,Fungi,Fungi,Ascomycota,Lecanoromycetes,Caliciales,Physciaceae,Heterodermia,Heterodermia albicans,,"坐标(113.5313845, 22.1846091)不在澳门陆地区域内，疑似位于海上"
275516339,2025-04-28T00:00:00,2025-04-28T18:29:10,False,113.5308128,22.18395878,Plantae,Plantae,Tracheophyta,Magnoliopsida,Apiales,Araliaceae,Heptapleurum,Heptapleurum heptaphyllum,,"坐标(113.5308128, 22.18395878)不在澳门陆地区域内，疑似位于海上"
275516527,2025-04-28T00:00:00,2025-04-28T18:29:38,False,113.5306675,22.18388992,Plantae,Plantae,Tracheophyta,Magnoliopsida,Rosales,Moraceae,Ficus,Ficus microcarpa,,"坐标(113.5306675, 22.18388992)不在澳门陆地区域内，疑似位于海上"
275516627,2025-04-28T00:00:00,2025-04-28T18:29:53,False,113.5303006,22.18382226,Plantae,Plantae,Tracheophyta,Magnoliopsida,Rosales,Moraceae,Ficus,Ficus hispida,,"坐标(113.5303006, 22.18382226)不在澳门陆地区域内，疑似位于海上"
275516733,2025-04-28T00:00:00,2025-04-28T18:30:08,False,113.5303976,22.18382615,Plantae,Plantae,Tracheophyta,Magnoliopsida,Piperales,Piperaceae,Peperomia,Peperomia pellucida,,"坐标(113.5303976, 22.18382615)不在澳门陆地区域内，疑似位于海上"
275516956,2025-04-28T00:00:00,2025-04-28T18:30:33,False,113.5305713,22.18375955,Plantae,Plantae,Tracheophyta,Magnoliopsida,Malvales,Thymelaeaceae,Wikstroemia,Wikstroemia indica,,"坐标(113.5305713, 22.18375955)不在澳门陆地区域内，疑似位于海上"
275517068,2025-04-28T00:00:00,2025-04-28T18:30:52,False,113.5304349,22.18396466,Plantae,Plantae,Tracheophyta,Magnoliopsida,Rosales,Urticaceae,Pilea,Pilea microphylla,,"坐标(113.5304349, 22.18396466)不在澳门陆地区域内，疑似位于海上"
275529023,2025-04-26T00:00:00,2025-04-26T18:05:34,False,113.5293217,22.18424167,Plantae,Plantae,Tracheophyta,Magnoliopsida,Malpighiales,Euphorbiaceae,Euphorbia,Euphorbia hirta,,"坐标(113.5293217, 22.18424167)不在澳门陆地区域内，疑似位于海上"
275531113,2025-04-28T00:00:00,2025-04-28T18:47:27,False,113.5511721,22.1156193,Reptilia,Animalia,Chordata,Reptilia,Squamata,Gekkonidae,Gekko,Gekko chinensis,,"坐标(113.5511721, 22.1156193)不在澳门陆地区域内，疑似位于海上"
275532063,2025-04-28T00:00:00,2025-04-28T18:54:08,False,113.5512365,22.11569229,Amphibia,Animalia,Chordata,Amphibia,Anura,Bufonidae,Duttaphrynus,Duttaphrynus melanostictus,,"坐标(113.5512365, 22.11569229)不在澳门陆地区域内，疑似位于海上"
275546733,2025-04-27T00:00:00,2025-04-27T16:27:35,True,113.5476,22.15900283,Plantae,Plantae,Tracheophyta,Liliopsida,Asparagales,Asparagaceae,Agave,Agave angustifolia,,"坐标(113.5476, 22.15900283)不在澳门陆地区域内，疑似位于海上"
275557891,2025-04-27T00:00:00,2025-04-27T16:07:01,True,113.5433583,22.15858333,Plantae,Plantae,Tracheophyta,Magnoliopsida,Malpighiales,Hypericaceae,Cratoxylum,Cratoxylum cochinchinense,,"坐标(113.5433583, 22.15858333)不在澳门陆地区域内，疑似位于海上"
275561954,2025-04-27T00:00:00,2025-04-27T16:04:42,False,113.5436867,22.15851383,Plantae,Plantae,Tracheophyta,Magnoliopsida,Malvales,Malvaceae,Waltheria,Waltheria indica,,"坐标(113.5436867, 22.15851383)不在澳门陆地区域内，疑似位于海上"
275566080,2025-04-27T00:00:00,2025-04-27T16:03:28,True,113.5438917,22.15862783,Plantae,Plantae,Tracheophyta,Magnoliopsida,Gentianales,Rubiaceae,Mussaenda,Mussaenda formosanum,,"坐标(113.5438917, 22.15862783)不在澳门陆地区域内，疑似位于海上"
275581477,2025-04-28T00:00:00,2025-04-28T20:30:10,True,113.5733015,22.2154918,Plantae,Plantae,Tracheophyta,Magnoliopsida,Malvales,Thymelaeaceae,Aquilaria,Aquilaria sinensis,,"坐标(113.5733015, 22.2154918)不在澳门陆地区域内，疑似位于海上"
275581736,2025-04-25T00:00:00,2025-04-25T09:34:00,False,113.556655,22.18656167,Plantae,Plantae,Tracheophyta,Magnoliopsida,Lamiales,Verbenaceae,Lantana,Lantana montevidensis,,"坐标(113.556655, 22.18656167)不在澳门陆地区域内，疑似位于海上"
275597406,2025-04-28T00:00:00,2025-04-28T20:50:45,False,113.5498119,22.1194859,Plantae,Plantae,Tracheophyta,Magnoliopsida,Rosales,Moraceae,Ficus,Ficus religiosa,,"坐标(113.5498119, 22.1194859)不在澳门陆地区域内，疑似位于海上"
275617494,2025-04-26T00:00:00,,True,113.5942344,22.10846899,Mammalia,Animalia,Chordata,Mammalia,Primates,Lemuridae,Lemur,Lemur catta,,"坐标(113.5942344, 22.10846899)不在澳门陆地区域内，疑似位于海上"
275629185,2025-04-27T00:00:00,2025-04-27T15:49:22,False,113.5460133,22.1603305,Plantae,Plantae,Tracheophyta,Polypodiopsida,Polypodiales,Pteridaceae,Adiantum,Adiantum flabellulatum,,"坐标(113.5460133, 22.1603305)不在澳门陆地区域内，疑似位于海上"
275634696,2025-04-28T00:00:00,2025-04-28T21:34:32,True,113.5398423,22.1612901,Plantae,Plantae,Tracheophyta,Magnoliopsida,Malvales,Malvaceae,Ceiba,Ceiba speciosa,,"坐标(113.5398423, 22.1612901)不在澳门陆地区域内，疑似位于海上"
275636942,2025-04-28T00:00:00,2025-04-28T14:47:23,False,113.550775,22.11661667,Plantae,Plantae,Tracheophyta,Magnoliopsida,Malvales,Malvaceae,Ceiba,Ceiba speciosa,,"坐标(113.550775, 22.11661667)不在澳门陆地区域内，疑似位于海上"
275638909,2025-04-28T00:00:00,2025-04-28T14:59:40,False,113.551645,22.1156305,Plantae,Plantae,Tracheophyta,Magnoliopsida,Malpighiales,Phyllanthaceae,Phyllanthus,Phyllanthus urinaria,,"坐标(113.551645, 22.1156305)不在澳门陆地区域内，疑似位于海上"
275642980,2025-04-28T00:00:00,2025-04-28T15:00:19,False,113.5516283,22.11561117,Plantae,Plantae,Tracheophyta,Magnoliopsida,Sapindales,Sapindaceae,Dimocarpus,Dimocarpus longan,,"坐标(113.5516283, 22.11561117)不在澳门陆地区域内，疑似位于海上"
275643684,2025-04-28T00:00:00,2025-04-28T15:00:48,False,113.551675,22.1156,Plantae,Plantae,Tracheophyta,Magnoliopsida,Fabales,Fabaceae,Adenanthera,Adenanthera pavonina,,"坐标(113.551675, 22.1156)不在澳门陆地区域内，疑似位于海上"
275644222,2025-04-28T00:00:00,2025-04-28T15:01:12,False,113.551645,22.1156,Plantae,Plantae,Tracheophyta,Magnoliopsida,Fagales,Fagaceae,Castanopsis,Castanopsis faberi,,"坐标(113.551645, 22.1156)不在澳门陆地区域内，疑似位于海上"
275644563,2025-04-28T00:00:00,2025-04-28T15:06:41,False,113.55043,22.11438333,Plantae,Plantae,Tracheophyta,Liliopsida,Alismatales,Araceae,Alocasia,Alocasia odora,,"坐标(113.55043, 22.11438333)不在澳门陆地区域内，疑似位于海上"
275645058,2025-04-28T00:00:00,2025-04-28T15:07:05,False,113.55043,22.1143695,Plantae,Plantae,Tracheophyta,Liliopsida,Alismatales,Araceae,Syngonium,Syngonium angustatum,,"坐标(113.55043, 22.1143695)不在澳门陆地区域内，疑似位于海上"
275645486,2025-04-28T00:00:00,2025-04-28T15:07:19,False,113.5504217,22.11436383,Plantae,Plantae,Tracheophyta,Magnoliopsida,Oxalidales,Oxalidaceae,Oxalis,Oxalis debilis,,"坐标(113.5504217, 22.11436383)不在澳门陆地区域内，疑似位于海上"
275646991,2025-04-27T00:00:00,2025-04-27T16:45:00,False,113.5472333,22.16193883,Plantae,Plantae,Tracheophyta,Magnoliopsida,Fabales,Fabaceae,Acacia,Acacia confusa,,"坐标(113.5472333, 22.16193883)不在澳门陆地区域内，疑似位于海上"
275647377,2025-04-28T00:00:00,2025-04-28T14:46:13,False,113.5507883,22.1167695,Aves,Animalia,Chordata,Aves,Passeriformes,Passeridae,Passer,Passer montanus,,"坐标(113.5507883, 22.1167695)不在澳门陆地区域内，疑似位于海上"
275647980,2025-04-28T00:00:00,2025-04-28T14:51:36,False,113.5508583,22.1167555,Aves,Animalia,Chordata,Aves,Pelecaniformes,Ardeidae,Egretta,Egretta garzetta,,"坐标(113.5508583, 22.1167555)不在澳门陆地区域内，疑似位于海上"
275651030,2025-04-27T00:00:00,2025-04-27T10:27:10,False,113.5691674,22.19121312,Plantae,Plantae,Tracheophyta,Magnoliopsida,Malvales,Thymelaeaceae,Aquilaria,Aquilaria sinensis,,"坐标(113.5691674, 22.19121312)不在澳门陆地区域内，疑似位于海上"
275651651,2025-04-28T00:00:00,2025-04-28T14:55:32,False,113.5523533,22.11634167,Plantae,Plantae,Tracheophyta,Magnoliopsida,Saxifragales,Crassulaceae,Kalanchoe,Kalanchoe laetivirens,,"坐标(113.5523533, 22.11634167)不在澳门陆地区域内，疑似位于海上"
275652004,2025-04-28T00:00:00,2025-04-28T14:56:03,False,113.552445,22.11636383,Plantae,Plantae,Tracheophyta,Magnoliopsida,Malpighiales,Euphorbiaceae,Acalypha,Acalypha australis,,"坐标(113.552445, 22.11636383)不在澳门陆地区域内，疑似位于海上"
275652412,2025-04-28T00:00:00,2025-04-28T14:56:14,False,113.5524133,22.11634717,Plantae,Plantae,Tracheophyta,Magnoliopsida,Lamiales,Acanthaceae,Dicliptera,Dicliptera chinensis,,"坐标(113.5524133, 22.11634717)不在澳门陆地区域内，疑似位于海上"
275652878,2025-04-28T00:00:00,2025-04-28T14:57:56,False,113.5520783,22.11595833,Plantae,Plantae,Tracheophyta,Magnoliopsida,Rosales,Moraceae,Ficus,Ficus variegata,,"坐标(113.5520783, 22.11595833)不在澳门陆地区域内，疑似位于海上"
275653423,2025-04-28T00:00:00,2025-04-28T14:58:11,False,113.5520783,22.116025,Plantae,Plantae,Tracheophyta,Magnoliopsida,Asterales,Asteraceae,Sphagneticola,Sphagneticola calendulacea,,"坐标(113.5520783, 22.116025)不在澳门陆地区域内，疑似位于海上"
275653872,2025-04-28T00:00:00,2025-04-28T14:58:48,False,113.551925,22.11583883,Plantae,Plantae,Tracheophyta,Magnoliopsida,Caryophyllales,Amaranthaceae,Alternanthera,Alternanthera philoxeroides,,"坐标(113.551925, 22.11583883)不在澳门陆地区域内，疑似位于海上"
275654321,2025-04-28T00:00:00,2025-04-28T15:02:20,False,113.551545,22.1156305,Plantae,Plantae,Tracheophyta,Magnoliopsida,Solanales,Solanaceae,Solanum,Solanum americanum,,"坐标(113.551545, 22.1156305)不在澳门陆地区域内，疑似位于海上"
275654779,2025-04-28T00:00:00,2025-04-28T15:02:48,False,113.5514967,22.1156055,Plantae,Plantae,Tracheophyta,Magnoliopsida,Malpighiales,Euphorbiaceae,Acalypha,Acalypha siamensis,,"坐标(113.5514967, 22.1156055)不在澳门陆地区域内，疑似位于海上"
275655314,2025-04-28T00:00:00,2025-04-28T15:05:38,False,113.5505133,22.1145945,Plantae,Plantae,Tracheophyta,Liliopsida,Poales,Poaceae,Bambusa,Bambusa stenostachya,,"坐标(113.5505133, 22.1145945)不在澳门陆地区域内，疑似位于海上"
275655847,2025-04-28T00:00:00,2025-04-28T15:12:49,False,113.5515217,22.11555283,Plantae,Plantae,Tracheophyta,Magnoliopsida,Gentianales,Rubiaceae,Oldenlandia,Oldenlandia corymbosa,,"坐标(113.5515217, 22.11555283)不在澳门陆地区域内，疑似位于海上"
275661490,2025-04-28T00:00:00,2025-04-28T21:59:17,False,113.5314417,22.18633333,Plantae,Plantae,Tracheophyta,Magnoliopsida,Malpighiales,Phyllanthaceae,Bischofia,Bischofia javanica,,"坐标(113.5314417, 22.18633333)不在澳门陆地区域内，疑似位于海上"
275662002,2025-04-28T00:00:00,2025-04-28T15:12:57,False,113.5515133,22.115575,Plantae,Plantae,Bryophyta,Bryopsida,Pottiales,Pottiaceae,Hyophila,Hyophila involuta,,"坐标(113.5515133, 22.115575)不在澳门陆地区域内，疑似位于海上"
275662690,2025-04-28T00:00:00,2025-04-28T15:16:08,False,113.551605,22.11564167,Plantae,Plantae,Tracheophyta,Magnoliopsida,Gentianales,Rubiaceae,Oldenlandia,Oldenlandia corymbosa,,"坐标(113.551605, 22.11564167)不在澳门陆地区域内，疑似位于海上"
275663232,2025-04-28T00:00:00,2025-04-28T15:24:39,False,113.5498367,22.1193,Plantae,Plantae,Tracheophyta,Magnoliopsida,Lamiales,Acanthaceae,Avicennia,Avicennia marina,,"坐标(113.5498367, 22.1193)不在澳门陆地区域内，疑似位于海上"
275663624,2025-04-28T00:00:00,2025-04-28T22:01:37,False,113.5308917,22.18662,Plantae,Plantae,Tracheophyta,Magnoliopsida,Malpighiales,Euphorbiaceae,Triadica,Triadica sebifera,,"坐标(113.5308917, 22.18662)不在澳门陆地区域内，疑似位于海上"
275664748,2025-04-28T00:00:00,2025-04-28T22:02:39,False,113.531005,22.18668333,Plantae,Plantae,Tracheophyta,Polypodiopsida,Polypodiales,Polypodiaceae,Pyrrosia,Pyrrosia adnascens,,"坐标(113.531005, 22.18668333)不在澳门陆地区域内，疑似位于海上"
275667396,2025-04-28T00:00:00,2025-04-28T15:25:58,False,113.5501333,22.11959167,Plantae,Plantae,Tracheophyta,Liliopsida,Alismatales,Araceae,Epipremnum,Epipremnum aureum,,"坐标(113.5501333, 22.11959167)不在澳门陆地区域内，疑似位于海上"
275668023,2025-04-28T00:00:00,2025-04-28T15:36:17,False,113.5520167,22.1357195,Aves,Animalia,Chordata,Aves,Pelecaniformes,Ardeidae,Egretta,Egretta garzetta,,"坐标(113.5520167, 22.1357195)不在澳门陆地区域内，疑似位于海上"
275668551,2025-04-28T00:00:00,2025-04-28T15:36:40,False,113.552025,22.13561117,Plantae,Plantae,Tracheophyta,Magnoliopsida,Rosales,Moraceae,Ficus,Ficus benjamina,,"坐标(113.552025, 22.13561117)不在澳门陆地区域内，疑似位于海上"
275669032,2025-04-28T00:00:00,2025-04-28T15:37:18,False,113.5520167,22.13539167,Aves,Animalia,Chordata,Aves,Pelecaniformes,Ardeidae,Egretta,Egretta garzetta,,"坐标(113.5520167, 22.13539167)不在澳门陆地区域内，疑似位于海上"
275669837,2025-04-28T00:00:00,2025-04-28T15:37:40,False,113.5520167,22.13535,Plantae,Plantae,Tracheophyta,Magnoliopsida,Malpighiales,Euphorbiaceae,Macaranga,Macaranga tanarius,,"坐标(113.5520167, 22.13535)不在澳门陆地区域内，疑似位于海上"
275670165,2025-04-28T00:00:00,2025-04-28T15:38:07,False,113.5520167,22.1351805,Plantae,Plantae,Tracheophyta,Magnoliopsida,Asterales,Asteraceae,Youngia,Youngia japonica,,"坐标(113.5520167, 22.1351805)不在澳门陆地区域内，疑似位于海上"
275673099,2025-04-28T00:00:00,2025-04-28T15:45:23,False,113.5519717,22.13533883,Aves,Animalia,Chordata,Aves,Pelecaniformes,Ardeidae,Egretta,Egretta garzetta,,"坐标(113.5519717, 22.13533883)不在澳门陆地区域内，疑似位于海上"
275674342,2025-04-28T00:00:00,2025-04-28T15:46:04,False,113.5520167,22.13552217,Plantae,Plantae,Tracheophyta,Polypodiopsida,Gleicheniales,Gleicheniaceae,Dicranopteris,Dicranopteris pedata,,"坐标(113.5520167, 22.13552217)不在澳门陆地区域内，疑似位于海上"
275674830,2025-04-28T00:00:00,2025-04-28T15:47:10,False,113.5519867,22.13571383,Plantae,Plantae,Tracheophyta,Magnoliopsida,Lamiales,Acanthaceae,Acanthus,Acanthus ilicifolius,,"坐标(113.5519867, 22.13571383)不在澳门陆地区域内，疑似位于海上"
275676037,2025-04-28T00:00:00,2025-04-28T15:48:53,False,113.552025,22.13596117,Plantae,Plantae,Tracheophyta,Magnoliopsida,Malvales,Malvaceae,Hibiscus,Hibiscus tiliaceus,,"坐标(113.552025, 22.13596117)不在澳门陆地区域内，疑似位于海上"
275676269,2025-04-28T00:00:00,2025-04-28T15:51:55,True,113.5520033,22.13695,Plantae,Plantae,Tracheophyta,Magnoliopsida,Caryophyllales,Nyctaginaceae,Bougainvillea,Bougainvillea spectabilis,,"坐标(113.5520033, 22.13695)不在澳门陆地区域内，疑似位于海上"
275676529,2025-04-28T00:00:00,2025-04-28T15:52:33,True,113.551995,22.13666667,Plantae,Plantae,Tracheophyta,Magnoliopsida,Caryophyllales,Nyctaginaceae,Bougainvillea,Bougainvillea glabra,,"坐标(113.551995, 22.13666667)不在澳门陆地区域内，疑似位于海上"
275676812,2025-04-28T00:00:00,2025-04-28T15:53:03,False,113.5520383,22.13648333,Plantae,Plantae,Tracheophyta,Magnoliopsida,Rosales,Moraceae,Ficus,Ficus microcarpa,,"坐标(113.5520383, 22.13648333)不在澳门陆地区域内，疑似位于海上"
275677078,2025-04-28T00:00:00,2025-04-28T16:12:29,False,113.5460967,22.16271117,Plantae,Plantae,Tracheophyta,Magnoliopsida,Fagales,Casuarinaceae,Casuarina,Casuarina equisetifolia,,"坐标(113.5460967, 22.16271117)不在澳门陆地区域内，疑似位于海上"
275677519,2025-04-28T00:00:00,2025-04-28T22:15:00,False,113.5305633,22.18652833,Plantae,Plantae,Tracheophyta,Magnoliopsida,Fagales,Casuarinaceae,Casuarina,Casuarina equisetifolia,,"坐标(113.5305633, 22.18652833)不在澳门陆地区域内，疑似位于海上"
275677571,2025-04-28T00:00:00,2025-04-28T16:13:42,False,113.5458917,22.16271383,Plantae,Plantae,Tracheophyta,Liliopsida,Poales,Poaceae,Miscanthus,Miscanthus floridulus,,"坐标(113.5458917, 22.16271383)不在澳门陆地区域内，疑似位于海上"
275677909,2025-04-26T00:00:00,2025-04-26T16:41:00,False,113.5509283,22.11716117,Aves,Animalia,Chordata,Aves,Columbiformes,Columbidae,Columba,Columba livia,,"坐标(113.5509283, 22.11716117)不在澳门陆地区域内，疑似位于海上"
275678050,2025-04-28T00:00:00,2025-04-28T16:13:50,False,113.5458367,22.16271117,Plantae,Plantae,Tracheophyta,Polypodiopsida,Polypodiales,Pteridaceae,Adiantum,Adiantum flabellulatum,,"坐标(113.5458367, 22.16271117)不在澳门陆地区域内，疑似位于海上"
275679954,2025-04-28T00:00:00,2025-04-28T16:13:55,False,113.5458367,22.16272783,Plantae,Plantae,Tracheophyta,Magnoliopsida,Myrtales,Melastomataceae,Melastoma,Melastoma sanguineum,,"坐标(113.5458367, 22.16272783)不在澳门陆地区域内，疑似位于海上"
275680651,2025-04-28T00:00:00,2025-04-28T16:14:35,False,113.5457383,22.16270833,Plantae,Plantae,Tracheophyta,Magnoliopsida,Apiales,Araliaceae,Hydrocotyle,Hydrocotyle verticillata,,"坐标(113.5457383, 22.16270833)不在澳门陆地区域内，疑似位于海上"
275681237,2025-04-28T00:00:00,2025-04-28T16:14:47,False,113.5457217,22.16271383,Plantae,Plantae,Tracheophyta,Polypodiopsida,Polypodiales,Lindsaeaceae,Odontosoria,Odontosoria biflora,,"坐标(113.5457217, 22.16271383)不在澳门陆地区域内，疑似位于海上"
275681696,2025-04-28T00:00:00,2025-04-28T22:18:00,False,113.5309217,22.18655333,Plantae,Plantae,Tracheophyta,Magnoliopsida,Fabales,Fabaceae,Delonix,Delonix regia,,"坐标(113.5309217, 22.18655333)不在澳门陆地区域内，疑似位于海上"
275681886,2025-04-28T00:00:00,2025-04-28T16:15:34,False,113.5456467,22.1628055,Plantae,Plantae,Tracheophyta,Magnoliopsida,Asterales,Asteraceae,Praxelis,Praxelis clematidea,,"坐标(113.5456467, 22.1628055)不在澳门陆地区域内，疑似位于海上"
275682352,2025-04-28T00:00:00,2025-04-28T16:16:05,False,113.545595,22.16270833,Plantae,Plantae,Tracheophyta,Polypodiopsida,Polypodiales,Pteridaceae,Pteris,Pteris vittata,,"坐标(113.545595, 22.16270833)不在澳门陆地区域内，疑似位于海上"
275683070,2025-04-28T00:00:00,2025-04-28T16:16:25,False,113.5455333,22.16270283,Plantae,Plantae,Tracheophyta,Magnoliopsida,Malpighiales,Phyllanthaceae,Aporosa,Aporosa octandra,,"坐标(113.5455333, 22.16270283)不在澳门陆地区域内，疑似位于海上"
275683542,2025-04-28T00:00:00,2025-04-28T16:16:34,False,113.545495,22.16271117,Plantae,Plantae,Tracheophyta,Magnoliopsida,Malpighiales,Phyllanthaceae,Phyllanthus,Phyllanthus tenellus,,"坐标(113.545495, 22.16271117)不在澳门陆地区域内，疑似位于海上"
275683921,2025-04-27T00:00:00,2025-04-27T11:32:28,False,113.553345,22.13944717,Aves,Animalia,Chordata,Aves,Passeriformes,Sturnidae,Gracupica,Gracupica nigricollis,,"坐标(113.553345, 22.13944717)不在澳门陆地区域内，疑似位于海上"
275684151,2025-04-28T00:00:00,2025-04-28T16:17:49,False,113.5451133,22.16275833,Plantae,Plantae,Tracheophyta,Magnoliopsida,Sapindales,Meliaceae,Melia,Melia azedarach,,"坐标(113.5451133, 22.16275833)不在澳门陆地区域内，疑似位于海上"
275684526,2025-04-28T00:00:00,2025-04-28T16:18:48,False,113.5451583,22.16273617,Plantae,Plantae,Tracheophyta,Magnoliopsida,Malpighiales,Euphorbiaceae,Mallotus,Mallotus paniculatus,,"坐标(113.5451583, 22.16273617)不在澳门陆地区域内，疑似位于海上"
275684998,2025-04-28T00:00:00,2025-04-28T16:19:50,False,113.5450883,22.16255833,Plantae,Plantae,Tracheophyta,Liliopsida,Asparagales,Asparagaceae,Asparagus,Asparagus cochinchinensis,,"坐标(113.5450883, 22.16255833)不在澳门陆地区域内，疑似位于海上"
275686272,2025-04-28T00:00:00,2025-04-28T16:20:02,False,113.5450833,22.16277783,Plantae,Plantae,Tracheophyta,Magnoliopsida,Gentianales,Apocynaceae,Catharanthus,Catharanthus roseus,,"坐标(113.5450833, 22.16277783)不在澳门陆地区域内，疑似位于海上"
275686669,2025-04-28T00:00:00,2025-04-28T16:20:02,False,113.5450833,22.16277783,Plantae,Plantae,Tracheophyta,Liliopsida,Asparagales,Asparagaceae,Asparagus,Asparagus aethiopicus,,"坐标(113.5450833, 22.16277783)不在澳门陆地区域内，疑似位于海上"
275688047,2025-04-28T00:00:00,2025-04-28T22:20:00,True,113.5315867,22.18508667,Plantae,Plantae,Tracheophyta,Magnoliopsida,Asterales,Asteraceae,Tridax,Tridax procumbens,,"坐标(113.5315867, 22.18508667)不在澳门陆地区域内，疑似位于海上"
275688194,2025-04-28T00:00:00,2025-04-28T16:22:19,False,113.5446783,22.16190833,Plantae,Plantae,Tracheophyta,Liliopsida,Poales,Poaceae,Megathyrsus,Megathyrsus maximus,,"坐标(113.5446783, 22.16190833)不在澳门陆地区域内，疑似位于海上"
275688494,2025-04-28T00:00:00,2025-04-28T16:26:46,False,113.5449133,22.16126667,Plantae,Plantae,Tracheophyta,Magnoliopsida,Laurales,Lauraceae,Litsea,Litsea glutinosa,,"坐标(113.5449133, 22.16126667)不在澳门陆地区域内，疑似位于海上"
275688731,2025-04-28T00:00:00,2025-04-28T16:27:24,False,113.5448917,22.16137217,Plantae,Plantae,Tracheophyta,Magnoliopsida,Laurales,Lauraceae,Litsea,Litsea glutinosa,,"坐标(113.5448917, 22.16137217)不在澳门陆地区域内，疑似位于海上"
275693589,2025-04-26T00:00:00,,False,113.5469443,22.1608326,Plantae,Plantae,Tracheophyta,Magnoliopsida,Malvales,Malvaceae,Hibiscus,Hibiscus mutabilis,,"坐标(113.5469443, 22.1608326)不在澳门陆地区域内，疑似位于海上"
275703821,2025-04-26T00:00:00,,False,113.5469443,22.1608326,Plantae,Plantae,Tracheophyta,Magnoliopsida,Lamiales,Lamiaceae,Clerodendrum,Clerodendrum quadriloculare,,"坐标(113.5469443, 22.1608326)不在澳门陆地区域内，疑似位于海上"
275705770,2025-04-25T00:00:00,,False,113.5469443,22.1608326,Plantae,Plantae,Tracheophyta,Pinopsida,Pinales,Pinaceae,Pinus,Pinus massoniana,,"坐标(113.5469443, 22.1608326)不在澳门陆地区域内，疑似位于海上"
275709114,2025-04-28T00:00:00,2025-04-28T21:06:52,False,113.5412533,22.15818333,Insecta,Animalia,Arthropoda,Insecta,Hymenoptera,Vespidae,Rhynchium,Rhynchium brunneum,,"坐标(113.5412533, 22.15818333)不在澳门陆地区域内，疑似位于海上"
275709211,2025-04-28T00:00:00,2025-04-28T21:25:16,False,113.5408167,22.15816667,Mollusca,Animalia,Mollusca,Gastropoda,Stylommatophora,Ariophantidae,Tanychlamys,Tanychlamys hippocastaneum,,"坐标(113.5408167, 22.15816667)不在澳门陆地区域内，疑似位于海上"
275709435,2025-04-28T00:00:00,2025-04-28T21:39:49,False,113.5400383,22.16141383,Insecta,Animalia,Arthropoda,Insecta,Lepidoptera,Pyralidae,Endotricha,Endotricha olivacealis,,"坐标(113.5400383, 22.16141383)不在澳门陆地区域内，疑似位于海上"
275709465,2025-04-28T00:00:00,2025-04-28T21:07:12,False,113.5413133,22.15817783,Insecta,Animalia,Arthropoda,Insecta,Hemiptera,Rhopalidae,Leptocoris,Leptocoris vicinus,,"坐标(113.5413133, 22.15817783)不在澳门陆地区域内，疑似位于海上"
275709821,2025-04-28T00:00:00,2025-04-28T21:12:54,False,113.5411917,22.1578055,Arachnida,Animalia,Arthropoda,Arachnida,Ixodida,Ixodidae,Rhipicephalus,Rhipicephalus sanguineus,,"坐标(113.5411917, 22.1578055)不在澳门陆地区域内，疑似位于海上"
275710353,2025-04-28T00:00:00,2025-04-28T21:13:07,False,113.5412883,22.1578305,Insecta,Animalia,Arthropoda,Insecta,Hemiptera,Pentatomidae,Piezodorus,Piezodorus hybneri,,"坐标(113.5412883, 22.1578305)不在澳门陆地区域内，疑似位于海上"
275710860,2025-04-28T00:00:00,2025-04-28T21:15:03,False,113.5414633,22.15772783,Insecta,Animalia,Arthropoda,Insecta,Hemiptera,Largidae,Physopelta,Physopelta gutta,,"坐标(113.5414633, 22.15772783)不在澳门陆地区域内，疑似位于海上"
275711005,2025-04-28T00:00:00,2025-04-28T21:07:12,False,113.541345,22.1582,Insecta,Animalia,Arthropoda,Insecta,Hemiptera,Rhopalidae,Leptocoris,Leptocoris vicinus,,"坐标(113.541345, 22.1582)不在澳门陆地区域内，疑似位于海上"
275712024,2025-04-28T00:00:00,2025-04-28T21:16:54,False,113.5410917,22.1577695,Insecta,Animalia,Arthropoda,Insecta,Hemiptera,Pentatomidae,Piezodorus,Piezodorus hybneri,,"坐标(113.5410917, 22.1577695)不在澳门陆地区域内，疑似位于海上"
275713742,2025-04-28T00:00:00,2025-04-28T21:10:15,False,113.5410133,22.158325,Insecta,Animalia,Arthropoda,Insecta,Coleoptera,Scarabaeidae,Holotrichia,Holotrichia lata,,"坐标(113.5410133, 22.158325)不在澳门陆地区域内，疑似位于海上"
275714922,2025-04-28T00:00:00,2025-04-28T21:47:25,False,113.539345,22.16459717,Insecta,Animalia,Arthropoda,Insecta,Coleoptera,Scarabaeidae,Anomala,Anomala antiqua,,"坐标(113.539345, 22.16459717)不在澳门陆地区域内，疑似位于海上"
275714947,2025-04-28T00:00:00,2025-04-28T21:44:03,False,113.5397417,22.16314167,Insecta,Animalia,Arthropoda,Insecta,Coleoptera,Scarabaeidae,Anomala,Anomala antiqua,,"坐标(113.5397417, 22.16314167)不在澳门陆地区域内，疑似位于海上"
275715713,2025-04-26T00:00:00,2025-04-26T18:09:37,True,113.5293967,22.18388,Plantae,Plantae,Tracheophyta,Magnoliopsida,Lamiales,Oleaceae,Jasminum,Jasminum sambac,,"坐标(113.5293967, 22.18388)不在澳门陆地区域内，疑似位于海上"
275717290,2025-04-28T00:00:00,2025-04-28T21:16:08,False,113.541105,22.15778883,Insecta,Animalia,Arthropoda,Insecta,Hemiptera,Largidae,Physopelta,Physopelta parviceps,,"坐标(113.541105, 22.15778883)不在澳门陆地区域内，疑似位于海上"
275717952,2025-04-28T00:00:00,2025-04-28T21:15:02,False,113.5414633,22.15772783,Insecta,Animalia,Arthropoda,Insecta,Hemiptera,Largidae,Physopelta,Physopelta gutta,,"坐标(113.5414633, 22.15772783)不在澳门陆地区域内，疑似位于海上"
275718788,2025-04-28T00:00:00,2025-04-28T21:25:42,False,113.5411967,22.1585555,Mollusca,Animalia,Mollusca,Gastropoda,Stylommatophora,Ariophantidae,Tanychlamys,Tanychlamys hippocastaneum,,"坐标(113.5411967, 22.1585555)不在澳门陆地区域内，疑似位于海上"
275719004,2025-04-28T00:00:00,2025-04-28T21:19:07,False,113.54103,22.15761383,Insecta,Animalia,Arthropoda,Insecta,Lepidoptera,Erebidae,Nodaria,Nodaria externalis,,"坐标(113.54103, 22.15761383)不在澳门陆地区域内，疑似位于海上"
275719472,2025-04-28T00:00:00,2025-04-28T21:25:42,False,113.5411783,22.15854717,Mollusca,Animalia,Mollusca,Gastropoda,Stylommatophora,Ariophantidae,Tanychlamys,Tanychlamys hippocastaneum,,"坐标(113.5411783, 22.15854717)不在澳门陆地区域内，疑似位于海上"
275720345,2025-04-28T00:00:00,2025-04-28T21:09:03,False,113.5412617,22.1582945,Insecta,Animalia,Arthropoda,Insecta,Hymenoptera,Apidae,Apis,Apis cerana,,"坐标(113.5412617, 22.1582945)不在澳门陆地区域内，疑似位于海上"
275721518,2025-04-28T00:00:00,2025-04-28T21:37:43,False,113.539895,22.16148617,Animalia,Animalia,Platyhelminthes,,Tricladida,Geoplanidae,Platydemus,Platydemus manokwari,,"坐标(113.539895, 22.16148617)不在澳门陆地区域内，疑似位于海上"
275723568,2025-04-28T00:00:00,2025-04-28T21:29:53,False,113.5403367,22.1596305,Insecta,Animalia,Arthropoda,Insecta,Orthoptera,Trigonidiidae,Dianemobius,Dianemobius fascipes,,"坐标(113.5403367, 22.1596305)不在澳门陆地区域内，疑似位于海上"
275724891,2025-04-25T00:00:00,,True,113.5469443,22.1608326,Plantae,Plantae,Tracheophyta,Magnoliopsida,Lamiales,Lamiaceae,Clerodendrum,Clerodendrum quadriloculare,,"坐标(113.5469443, 22.1608326)不在澳门陆地区域内，疑似位于海上"
275726388,2025-04-28T00:00:00,2025-04-28T22:59:58,True,113.5706722,22.09846671,Reptilia,Animalia,Chordata,Reptilia,Testudines,Testudinidae,Centrochelys,Centrochelys sulcata,,"坐标(113.5706722, 22.09846671)不在澳门陆地区域内，疑似位于海上"
275729624,2025-04-25T00:00:00,,True,113.5469443,22.1608326,Plantae,Plantae,Tracheophyta,Magnoliopsida,Malpighiales,Euphorbiaceae,Euphorbia,Euphorbia cotinifolia,,"坐标(113.5469443, 22.1608326)不在澳门陆地区域内，疑似位于海上"
275732993,2025-04-25T00:00:00,,True,113.5469443,22.1608326,Plantae,Plantae,Tracheophyta,Liliopsida,Alismatales,Araceae,Alocasia,Alocasia macrorrhizos,,"坐标(113.5469443, 22.1608326)不在澳门陆地区域内，疑似位于海上"
275733878,2025-04-25T00:00:00,,True,113.5469443,22.1608326,Plantae,Plantae,Tracheophyta,Magnoliopsida,Solanales,Solanaceae,Brunfelsia,Brunfelsia pauciflora,,"坐标(113.5469443, 22.1608326)不在澳门陆地区域内，疑似位于海上"
275734265,2025-04-28T00:00:00,2025-04-28T21:06:14,False,113.5404947,22.15928965,Insecta,Animalia,Arthropoda,Insecta,Lepidoptera,Tineidae,Phereoeca,Phereoeca uterella,,"坐标(113.5404947, 22.15928965)不在澳门陆地区域内，疑似位于海上"
275739606,2025-04-28T00:00:00,2025-04-28T23:12:12,True,113.5953087,22.1251342,Aves,Animalia,Chordata,Aves,Psittaciformes,Psittacidae,Ara,Ara macao,,"坐标(113.5953087, 22.1251342)不在澳门陆地区域内，疑似位于海上"
275745647,2025-04-27T00:00:00,2025-04-27T15:33:29,False,113.54788,22.16251667,Plantae,Plantae,Tracheophyta,Magnoliopsida,Lamiales,Lamiaceae,Clerodendrum,Clerodendrum canescens,,"坐标(113.54788, 22.16251667)不在澳门陆地区域内，疑似位于海上"
275755413,2025-04-28T00:00:00,2025-04-28T10:26:08,False,113.5516756,22.14226432,Aves,Animalia,Chordata,Aves,Charadriiformes,Recurvirostridae,Himantopus,Himantopus himantopus,,"坐标(113.5516756, 22.14226432)不在澳门陆地区域内，疑似位于海上"
275770968,2025-04-27T00:00:00,2025-04-27T13:40:00,False,113.5531519,22.14050895,Aves,Animalia,Chordata,Aves,Coraciiformes,Alcedinidae,Halcyon,Halcyon smyrnensis,,"坐标(113.5531519, 22.14050895)不在澳门陆地区域内，疑似位于海上"
275792706,2025-04-26T00:00:00,,False,113.552028,22.135785,Aves,Animalia,Chordata,Aves,Pelecaniformes,Ardeidae,Nycticorax,Nycticorax nycticorax,,"坐标(113.552028, 22.135785)不在澳门陆地区域内，疑似位于海上"
275821102,2025-04-28T00:00:00,,False,113.5497147,22.11411128,Animalia,Animalia,Arthropoda,Malacostraca,Decapoda,Diogenidae,Clibanarius,Clibanarius infraspinatus,,"坐标(113.5497147, 22.11411128)不在澳门陆地区域内，疑似位于海上"
275837663,2025-04-28T00:00:00,2025-04-28T00:50:00,False,113.5421189,22.15985408,Insecta,Animalia,Arthropoda,Insecta,Hemiptera,Pentatomidae,Piezodorus,Piezodorus hybneri,,"坐标(113.5421189, 22.15985408)不在澳门陆地区域内，疑似位于海上"
275840234,2025-04-28T00:00:00,2025-04-28T00:52:00,False,113.5418453,22.15910939,Insecta,Animalia,Arthropoda,Insecta,Hemiptera,Largidae,Physopelta,Physopelta gutta,,"坐标(113.5418453, 22.15910939)不在澳门陆地区域内，疑似位于海上"
275842298,2025-04-28T00:00:00,2025-04-28T00:55:00,False,113.542795,22.15987707,Insecta,Animalia,Arthropoda,Insecta,Hemiptera,Pentatomidae,Piezodorus,Piezodorus hybneri,,"坐标(113.542795, 22.15987707)不在澳门陆地区域内，疑似位于海上"
275888631,2025-04-27T00:00:00,2025-04-27T14:01:00,False,113.5985081,22.10876147,Insecta,Animalia,Arthropoda,Insecta,Odonata,Coenagrionidae,Ischnura,Ischnura senegalensis,,"坐标(113.5985081, 22.10876147)不在澳门陆地区域内，疑似位于海上"
275896209,2025-04-27T00:00:00,2025-04-27T20:40:00,False,113.561761,22.1066417,Actinopterygii,Animalia,Chordata,Actinopterygii,Cypriniformes,Nemacheilidae,Oreonectes,Oreonectes platycephalus,,"坐标(113.561761, 22.1066417)不在澳门陆地区域内，疑似位于海上"
275914326,2025-04-28T00:00:00,2025-04-28T00:35:00,False,113.5546574,22.10230417,Insecta,Animalia,Arthropoda,Insecta,Coleoptera,Carabidae,Chlaenius,Chlaenius costiger,,"坐标(113.5546574, 22.10230417)不在澳门陆地区域内，疑似位于海上"
275942108,2025-04-28T00:00:00,2025-04-28T14:43:00,False,113.5413793,22.16872726,Insecta,Animalia,Arthropoda,Insecta,Lepidoptera,Hesperiidae,Hasora,Hasora chromus,,"坐标(113.5413793, 22.16872726)不在澳门陆地区域内，疑似位于海上"
275942231,2025-04-28T00:00:00,2025-04-28T16:01:00,False,113.5349574,22.17866112,Insecta,Animalia,Arthropoda,Insecta,Hemiptera,Cicadidae,Gaeana,Gaeana maculata,,"坐标(113.5349574, 22.17866112)不在澳门陆地区域内，疑似位于海上"
275944109,2025-04-28T00:00:00,2025-04-28T17:39:00,False,113.5640738,22.19109371,Aves,Animalia,Chordata,Aves,Charadriiformes,Scolopacidae,Numenius,Numenius phaeopus,,"坐标(113.5640738, 22.19109371)不在澳门陆地区域内，疑似位于海上"
275955780,2025-04-28T00:00:00,2025-04-28T22:46:00,False,113.5988103,22.19146301,Insecta,Animalia,Arthropoda,Insecta,Blattodea,Blattidae,Periplaneta,Periplaneta americana,,"坐标(113.5988103, 22.19146301)不在澳门陆地区域内，疑似位于海上"
275955812,2025-04-28T00:00:00,2025-04-28T22:52:00,False,113.5685088,22.18158344,Insecta,Animalia,Arthropoda,Insecta,Lepidoptera,Erebidae,Plusiodonta,Plusiodonta coelonota,,"坐标(113.5685088, 22.18158344)不在澳门陆地区域内，疑似位于海上"
275960533,2025-04-28T00:00:00,2025-04-28T23:16:00,False,113.5945176,22.18528209,Insecta,Animalia,Arthropoda,Insecta,Lepidoptera,Erebidae,Eugnathia,Eugnathia lunifera,,"坐标(113.5945176, 22.18528209)不在澳门陆地区域内，疑似位于海上"
276428242,2025-04-25T00:00:00,2025-04-25T21:16:00,False,113.5508854,22.11795494,Plantae,Plantae,Tracheophyta,Magnoliopsida,Malpighiales,Rhizophoraceae,Kandelia,Kandelia obovata,,"坐标(113.5508854, 22.11795494)不在澳门陆地区域内，疑似位于海上"
276428282,2025-04-25T00:00:00,2025-04-25T21:22:00,False,113.5508854,22.11795494,Plantae,Plantae,Tracheophyta,Magnoliopsida,Ericales,Primulaceae,Aegiceras,Aegiceras corniculatum,,"坐标(113.5508854, 22.11795494)不在澳门陆地区域内，疑似位于海上"
276456721,2025-04-26T00:00:00,2025-04-26T18:19:07,False,113.5519168,22.13578629,Plantae,Plantae,Tracheophyta,Magnoliopsida,Rosales,Moraceae,Ficus,Ficus microcarpa,,"坐标(113.5519168, 22.13578629)不在澳门陆地区域内，疑似位于海上"
276475226,2025-04-26T00:00:00,2025-04-26T14:21:00,False,113.551969,22.14228762,Aves,Animalia,Chordata,Aves,Passeriformes,Cisticolidae,Prinia,Prinia flaviventris,,"坐标(113.551969, 22.14228762)不在澳门陆地区域内，疑似位于海上"
276475229,2025-04-26T00:00:00,2025-04-26T14:23:00,False,113.551969,22.14228762,Plantae,Plantae,Tracheophyta,Magnoliopsida,Asterales,Asteraceae,Wollastonia,Wollastonia biflora,,"坐标(113.551969, 22.14228762)不在澳门陆地区域内，疑似位于海上"
276475230,2025-04-26T00:00:00,2025-04-26T14:27:00,False,113.551969,22.14228762,Aves,Animalia,Chordata,Aves,Passeriformes,Zosteropidae,Zosterops,Zosterops simplex,,"坐标(113.551969, 22.14228762)不在澳门陆地区域内，疑似位于海上"
276475231,2025-04-26T00:00:00,2025-04-26T14:28:00,False,113.551969,22.14228762,Plantae,Plantae,Tracheophyta,Magnoliopsida,Lamiales,Acanthaceae,Acanthus,Acanthus ilicifolius,,"坐标(113.551969, 22.14228762)不在澳门陆地区域内，疑似位于海上"
276475232,2025-04-26T00:00:00,2025-04-26T14:28:00,False,113.551969,22.14228762,Plantae,Plantae,Tracheophyta,Magnoliopsida,Asterales,Asteraceae,Bidens,Bidens alba,,"坐标(113.551969, 22.14228762)不在澳门陆地区域内，疑似位于海上"
276475234,2025-04-26T00:00:00,2025-04-26T14:32:00,False,113.551969,22.14228762,Aves,Animalia,Chordata,Aves,Pelecaniformes,Ardeidae,Nycticorax,Nycticorax nycticorax,,"坐标(113.551969, 22.14228762)不在澳门陆地区域内，疑似位于海上"
276475235,2025-04-26T00:00:00,2025-04-26T14:33:00,False,113.551969,22.14228762,Aves,Animalia,Chordata,Aves,Passeriformes,Muscicapidae,Copsychus,Copsychus saularis,,"坐标(113.551969, 22.14228762)不在澳门陆地区域内，疑似位于海上"
276475237,2025-04-26T00:00:00,2025-04-26T14:38:00,False,113.551969,22.14228762,Aves,Animalia,Chordata,Aves,Passeriformes,Motacillidae,Motacilla,Motacilla alba,,"坐标(113.551969, 22.14228762)不在澳门陆地区域内，疑似位于海上"
276475239,2025-04-26T00:00:00,2025-04-26T14:39:00,False,113.551969,22.14228762,Aves,Animalia,Chordata,Aves,Passeriformes,Sturnidae,Acridotheres,Acridotheres cristatellus,,"坐标(113.551969, 22.14228762)不在澳门陆地区域内，疑似位于海上"
276475245,2025-04-26T00:00:00,2025-04-26T14:46:00,False,113.5520119,22.13668029,Aves,Animalia,Chordata,Aves,Passeriformes,Corvidae,Corvus,Corvus macrorhynchos,,"坐标(113.5520119, 22.13668029)不在澳门陆地区域内，疑似位于海上"
276475246,2025-04-26T00:00:00,2025-04-26T14:51:00,False,113.5520119,22.13668029,Aves,Animalia,Chordata,Aves,Pelecaniformes,Ardeidae,Nycticorax,Nycticorax nycticorax,,"坐标(113.5520119, 22.13668029)不在澳门陆地区域内，疑似位于海上"
276475247,2025-04-26T00:00:00,2025-04-26T14:54:00,False,113.5520119,22.13668029,Aves,Animalia,Chordata,Aves,Pelecaniformes,Ardeidae,Ardeola,Ardeola bacchus,,"坐标(113.5520119, 22.13668029)不在澳门陆地区域内，疑似位于海上"
276475253,2025-04-26T00:00:00,2025-04-26T14:55:00,False,113.5520119,22.13668029,Aves,Animalia,Chordata,Aves,Pelecaniformes,Ardeidae,Nycticorax,Nycticorax nycticorax,,"坐标(113.5520119, 22.13668029)不在澳门陆地区域内，疑似位于海上"
276475255,2025-04-26T00:00:00,2025-04-26T14:54:00,False,113.5520119,22.13668029,Aves,Animalia,Chordata,Aves,Pelecaniformes,Ardeidae,Egretta,Egretta garzetta,,"坐标(113.5520119, 22.13668029)不在澳门陆地区域内，疑似位于海上"
276475257,2025-04-26T00:00:00,2025-04-26T14:58:00,False,113.5520119,22.13668029,Insecta,Animalia,Arthropoda,Insecta,Mantodea,Mantidae,Hierodula,Hierodula patellifera,,"坐标(113.5520119, 22.13668029)不在澳门陆地区域内，疑似位于海上"
276475261,2025-04-26T00:00:00,2025-04-26T15:00:00,False,113.5520119,22.13668029,Aves,Animalia,Chordata,Aves,Charadriiformes,Scolopacidae,Tringa,Tringa nebularia,,"坐标(113.5520119, 22.13668029)不在澳门陆地区域内，疑似位于海上"
276475262,2025-04-26T00:00:00,2025-04-26T15:02:00,False,113.5520119,22.13668029,Aves,Animalia,Chordata,Aves,Passeriformes,Motacillidae,Motacilla,Motacilla alba,,"坐标(113.5520119, 22.13668029)不在澳门陆地区域内，疑似位于海上"
276475263,2025-04-26T00:00:00,2025-04-26T15:03:00,False,113.5520119,22.13668029,Aves,Animalia,Chordata,Aves,Charadriiformes,Recurvirostridae,Recurvirostra,Recurvirostra avosetta,,"坐标(113.5520119, 22.13668029)不在澳门陆地区域内，疑似位于海上"
276475264,2025-04-26T00:00:00,2025-04-26T15:03:00,False,113.5520119,22.13668029,Aves,Animalia,Chordata,Aves,Charadriiformes,Recurvirostridae,Himantopus,Himantopus himantopus,,"坐标(113.5520119, 22.13668029)不在澳门陆地区域内，疑似位于海上"
276475266,2025-04-26T00:00:00,2025-04-26T15:03:00,False,113.5520119,22.13668029,Aves,Animalia,Chordata,Aves,Pelecaniformes,Ardeidae,Ardea,Ardea alba,,"坐标(113.5520119, 22.13668029)不在澳门陆地区域内，疑似位于海上"
276475267,2025-04-26T00:00:00,2025-04-26T15:04:00,False,113.5520119,22.13668029,Aves,Animalia,Chordata,Aves,Charadriiformes,Scolopacidae,Tringa,Tringa nebularia,,"坐标(113.5520119, 22.13668029)不在澳门陆地区域内，疑似位于海上"
276475269,2025-04-26T00:00:00,2025-04-26T15:05:00,False,113.5520119,22.13668029,Aves,Animalia,Chordata,Aves,Pelecaniformes,Ardeidae,Ardea,Ardea cinerea,,"坐标(113.5520119, 22.13668029)不在澳门陆地区域内，疑似位于海上"
276475272,2025-04-26T00:00:00,2025-04-26T15:08:00,False,113.5520119,22.13668029,Aves,Animalia,Chordata,Aves,Cuculiformes,Cuculidae,Centropus,Centropus sinensis,,"坐标(113.5520119, 22.13668029)不在澳门陆地区域内，疑似位于海上"
276475274,2025-04-26T00:00:00,2025-04-26T15:11:00,False,113.5520119,22.13668029,Aves,Animalia,Chordata,Aves,Accipitriformes,Accipitridae,Milvus,Milvus migrans,,"坐标(113.5520119, 22.13668029)不在澳门陆地区域内，疑似位于海上"
276475276,2025-04-26T00:00:00,2025-04-26T15:13:00,False,113.5520119,22.13668029,Aves,Animalia,Chordata,Aves,Pelecaniformes,Ardeidae,Ardea,Ardea alba,,"坐标(113.5520119, 22.13668029)不在澳门陆地区域内，疑似位于海上"
276475277,2025-04-26T00:00:00,2025-04-26T15:13:00,False,113.5520119,22.13668029,Aves,Animalia,Chordata,Aves,Charadriiformes,Scolopacidae,Tringa,Tringa erythropus,,"坐标(113.5520119, 22.13668029)不在澳门陆地区域内，疑似位于海上"
276475278,2025-04-26T00:00:00,2025-04-26T15:13:00,False,113.5520119,22.13668029,Aves,Animalia,Chordata,Aves,Charadriiformes,Scolopacidae,Tringa,Tringa erythropus,,"坐标(113.5520119, 22.13668029)不在澳门陆地区域内，疑似位于海上"
276475280,2025-04-26T00:00:00,2025-04-26T15:14:00,False,113.5520119,22.13668029,Aves,Animalia,Chordata,Aves,Coraciiformes,Alcedinidae,Alcedo,Alcedo atthis,,"坐标(113.5520119, 22.13668029)不在澳门陆地区域内，疑似位于海上"
276475281,2025-04-26T00:00:00,2025-04-26T15:15:00,False,113.5520119,22.13668029,Aves,Animalia,Chordata,Aves,Gruiformes,Rallidae,Gallinula,Gallinula chloropus,,"坐标(113.5520119, 22.13668029)不在澳门陆地区域内，疑似位于海上"
276475282,2025-04-26T00:00:00,2025-04-26T15:20:00,False,113.5520119,22.13668029,Aves,Animalia,Chordata,Aves,Charadriiformes,Charadriidae,Thinornis,Thinornis dubius,,"坐标(113.5520119, 22.13668029)不在澳门陆地区域内，疑似位于海上"
276475284,2025-04-26T00:00:00,2025-04-26T15:20:00,False,113.5520119,22.13668029,Aves,Animalia,Chordata,Aves,Charadriiformes,Scolopacidae,Actitis,Actitis hypoleucos,,"坐标(113.5520119, 22.13668029)不在澳门陆地区域内，疑似位于海上"
276475285,2025-04-26T00:00:00,2025-04-26T15:23:00,False,113.5520119,22.13668029,Aves,Animalia,Chordata,Aves,Pelecaniformes,Ardeidae,Ardea,Ardea coromanda,,"坐标(113.5520119, 22.13668029)不在澳门陆地区域内，疑似位于海上"
276475286,2025-04-26T00:00:00,2025-04-26T15:25:00,False,113.5520119,22.13668029,Aves,Animalia,Chordata,Aves,Charadriiformes,Scolopacidae,Gallinago,Gallinago gallinago,,"坐标(113.5520119, 22.13668029)不在澳门陆地区域内，疑似位于海上"
276475288,2025-04-26T00:00:00,2025-04-26T15:28:00,False,113.5520119,22.13668029,Insecta,Animalia,Arthropoda,Insecta,Lepidoptera,Hesperiidae,Hasora,Hasora chromus,,"坐标(113.5520119, 22.13668029)不在澳门陆地区域内，疑似位于海上"
276475323,2025-04-26T00:00:00,2025-04-26T16:11:00,False,113.5989958,22.16421422,Aves,Animalia,Chordata,Aves,Pelecaniformes,Threskiornithidae,Platalea,Platalea minor,,"坐标(113.5989958, 22.16421422)不在澳门陆地区域内，疑似位于海上"
276488689,2025-04-26T00:00:00,2025-04-26T20:52:00,False,113.5470539,22.16074456,Arachnida,Animalia,Arthropoda,Arachnida,Araneae,Oxyopidae,Oxyopes,Oxyopes sertatus,,"坐标(113.5470539, 22.16074456)不在澳门陆地区域内，疑似位于海上"
276488692,2025-04-26T00:00:00,2025-04-26T20:53:00,False,113.5470539,22.16074456,Reptilia,Animalia,Chordata,Reptilia,Squamata,Agamidae,Calotes,Calotes wangi,,"坐标(113.5470539, 22.16074456)不在澳门陆地区域内，疑似位于海上"
276488695,2025-04-26T00:00:00,2025-04-26T20:57:00,False,113.5470539,22.16074456,Insecta,Animalia,Arthropoda,Insecta,Neuroptera,Myrmeleontidae,Ascalohybris,Ascalohybris subjacens,,"坐标(113.5470539, 22.16074456)不在澳门陆地区域内，疑似位于海上"
276488702,2025-04-26T00:00:00,2025-04-26T21:07:00,False,113.5470539,22.16074456,Arachnida,Animalia,Arthropoda,Arachnida,Araneae,Sparassidae,Heteropoda,Heteropoda venatoria,,"坐标(113.5470539, 22.16074456)不在澳门陆地区域内，疑似位于海上"
276488704,2025-04-26T00:00:00,2025-04-26T21:08:00,False,113.5470539,22.16074456,Insecta,Animalia,Arthropoda,Insecta,Lepidoptera,Erebidae,Hypospila,Hypospila bolinoides,,"坐标(113.5470539, 22.16074456)不在澳门陆地区域内，疑似位于海上"
276496883,2025-04-26T00:00:00,2025-04-26T23:19:23,False,113.5901456,22.15215189,Animalia,Animalia,Arthropoda,Malacostraca,Decapoda,Gecarcinucidae,Somanniathelphusa,Somanniathelphusa zanklon,,"坐标(113.5901456, 22.15215189)不在澳门陆地区域内，疑似位于海上"
276498312,2025-04-26T00:00:00,2025-04-26T21:27:00,False,113.5933901,22.19610652,Insecta,Animalia,Arthropoda,Insecta,Blattodea,Termitidae,Odontotermes,Odontotermes formosanus,,"坐标(113.5933901, 22.19610652)不在澳门陆地区域内，疑似位于海上"
276498378,2025-04-26T00:00:00,2025-04-26T22:22:00,False,113.5951257,22.17980234,Animalia,Animalia,Arthropoda,Malacostraca,Isopoda,Trachelipodidae,Nagurus,Nagurus cristatus,,"坐标(113.5951257, 22.17980234)不在澳门陆地区域内，疑似位于海上"
276498443,2025-04-26T00:00:00,2025-04-26T23:01:00,False,113.5554875,22.13663632,Insecta,Animalia,Arthropoda,Insecta,Orthoptera,Acrididae,Trilophidia,Trilophidia annulata,,"坐标(113.5554875, 22.13663632)不在澳门陆地区域内，疑似位于海上"
276498462,2025-04-26T00:00:00,2025-04-26T23:40:00,False,113.5662845,22.10007619,Amphibia,Animalia,Chordata,Amphibia,Anura,Rhacophoridae,Polypedates,Polypedates megacephalus,,"坐标(113.5662845, 22.10007619)不在澳门陆地区域内，疑似位于海上"
276552827,2025-04-27T00:00:00,2025-04-27T22:06:00,False,113.5630659,22.17988443,Insecta,Animalia,Arthropoda,Insecta,Lepidoptera,Sphingidae,Theretra,Theretra nessus,,"坐标(113.5630659, 22.17988443)不在澳门陆地区域内，疑似位于海上"
276552861,2025-04-27T00:00:00,2025-04-27T22:18:00,False,113.5959921,22.19815833,Insecta,Animalia,Arthropoda,Insecta,Lepidoptera,Noctuidae,Chrysodeixis,Chrysodeixis eriosoma,,"坐标(113.5959921, 22.19815833)不在澳门陆地区域内，疑似位于海上"
276552870,2025-04-27T00:00:00,2025-04-27T22:18:00,False,113.5881743,22.11700742,Insecta,Animalia,Arthropoda,Insecta,Lepidoptera,Erebidae,Hipoepa,Hipoepa biasalis,,"坐标(113.5881743, 22.11700742)不在澳门陆地区域内，疑似位于海上"
276553242,2025-04-27T00:00:00,2025-04-27T22:30:00,False,113.5539188,22.13703039,Insecta,Animalia,Arthropoda,Insecta,Coleoptera,Tenebrionidae,Derosphaerus,Derosphaerus sinensis,,"坐标(113.5539188, 22.13703039)不在澳门陆地区域内，疑似位于海上"
276553782,2025-04-27T00:00:00,2025-04-27T22:34:00,False,113.5494719,22.1477927,Insecta,Animalia,Arthropoda,Insecta,Lepidoptera,Erebidae,Orgyia,Orgyia postica,,"坐标(113.5494719, 22.1477927)不在澳门陆地区域内，疑似位于海上"
276554441,2025-04-27T00:00:00,2025-04-27T22:39:00,False,113.5630981,22.10730242,Insecta,Animalia,Arthropoda,Insecta,Lepidoptera,Erebidae,Dichromia,Dichromia sagitta,,"坐标(113.5630981, 22.10730242)不在澳门陆地区域内，疑似位于海上"
276555008,2025-04-27T00:00:00,2025-04-27T22:45:00,False,113.5794403,22.15557871,Mollusca,Animalia,Mollusca,Gastropoda,Stylommatophora,Achatinidae,Lissachatina,Lissachatina immaculata,,"坐标(113.5794403, 22.15557871)不在澳门陆地区域内，疑似位于海上"
276604674,2025-04-27T00:00:00,2025-04-27T22:47:00,False,113.5564313,22.11153326,Insecta,Animalia,Arthropoda,Insecta,Lepidoptera,Erebidae,Hypocala,Hypocala deflorata,,"坐标(113.5564313, 22.11153326)不在澳门陆地区域内，疑似位于海上"
276604681,2025-04-27T00:00:00,2025-04-27T22:47:00,False,113.595208,22.15969936,Insecta,Animalia,Arthropoda,Insecta,Lepidoptera,Noctuidae,Leucania,Leucania loreyi,,"坐标(113.595208, 22.15969936)不在澳门陆地区域内，疑似位于海上"
276606901,2025-04-26T00:00:00,2025-04-26T18:19:07,False,113.5515792,22.1362953,Aves,Animalia,Chordata,Aves,Pelecaniformes,Ardeidae,Ardea,Ardea alba,,"坐标(113.5515792, 22.1362953)不在澳门陆地区域内，疑似位于海上"
276874688,2025-04-25T00:00:00,2025-04-25T15:34:00,False,113.5508757,22.11800908,Aves,Animalia,Chordata,Aves,Passeriformes,Passeridae,Passer,Passer montanus,,"坐标(113.5508757, 22.11800908)不在澳门陆地区域内，疑似位于海上"
276874695,2025-04-25T00:00:00,2025-04-25T15:56:00,False,113.5509546,22.11809305,Aves,Animalia,Chordata,Aves,Passeriformes,Hirundinidae,Hirundo,Hirundo rustica,,"坐标(113.5509546, 22.11809305)不在澳门陆地区域内，疑似位于海上"
276874696,2025-04-25T00:00:00,2025-04-25T15:53:00,False,113.5509519,22.11799238,Aves,Animalia,Chordata,Aves,Gruiformes,Rallidae,Amaurornis,Amaurornis phoenicurus,,"坐标(113.5509519, 22.11799238)不在澳门陆地区域内，疑似位于海上"
276905230,2025-04-26T00:00:00,2025-04-26T20:44:00,False,113.5479054,22.1604152,Arachnida,Animalia,Arthropoda,Arachnida,Araneae,Sparassidae,Olios,Olios nanningensis,,"坐标(113.5479054, 22.1604152)不在澳门陆地区域内，疑似位于海上"
276912032,2025-04-28T00:00:00,2025-04-28T20:41:00,False,113.5954339,22.08508231,Plantae,Plantae,Tracheophyta,Liliopsida,Arecales,Arecaceae,Phoenix,Phoenix loureiroi,,"坐标(113.5954339, 22.08508231)不在澳门陆地区域内，疑似位于海上"
276912374,2025-04-27T00:00:00,2025-04-27T17:52:00,False,113.5508213,22.11344112,Mammalia,Animalia,Chordata,Mammalia,Rodentia,Muridae,Rattus,Rattus norvegicus,,"坐标(113.5508213, 22.11344112)不在澳门陆地区域内，疑似位于海上"
276999693,2025-04-27T00:00:00,2025-04-27T16:18:15,False,113.5383502,22.18016542,Insecta,Animalia,Arthropoda,Insecta,Diptera,Psychodidae,Clogmia,Clogmia albipunctata,,"坐标(113.5383502, 22.18016542)不在澳门陆地区域内，疑似位于海上"
277029567,2025-04-28T00:00:00,2025-04-28T22:00:00,False,113.5901489,22.14008339,Insecta,Animalia,Arthropoda,Insecta,Hemiptera,Reduviidae,Ectomocoris,Ectomocoris atrox,,"坐标(113.5901489, 22.14008339)不在澳门陆地区域内，疑似位于海上"
277029579,2025-04-28T00:00:00,2025-04-28T22:02:00,False,113.5500349,22.14841979,Insecta,Animalia,Arthropoda,Insecta,Hemiptera,Pentatomidae,Halyomorpha,Halyomorpha halys,,"坐标(113.5500349, 22.14841979)不在澳门陆地区域内，疑似位于海上"
277029609,2025-04-28T00:00:00,2025-04-28T22:09:00,False,113.5882845,22.18352599,Insecta,Animalia,Arthropoda,Insecta,Coleoptera,Carabidae,Orionella,Orionella lewisii,,"坐标(113.5882845, 22.18352599)不在澳门陆地区域内，疑似位于海上"
277096518,2025-04-28T00:00:00,2025-04-28T11:23:00,False,113.5497356,22.11899106,Insecta,Animalia,Arthropoda,Insecta,Odonata,Aeshnidae,Anax,Anax aurantiacus,,"坐标(113.5497356, 22.11899106)不在澳门陆地区域内，疑似位于海上"
277096522,2025-04-28T00:00:00,2025-04-28T11:27:00,False,113.5497356,22.11899106,Aves,Animalia,Chordata,Aves,Passeriformes,Muscicapidae,Myophonus,Myophonus caeruleus,,"坐标(113.5497356, 22.11899106)不在澳门陆地区域内，疑似位于海上"
277258598,2025-04-28T00:00:00,2025-04-28T22:54:00,False,113.5517537,22.15383863,Insecta,Animalia,Arthropoda,Insecta,Lepidoptera,Erebidae,Blasticorhinus,Blasticorhinus rivulosa,,"坐标(113.5517537, 22.15383863)不在澳门陆地区域内，疑似位于海上"
277317736,2025-04-25T00:00:00,2025-04-25T22:25:00,False,113.5700957,22.1890808,Insecta,Animalia,Arthropoda,Insecta,Hemiptera,Pentatomidae,Diplorhinus,Diplorhinus furcatus,,"坐标(113.5700957, 22.1890808)不在澳门陆地区域内，疑似位于海上"
277337099,2025-04-25T00:00:00,2025-04-25T23:40:00,False,113.57102,22.10122293,Insecta,Animalia,Arthropoda,Insecta,Lepidoptera,Geometridae,Perixera,Perixera griseata,Perixera griseata belgaumensis,"坐标(113.57102, 22.10122293)不在澳门陆地区域内，疑似位于海上"
277337104,2025-04-25T00:00:00,2025-04-25T23:41:00,False,113.5542629,22.10303278,Insecta,Animalia,Arthropoda,Insecta,Lepidoptera,Erebidae,Dichromia,Dichromia sagitta,,"坐标(113.5542629, 22.10303278)不在澳门陆地区域内，疑似位于海上"
277337118,2025-04-25T00:00:00,2025-04-25T23:43:00,False,113.591918,22.16575813,Insecta,Animalia,Arthropoda,Insecta,Hymenoptera,Formicidae,Anoplolepis,Anoplolepis gracilipes,,"坐标(113.591918, 22.16575813)不在澳门陆地区域内，疑似位于海上"
277337123,2025-04-25T00:00:00,2025-04-25T23:45:00,False,113.5884733,22.13929049,Insecta,Animalia,Arthropoda,Insecta,Lepidoptera,Erebidae,Orgyia,Orgyia postica,,"坐标(113.5884733, 22.13929049)不在澳门陆地区域内，疑似位于海上"
277337191,2025-04-26T00:00:00,2025-04-26T00:25:00,False,113.5766651,22.17903859,Insecta,Animalia,Arthropoda,Insecta,Lepidoptera,Geometridae,Plutodes,Plutodes costatus,,"坐标(113.5766651, 22.17903859)不在澳门陆地区域内，疑似位于海上"
277556555,2025-04-26T00:00:00,2025-04-26T22:32:24,False,113.5784564,22.19166761,Plantae,Plantae,Tracheophyta,Magnoliopsida,Fabales,Fabaceae,Phanera,Phanera championii,,"坐标(113.5784564, 22.19166761)不在澳门陆地区域内，疑似位于海上"
277756719,2025-04-26T00:00:00,2025-04-26T15:54:00,False,113.5734298,22.18407048,Aves,Animalia,Chordata,Aves,Pelecaniformes,Threskiornithidae,Platalea,Platalea minor,,"坐标(113.5734298, 22.18407048)不在澳门陆地区域内，疑似位于海上"
