id,observed_on,time_observed_at,captive_cultivated,longitude,latitude,iconic_taxon_name,taxon_kingdom_name,taxon_phylum_name,taxon_class_name,taxon_order_name,taxon_family_name,taxon_genus_name,taxon_species_name,taxon_subspecies_name,问题说明
352404910,2026-04-24T00:00:00,2026-04-24T07:29:40,False,22.1627599192,113.5435606912,Aves,Animalia,Chordata,Aves,Cuculiformes,Cuculidae,Eudynamys,Eudynamys scolopaceus,,"坐标(113.5435606912, 22.1627599192)不在澳门陆地区域内，疑似位于海上"
352483984,2026-04-24T00:00:00,2026-04-24T07:30:02,False,22.1627428415,113.5426722094,Aves,Animalia,Chordata,Aves,Cuculiformes,Cuculidae,Cacomantis,Cacomantis merulinus,,"坐标(113.5426722094, 22.1627428415)不在澳门陆地区域内，疑似位于海上"
352484051,2026-04-24T00:00:00,2026-04-24T07:32:00,False,22.1627599192,113.5435606912,Aves,Animalia,Chordata,Aves,Passeriformes,Sturnidae,Gracupica,Gracupica nigricollis,,"坐标(113.5435606912, 22.1627599192)不在澳门陆地区域内，疑似位于海上"
352565194,2026-04-24T00:00:00,2026-04-24T16:08:57,False,22.1864493751,113.5567005867,Aves,Animalia,Chordata,Aves,Pelecaniformes,Ardeidae,Egretta,Egretta garzetta,,"坐标(113.5567005867, 22.1864493751)不在澳门陆地区域内，疑似位于海上"
352586020,2026-04-24T00:00:00,2026-04-24T12:53:38,False,22.1630861111,113.5436055556,Insecta,Animalia,Arthropoda,Insecta,Hymenoptera,Apidae,Apis,Apis cerana,,"坐标(113.5436055556, 22.1630861111)不在澳门陆地区域内，疑似位于海上"
352586097,2026-04-24T00:00:00,2026-04-24T12:53:17,False,22.1630861111,113.5436055556,Insecta,Animalia,Arthropoda,Insecta,Hymenoptera,Apidae,Apis,Apis cerana,,"坐标(113.5436055556, 22.1630861111)不在澳门陆地区域内，疑似位于海上"
352590506,2026-04-24T00:00:00,2026-04-24T15:48:42,False,22.1861233098,113.5568891448,Animalia,Animalia,Arthropoda,Diplopoda,Polydesmida,Paradoxosomatidae,Helicorthomorpha,Helicorthomorpha holstii,,"坐标(113.5568891448, 22.1861233098)不在澳门陆地区域内，疑似位于海上"
352628497,2026-04-24T00:00:00,2026-04-24T18:02:27,False,22.1862106106,113.5571227137,Plantae,Plantae,Tracheophyta,Magnoliopsida,Oxalidales,Oxalidaceae,Oxalis,Oxalis debilis,,"坐标(113.5571227137, 22.1862106106)不在澳门陆地区域内，疑似位于海上"
352628624,2026-04-24T00:00:00,2026-04-24T18:02:03,False,22.1862332077,113.557122391,Aves,Animalia,Chordata,Aves,Passeriformes,Passeridae,Passer,Passer montanus,,"坐标(113.557122391, 22.1862332077)不在澳门陆地区域内，疑似位于海上"
352782900,2026-04-24T00:00:00,2026-04-24T15:52:00,False,22.1598528742,113.5463733334,Aves,Animalia,Chordata,Aves,Passeriformes,Sturnidae,Gracupica,Gracupica nigricollis,,"坐标(113.5463733334, 22.1598528742)不在澳门陆地区域内，疑似位于海上"
352784413,2026-04-24T00:00:00,2026-04-24T15:20:00,False,22.1598854223,113.54629104,Aves,Animalia,Chordata,Aves,Passeriformes,Pycnonotidae,Pycnonotus,Pycnonotus sinensis,,"坐标(113.54629104, 22.1598854223)不在澳门陆地区域内，疑似位于海上"
352786785,2026-04-24T00:00:00,2026-04-24T10:58:00,False,22.1598047847,113.5464651438,Aves,Animalia,Chordata,Aves,Passeriformes,Passeridae,Passer,Passer montanus,,"坐标(113.5464651438, 22.1598047847)不在澳门陆地区域内，疑似位于海上"
352978136,2026-04-25T00:00:00,2026-04-25T02:09:00,False,22.1731813521,113.5948397947,Aves,Animalia,Chordata,Aves,Gruiformes,Rallidae,Amaurornis,Amaurornis phoenicurus,,"坐标(113.5948397947, 22.1731813521)不在澳门陆地区域内，疑似位于海上"
353119935,2026-04-25T00:00:00,2026-04-25T07:11:16,False,22.1543894286,113.55193107,Aves,Animalia,Chordata,Aves,Passeriformes,Sturnidae,Acridotheres,Acridotheres cristatellus,,"坐标(113.55193107, 22.1543894286)不在澳门陆地区域内，疑似位于海上"
353129337,2026-04-25T00:00:00,2026-04-25T07:38:06,False,22.1840735021,113.5303561763,Plantae,Plantae,Tracheophyta,Magnoliopsida,Oxalidales,Oxalidaceae,Oxalis,Oxalis corniculata,,"坐标(113.5303561763, 22.1840735021)不在澳门陆地区域内，疑似位于海上"
353133795,2026-04-25T00:00:00,2026-04-25T07:46:22,False,22.1821251548,113.5306719412,Plantae,Plantae,Bryophyta,Bryopsida,Pottiales,Pottiaceae,Hyophila,Hyophila involuta,,"坐标(113.5306719412, 22.1821251548)不在澳门陆地区域内，疑似位于海上"
353182046,2026-04-25T00:00:00,2026-04-25T08:06:07,False,22.1851730359,113.5350299782,Aves,Animalia,Chordata,Aves,Pelecaniformes,Ardeidae,Nycticorax,Nycticorax nycticorax,,"坐标(113.5350299782, 22.1851730359)不在澳门陆地区域内，疑似位于海上"
353182557,2026-04-25T00:00:00,2026-04-25T07:59:43,False,22.1820724329,113.533336606,Aves,Animalia,Chordata,Aves,Passeriformes,Passeridae,Passer,Passer montanus,,"坐标(113.533336606, 22.1820724329)不在澳门陆地区域内，疑似位于海上"
353182918,2026-04-25T00:00:00,2026-04-25T07:48:01,False,22.1850231111,113.5349983749,Aves,Animalia,Chordata,Aves,Passeriformes,Sturnidae,Acridotheres,Acridotheres cristatellus,,"坐标(113.5349983749, 22.1850231111)不在澳门陆地区域内，疑似位于海上"
353183436,2026-04-25T00:00:00,2026-04-25T07:36:27,False,22.1833550889,113.5304509856,Aves,Animalia,Chordata,Aves,Passeriformes,Passeridae,Passer,Passer montanus,,"坐标(113.5304509856, 22.1833550889)不在澳门陆地区域内，疑似位于海上"
353230483,2026-04-25T00:00:00,2026-04-25T10:47:15,False,22.1580689612,113.5483381881,Mollusca,Animalia,Mollusca,Gastropoda,Stylommatophora,Ariophantidae,Megaustenia,Megaustenia imperator,,"坐标(113.5483381881, 22.1580689612)不在澳门陆地区域内，疑似位于海上"
353261025,2026-04-25T00:00:00,2026-04-25T11:45:48,False,22.117984,113.550996,Amphibia,Animalia,Chordata,Amphibia,Anura,Bufonidae,Duttaphrynus,Duttaphrynus melanostictus,,"坐标(113.550996, 22.117984)不在澳门陆地区域内，疑似位于海上"
353263505,2026-04-25T00:00:00,2026-04-25T11:51:54,False,22.117663,113.552002,Plantae,Plantae,Tracheophyta,Polypodiopsida,Polypodiales,Pteridaceae,Adiantum,Adiantum flabellulatum,,"坐标(113.552002, 22.117663)不在澳门陆地区域内，疑似位于海上"
353271022,2026-04-25T00:00:00,2026-04-25T11:01:25,False,22.1135916667,113.55635,Insecta,Animalia,Arthropoda,Insecta,Lepidoptera,Erebidae,Syntomoides,Syntomoides imaon,,"坐标(113.55635, 22.1135916667)不在澳门陆地区域内，疑似位于海上"
353282278,2026-04-25T00:00:00,2026-04-25T12:36:00,False,22.2066692691,113.5940420974,Plantae,Plantae,Tracheophyta,Gnetopsida,Gnetales,Gnetaceae,Gnetum,Gnetum luofuense,,"坐标(113.5940420974, 22.2066692691)不在澳门陆地区域内，疑似位于海上"
353294734,2026-04-25T00:00:00,,False,22.1774786183,113.5505408049,Mollusca,Animalia,Mollusca,Cephalopoda,Sepiida,Sepiidae,Acanthosepion,Acanthosepion pharaonis,,"坐标(113.5505408049, 22.1774786183)不在澳门陆地区域内，疑似位于海上"
353321840,2026-04-25T00:00:00,2026-04-25T14:26:09,False,22.1547788,113.5523264,Mollusca,Animalia,Mollusca,Gastropoda,Stylommatophora,Achatinidae,Lissachatina,Lissachatina fulica,,"坐标(113.5523264, 22.1547788)不在澳门陆地区域内，疑似位于海上"
353334876,2026-04-25T00:00:00,2026-04-25T15:04:52,False,22.1413165415,113.5526952582,Plantae,Plantae,Tracheophyta,Liliopsida,Poales,Poaceae,Bambusa,Bambusa vulgaris,Bambusa vulgaris vittata,"坐标(113.5526952582, 22.1413165415)不在澳门陆地区域内，疑似位于海上"
353334969,2026-04-25T00:00:00,2026-04-25T14:48:14,False,22.113253,113.573916,Insecta,Animalia,Arthropoda,Insecta,Hemiptera,Cicadidae,Cryptotympana,Cryptotympana atrata,,"坐标(113.573916, 22.113253)不在澳门陆地区域内，疑似位于海上"
353339291,2026-04-25T00:00:00,2026-04-25T15:15:58,False,22.1317255766,113.5908058194,Reptilia,Animalia,Chordata,Reptilia,Testudines,Geoemydidae,Mauremys,Mauremys reevesii,,"坐标(113.5908058194, 22.1317255766)不在澳门陆地区域内，疑似位于海上"
353361550,2026-04-25T00:00:00,2026-04-25T16:12:21,False,22.13624331,113.5520475,Plantae,Plantae,Tracheophyta,Magnoliopsida,Asterales,Asteraceae,Tridax,Tridax procumbens,,"坐标(113.5520475, 22.13624331)不在澳门陆地区域内，疑似位于海上"
353361879,2026-04-25T00:00:00,2026-04-25T16:14:08,False,22.13625154,113.55204468,Plantae,Plantae,Tracheophyta,Magnoliopsida,Malpighiales,Euphorbiaceae,Euphorbia,Euphorbia hirta,,"坐标(113.55204468, 22.13625154)不在澳门陆地区域内，疑似位于海上"
353362588,2026-04-25T00:00:00,2026-04-25T16:15:16,False,22.1371681,113.5521061,Plantae,Plantae,Tracheophyta,Magnoliopsida,Asterales,Asteraceae,Cyanthillium,Cyanthillium cinereum,,"坐标(113.5521061, 22.1371681)不在澳门陆地区域内，疑似位于海上"
353363551,2026-04-25T00:00:00,2026-04-25T16:17:34,False,22.1371681,113.5521061,Plantae,Plantae,Tracheophyta,Magnoliopsida,Fabales,Fabaceae,Mimosa,Mimosa pudica,,"坐标(113.5521061, 22.1371681)不在澳门陆地区域内，疑似位于海上"
353363953,2026-04-25T00:00:00,2026-04-25T16:19:34,False,22.13623951,113.55203004,Plantae,Plantae,Tracheophyta,Magnoliopsida,Oxalidales,Oxalidaceae,Oxalis,Oxalis corniculata,,"坐标(113.55203004, 22.13623951)不在澳门陆地区域内，疑似位于海上"
353365238,2026-04-25T00:00:00,2026-04-25T16:23:02,False,22.1371681,113.5521061,Insecta,Animalia,Arthropoda,Insecta,Diptera,Culicidae,Armigeres,Armigeres subalbatus,,"坐标(113.5521061, 22.1371681)不在澳门陆地区域内，疑似位于海上"
353366052,2026-04-25T00:00:00,2026-04-25T16:24:13,False,22.13623509,113.5520385,Insecta,Animalia,Arthropoda,Insecta,Lepidoptera,Lycaenidae,Pseudozizeeria,Pseudozizeeria maha,,"坐标(113.5520385, 22.13623509)不在澳门陆地区域内，疑似位于海上"
353366713,2026-04-25T00:00:00,2026-04-25T16:26:41,False,22.196278,113.569638,Plantae,Plantae,Tracheophyta,Polypodiopsida,Polypodiales,Pteridaceae,Adiantum,Adiantum flabellulatum,,"坐标(113.569638, 22.196278)不在澳门陆地区域内，疑似位于海上"
353367029,2026-04-25T00:00:00,2026-04-25T16:26:24,False,22.13624258,113.55203026,Insecta,Animalia,Arthropoda,Insecta,Hemiptera,Rhopalidae,Leptocoris,Leptocoris vicinus,,"坐标(113.55203026, 22.13624258)不在澳门陆地区域内，疑似位于海上"
353368873,2026-04-25T00:00:00,2026-04-25T15:15:58,False,22.1864133333,113.556795,Aves,Animalia,Chordata,Aves,Passeriformes,Pycnonotidae,Pycnonotus,Pycnonotus sinensis,,"坐标(113.556795, 22.1864133333)不在澳门陆地区域内，疑似位于海上"
353371297,2026-04-25T00:00:00,2026-04-25T16:37:36,False,22.13630129,113.55202858,Plantae,Plantae,Tracheophyta,Liliopsida,Poales,Poaceae,Cenchrus,Cenchrus echinatus,,"坐标(113.55202858, 22.13630129)不在澳门陆地区域内，疑似位于海上"
353375751,2026-04-25T00:00:00,2026-04-25T16:47:06,False,22.136896,113.55193772,Plantae,Plantae,Tracheophyta,Magnoliopsida,Asterales,Asteraceae,Sphagneticola,Sphagneticola trilobata,,"坐标(113.55193772, 22.136896)不在澳门陆地区域内，疑似位于海上"
353376819,2026-04-25T00:00:00,2026-04-25T16:48:18,False,22.1369192,113.55201254,Plantae,Plantae,Tracheophyta,Magnoliopsida,Malpighiales,Euphorbiaceae,Macaranga,Macaranga tanarius,,"坐标(113.55201254, 22.1369192)不在澳门陆地区域内，疑似位于海上"
353378118,2026-04-25T00:00:00,2026-04-25T16:50:19,False,22.13711658,113.55203951,Plantae,Plantae,Tracheophyta,Liliopsida,Poales,Poaceae,Sporobolus,Sporobolus indicus,,"坐标(113.55203951, 22.13711658)不在澳门陆地区域内，疑似位于海上"
353380730,2026-04-25T00:00:00,2026-04-25T16:58:14,False,22.2135434832,113.5886700579,Plantae,Plantae,Tracheophyta,Magnoliopsida,Ericales,Theaceae,Camellia,Camellia hongkongensis,,"坐标(113.5886700579, 22.2135434832)不在澳门陆地区域内，疑似位于海上"
353384524,2026-04-25T00:00:00,2026-04-25T17:05:25,False,22.13730976,113.55220356,Plantae,Plantae,Tracheophyta,Liliopsida,Poales,Poaceae,Cenchrus,Cenchrus setosus,,"坐标(113.55220356, 22.13730976)不在澳门陆地区域内，疑似位于海上"
353393178,2026-04-25T00:00:00,2026-04-25T14:21:00,False,22.1104784997,113.5563985997,Insecta,Animalia,Arthropoda,Insecta,Coleoptera,Chrysomelidae,Platycorynus,Platycorynus undatus,,"坐标(113.5563985997, 22.1104784997)不在澳门陆地区域内，疑似位于海上"
353398022,2026-04-25T00:00:00,2026-04-25T17:13:24,False,22.13776412,113.55201358,Plantae,Plantae,Tracheophyta,Magnoliopsida,Rosales,Moraceae,Ficus,Ficus microcarpa,,"坐标(113.55201358, 22.13776412)不在澳门陆地区域内，疑似位于海上"
353398243,2026-04-25T00:00:00,2026-04-25T17:21:30,False,22.13870332,113.55199429,Plantae,Plantae,Tracheophyta,Magnoliopsida,Lamiales,Verbenaceae,Lantana,Lantana camara,,"坐标(113.55199429, 22.13870332)不在澳门陆地区域内，疑似位于海上"
353398406,2026-04-25T00:00:00,2026-04-25T17:23:44,False,22.1404762,113.5533196,Insecta,Animalia,Arthropoda,Insecta,Hymenoptera,Formicidae,Paratrechina,Paratrechina longicornis,,"坐标(113.5533196, 22.1404762)不在澳门陆地区域内，疑似位于海上"
353398715,2026-04-25T00:00:00,2026-04-25T17:32:08,False,22.13868802,113.55200534,Plantae,Plantae,Tracheophyta,Magnoliopsida,Cucurbitales,Cucurbitaceae,Coccinia,Coccinia grandis,,"坐标(113.55200534, 22.13868802)不在澳门陆地区域内，疑似位于海上"
353399893,2026-04-24T00:00:00,2026-04-24T18:45:05,False,22.1870939102,113.5569288878,Aves,Animalia,Chordata,Aves,Accipitriformes,Accipitridae,Milvus,Milvus migrans,,"坐标(113.5569288878, 22.1870939102)不在澳门陆地区域内，疑似位于海上"
353402294,2026-04-24T00:00:00,2026-04-24T18:52:05,False,22.1872760041,113.5570481807,Insecta,Animalia,Arthropoda,Insecta,Lepidoptera,Pieridae,Delias,Delias pasithoe,Delias pasithoe porsenna,"坐标(113.5570481807, 22.1872760041)不在澳门陆地区域内，疑似位于海上"
353403188,2026-04-25T00:00:00,2026-04-25T17:45:29,False,22.13896484,113.55212551,Plantae,Plantae,Tracheophyta,Magnoliopsida,Fabales,Fabaceae,Leucaena,Leucaena leucocephala,,"坐标(113.55212551, 22.13896484)不在澳门陆地区域内，疑似位于海上"
353404312,2026-04-25T00:00:00,2026-04-25T17:48:22,False,22.1404762,113.5533196,Plantae,Plantae,Tracheophyta,Liliopsida,Poales,Poaceae,Imperata,Imperata cylindrica,,"坐标(113.5533196, 22.1404762)不在澳门陆地区域内，疑似位于海上"
353405382,2026-04-25T00:00:00,2026-04-25T17:51:16,False,22.13936391,113.55201608,Plantae,Plantae,Tracheophyta,Liliopsida,Poales,Poaceae,Cymbopogon,Cymbopogon citratus,,"坐标(113.55201608, 22.13936391)不在澳门陆地区域内，疑似位于海上"
353406560,2026-04-25T00:00:00,2026-04-25T17:53:02,False,22.1395698,113.55198483,Animalia,Animalia,Arthropoda,Diplopoda,Spirobolida,Pachybolidae,Trigoniulus,Trigoniulus corallinus,,"坐标(113.55198483, 22.1395698)不在澳门陆地区域内，疑似位于海上"
353409218,2026-04-25T00:00:00,2026-04-25T17:57:35,False,22.13994442,113.55202669,Plantae,Plantae,Tracheophyta,Magnoliopsida,Asterales,Asteraceae,Eclipta,Eclipta prostrata,,"坐标(113.55202669, 22.13994442)不在澳门陆地区域内，疑似位于海上"
353409771,2026-04-25T00:00:00,2026-04-25T18:00:52,False,22.13994294,113.55191359,Plantae,Plantae,Tracheophyta,Magnoliopsida,Asterales,Asteraceae,Erigeron,Erigeron bonariensis,,"坐标(113.55191359, 22.13994294)不在澳门陆地区域内，疑似位于海上"
353410627,2026-04-25T00:00:00,2026-04-25T18:02:40,False,22.1400213,113.55199876,Plantae,Plantae,Tracheophyta,Liliopsida,Dioscoreales,Dioscoreaceae,Dioscorea,Dioscorea bulbifera,,"坐标(113.55199876, 22.1400213)不在澳门陆地区域内，疑似位于海上"
353412308,2026-04-25T00:00:00,2026-04-25T18:04:35,False,22.14003896,113.55200269,Arachnida,Animalia,Arthropoda,Arachnida,Araneae,Salticidae,Menemerus,Menemerus fulvus,,"坐标(113.55200269, 22.14003896)不在澳门陆地区域内，疑似位于海上"
353413918,2026-04-25T00:00:00,2026-04-25T18:08:02,False,22.14007347,113.55201076,Insecta,Animalia,Arthropoda,Insecta,Hymenoptera,Formicidae,Ochetellus,Ochetellus glaber,,"坐标(113.55201076, 22.14007347)不在澳门陆地区域内，疑似位于海上"
353414006,2026-04-25T00:00:00,2026-04-25T18:09:35,False,22.14010079,113.5520104,Insecta,Animalia,Arthropoda,Insecta,Hemiptera,Ricaniidae,Ricania,Ricania guttata,,"坐标(113.5520104, 22.14010079)不在澳门陆地区域内，疑似位于海上"
353414326,2026-04-25T00:00:00,2026-04-25T18:11:58,False,22.14012233,113.55200568,Fungi,Fungi,Ascomycota,Lecanoromycetes,Caliciales,Caliciaceae,Dirinaria,Dirinaria applanata,,"坐标(113.55200568, 22.14012233)不在澳门陆地区域内，疑似位于海上"
353421801,2026-04-25T00:00:00,2026-04-25T18:25:48,False,22.14127539,113.55212523,Insecta,Animalia,Arthropoda,Insecta,Hymenoptera,Vespidae,Vespa,Vespa affinis,,"坐标(113.55212523, 22.14127539)不在澳门陆地区域内，疑似位于海上"
353422875,2026-04-25T00:00:00,2026-04-25T18:30:26,False,22.1411541,113.5525948,Insecta,Animalia,Arthropoda,Insecta,Lepidoptera,Nymphalidae,Athyma,Athyma nefte,,"坐标(113.5525948, 22.1411541)不在澳门陆地区域内，疑似位于海上"
353428838,2026-04-25T00:00:00,2026-04-25T18:44:59,False,22.13783354,113.55203783,Plantae,Plantae,Tracheophyta,Magnoliopsida,Asterales,Asteraceae,Synedrella,Synedrella nodiflora,,"坐标(113.55203783, 22.13783354)不在澳门陆地区域内，疑似位于海上"
353439829,2026-04-25T00:00:00,2026-04-25T10:08:03,False,22.1771861111,113.5719194444,Aves,Animalia,Chordata,Aves,Passeriformes,Sturnidae,Acridotheres,Acridotheres cristatellus,,"坐标(113.5719194444, 22.1771861111)不在澳门陆地区域内，疑似位于海上"
353476133,2026-04-25T00:00:00,2026-04-25T15:12:00,False,22.1866416667,113.5566783333,Plantae,Plantae,Tracheophyta,Magnoliopsida,Oxalidales,Oxalidaceae,Oxalis,Oxalis debilis,,"坐标(113.5566783333, 22.1866416667)不在澳门陆地区域内，疑似位于海上"
353486264,2026-04-25T00:00:00,2026-04-25T15:24:49,False,22.1405089546,113.5531519353,Reptilia,Animalia,Chordata,Reptilia,Squamata,Elapidae,Naja,Naja atra,,"坐标(113.5531519353, 22.1405089546)不在澳门陆地区域内，疑似位于海上"
353486565,2026-04-25T00:00:00,2026-04-25T16:06:58,False,22.1841174257,113.5373354373,Plantae,Plantae,Tracheophyta,Magnoliopsida,Oxalidales,Oxalidaceae,Oxalis,Oxalis corniculata,,"坐标(113.5373354373, 22.1841174257)不在澳门陆地区域内，疑似位于海上"
353486738,2026-04-25T00:00:00,2026-04-25T16:24:00,False,22.1800864919,113.5346128938,Plantae,Plantae,Tracheophyta,Magnoliopsida,Oxalidales,Oxalidaceae,Oxalis,Oxalis corniculata,,"坐标(113.5346128938, 22.1800864919)不在澳门陆地区域内，疑似位于海上"
353487056,2026-04-25T00:00:00,2026-04-25T16:47:35,False,22.1820795231,113.5305893129,Plantae,Plantae,Tracheophyta,Magnoliopsida,Lamiales,Plantaginaceae,Russelia,Russelia equisetiformis,,"坐标(113.5305893129, 22.1820795231)不在澳门陆地区域内，疑似位于海上"
353499047,2026-04-25T00:00:00,2026-04-25T14:43:15,False,22.113253,113.573916,Plantae,Plantae,Tracheophyta,Magnoliopsida,Asterales,Asteraceae,Ageratum,Ageratum conyzoides,,"坐标(113.573916, 22.113253)不在澳门陆地区域内，疑似位于海上"
353500020,2026-04-24T00:00:00,2026-04-24T23:02:00,False,22.1854168926,113.5563478947,Animalia,Animalia,Arthropoda,Malacostraca,Decapoda,Sesarmidae,Parasesarma,Parasesarma pictum,,"坐标(113.5563478947, 22.1854168926)不在澳门陆地区域内，疑似位于海上"
353625562,2026-04-25T00:00:00,2026-04-25T17:11:11,False,22.1882640846,113.5712210056,Plantae,Plantae,Tracheophyta,Magnoliopsida,Ericales,Ebenaceae,Diospyros,Diospyros vaccinioides,,"坐标(113.5712210056, 22.1882640846)不在澳门陆地区域内，疑似位于海上"
353671864,2026-04-24T00:00:00,2026-04-24T15:13:00,False,22.186755,113.556455,Plantae,Plantae,Tracheophyta,Magnoliopsida,Oxalidales,Oxalidaceae,Oxalis,Oxalis debilis,,"坐标(113.556455, 22.186755)不在澳门陆地区域内，疑似位于海上"
353672083,2026-04-24T00:00:00,2026-04-24T15:13:00,False,22.1866966667,113.5562383333,Plantae,Plantae,Tracheophyta,Magnoliopsida,Oxalidales,Oxalidaceae,Oxalis,Oxalis corniculata,,"坐标(113.5562383333, 22.1866966667)不在澳门陆地区域内，疑似位于海上"
353702737,2026-04-24T00:00:00,2026-04-24T15:31:00,False,22.187495,113.5581166667,Plantae,Plantae,Tracheophyta,Magnoliopsida,Lamiales,Verbenaceae,Lantana,Lantana camara,,"坐标(113.5581166667, 22.187495)不在澳门陆地区域内，疑似位于海上"
353706711,2026-04-24T00:00:00,2026-04-24T15:38:00,False,22.1869466667,113.557805,Plantae,Plantae,Tracheophyta,Magnoliopsida,Caryophyllales,Portulacaceae,Portulaca,Portulaca oleracea,,"坐标(113.557805, 22.1869466667)不在澳门陆地区域内，疑似位于海上"
353752508,2026-04-25T00:00:00,2026-04-25T18:37:04,False,22.1136333333,113.5738027778,Plantae,Plantae,Tracheophyta,Magnoliopsida,Caryophyllales,Nepenthaceae,Nepenthes,Nepenthes mirabilis,,"坐标(113.5738027778, 22.1136333333)不在澳门陆地区域内，疑似位于海上"
353804078,2026-04-25T00:00:00,2026-04-25T17:41:00,False,22.1755808498,113.5999037659,Insecta,Animalia,Arthropoda,Insecta,Coleoptera,Cicindelidae,Cosmodela,Cosmodela aurulenta,,"坐标(113.5999037659, 22.1755808498)不在澳门陆地区域内，疑似位于海上"
353804131,2026-04-25T00:00:00,2026-04-25T18:03:00,False,22.1051706824,113.5884828621,Insecta,Animalia,Arthropoda,Insecta,Lepidoptera,Nymphalidae,Lexias,Lexias pardalis,,"坐标(113.5884828621, 22.1051706824)不在澳门陆地区域内，疑似位于海上"
353804309,2026-04-25T00:00:00,2026-04-25T21:39:00,False,22.1199478553,113.5858731704,Insecta,Animalia,Arthropoda,Insecta,Coleoptera,Carabidae,Nanodiodes,Nanodiodes piceus,,"坐标(113.5858731704, 22.1199478553)不在澳门陆地区域内，疑似位于海上"
353953700,2026-04-26T00:00:00,2026-04-26T07:08:26,False,22.1411531,113.5525925,Plantae,Plantae,Tracheophyta,Magnoliopsida,Rosales,Moraceae,Ficus,Ficus microcarpa,,"坐标(113.5525925, 22.1411531)不在澳门陆地区域内，疑似位于海上"
353956812,2026-04-26T00:00:00,2026-04-26T07:11:40,False,22.13960826,113.55202811,Arachnida,Animalia,Arthropoda,Arachnida,Araneae,Araneidae,Bijoaraneus,Bijoaraneus mitificus,,"坐标(113.55202811, 22.13960826)不在澳门陆地区域内，疑似位于海上"
353958469,2026-04-26T00:00:00,2026-04-26T07:14:31,False,22.13963154,113.55198156,Insecta,Animalia,Arthropoda,Insecta,Lepidoptera,Erebidae,Perina,Perina nuda,,"坐标(113.55198156, 22.13963154)不在澳门陆地区域内，疑似位于海上"
353964066,2026-04-26T00:00:00,2026-04-26T07:21:48,False,22.1387259722,113.5533199722,Plantae,Plantae,Tracheophyta,Magnoliopsida,Lamiales,Acanthaceae,Acanthus,Acanthus ilicifolius,,"坐标(113.5533199722, 22.1387259722)不在澳门陆地区域内，疑似位于海上"
353967131,2026-04-26T00:00:00,2026-04-26T07:30:13,False,22.13810088,113.55206579,Aves,Animalia,Chordata,Aves,Cuculiformes,Cuculidae,Centropus,Centropus sinensis,,"坐标(113.55206579, 22.13810088)不在澳门陆地区域内，疑似位于海上"
353967488,2026-04-26T00:00:00,2026-04-26T07:31:24,False,22.13794593,113.552102,Plantae,Plantae,Tracheophyta,Liliopsida,Poales,Poaceae,Eragrostis,Eragrostis tenella,,"坐标(113.552102, 22.13794593)不在澳门陆地区域内，疑似位于海上"
353970192,2026-04-26T00:00:00,2026-04-26T07:35:43,False,22.1374069722,113.5522349722,Aves,Animalia,Chordata,Aves,Pelecaniformes,Ardeidae,Nycticorax,Nycticorax nycticorax,,"坐标(113.5522349722, 22.1374069722)不在澳门陆地区域内，疑似位于海上"
353976803,2026-04-26T00:00:00,2026-04-26T07:43:28,False,22.135383,113.5521119722,Aves,Animalia,Chordata,Aves,Passeriformes,Paridae,Parus,Parus cinereus,,"坐标(113.5521119722, 22.135383)不在澳门陆地区域内，疑似位于海上"
353984525,2026-04-26T00:00:00,2026-04-26T08:01:37,False,22.13660644,113.55202994,Plantae,Plantae,Tracheophyta,Liliopsida,Poales,Poaceae,Cenchrus,Cenchrus echinatus,,"坐标(113.55202994, 22.13660644)不在澳门陆地区域内，疑似位于海上"
353984784,2026-04-26T00:00:00,2026-04-26T08:02:03,False,22.13660644,113.55202994,Plantae,Plantae,Tracheophyta,Liliopsida,Poales,Poaceae,Chloris,Chloris barbata,,"坐标(113.55202994, 22.13660644)不在澳门陆地区域内，疑似位于海上"
353990475,2026-04-25T00:00:00,2026-04-25T11:32:00,False,22.1630721256,113.5479742595,Plantae,Plantae,Tracheophyta,Magnoliopsida,Asterales,Asteraceae,Bidens,Bidens alba,,"坐标(113.5479742595, 22.1630721256)不在澳门陆地区域内，疑似位于海上"
353992981,2026-04-26T00:00:00,2026-04-26T08:17:00,False,22.1436529649,113.5518990085,Aves,Animalia,Chordata,Aves,Passeriformes,Hirundinidae,Hirundo,Hirundo rustica,,"坐标(113.5518990085, 22.1436529649)不在澳门陆地区域内，疑似位于海上"
354004068,2026-04-26T00:00:00,2026-04-26T07:53:58,False,22.1871401404,113.5569814703,Plantae,Plantae,Tracheophyta,Magnoliopsida,Oxalidales,Oxalidaceae,Oxalis,Oxalis debilis,,"坐标(113.5569814703, 22.1871401404)不在澳门陆地区域内，疑似位于海上"
354009562,2026-04-26T00:00:00,2026-04-26T08:37:54,False,22.1871406145,113.5575058028,Aves,Animalia,Chordata,Aves,Passeriformes,Pycnonotidae,Pycnonotus,Pycnonotus sinensis,,"坐标(113.5575058028, 22.1871406145)不在澳门陆地区域内，疑似位于海上"
354010803,2026-04-26T00:00:00,2026-04-26T08:22:02,False,22.1874472546,113.557856111,Aves,Animalia,Chordata,Aves,Passeriformes,Passeridae,Passer,Passer montanus,,"坐标(113.557856111, 22.1874472546)不在澳门陆地区域内，疑似位于海上"
354012890,2026-04-26T00:00:00,2026-04-26T08:18:42,False,22.1871359425,113.5577425637,Plantae,Plantae,Tracheophyta,Magnoliopsida,Asterales,Asteraceae,Bidens,Bidens alba,,"坐标(113.5577425637, 22.1871359425)不在澳门陆地区域内，疑似位于海上"
354015677,2026-04-26T00:00:00,2026-04-26T08:11:18,False,22.1873929883,113.5573807478,Plantae,Plantae,Tracheophyta,Magnoliopsida,Lamiales,Plantaginaceae,Mecardonia,Mecardonia procumbens,,"坐标(113.5573807478, 22.1873929883)不在澳门陆地区域内，疑似位于海上"
354017953,2026-04-26T00:00:00,2026-04-26T09:01:21,False,22.1863741038,113.5570965892,Plantae,Plantae,Tracheophyta,Magnoliopsida,Oxalidales,Oxalidaceae,Oxalis,Oxalis corniculata,,"坐标(113.5570965892, 22.1863741038)不在澳门陆地区域内，疑似位于海上"
354018145,2026-04-26T00:00:00,2026-04-26T08:51:15,False,22.18712043,113.5569158089,Aves,Animalia,Chordata,Aves,Passeriformes,Muscicapidae,Copsychus,Copsychus saularis,,"坐标(113.5569158089, 22.18712043)不在澳门陆地区域内，疑似位于海上"
354018931,2026-04-26T00:00:00,2026-04-26T08:18:05,False,22.1870904328,113.5574521968,Plantae,Plantae,Tracheophyta,Magnoliopsida,Gentianales,Rubiaceae,Paederia,Paederia foetida,,"坐标(113.5574521968, 22.1870904328)不在澳门陆地区域内，疑似位于海上"
354022339,2026-04-26T00:00:00,2026-04-26T08:05:40,False,22.1872519933,113.5572249713,Plantae,Plantae,Tracheophyta,Magnoliopsida,Lamiales,Plantaginaceae,Mecardonia,Mecardonia procumbens,,"坐标(113.5572249713, 22.1872519933)不在澳门陆地区域内，疑似位于海上"
354022502,2026-04-26T00:00:00,2026-04-26T08:07:26,False,22.1872919798,113.5577273649,Plantae,Plantae,Tracheophyta,Liliopsida,Poales,Poaceae,Cynodon,Cynodon dactylon,,"坐标(113.5577273649, 22.1872919798)不在澳门陆地区域内，疑似位于海上"
354023179,2026-04-26T00:00:00,2026-04-26T08:20:30,False,22.1871090892,113.5578260493,Plantae,Plantae,Tracheophyta,Magnoliopsida,Oxalidales,Oxalidaceae,Oxalis,Oxalis corniculata,,"坐标(113.5578260493, 22.1871090892)不在澳门陆地区域内，疑似位于海上"
354024015,2026-04-26T00:00:00,2026-04-26T08:27:47,False,22.1874574521,113.557566981,Plantae,Plantae,Tracheophyta,Magnoliopsida,Malpighiales,Euphorbiaceae,Euphorbia,Euphorbia hirta,,"坐标(113.557566981, 22.1874574521)不在澳门陆地区域内，疑似位于海上"
354025805,2026-04-26T00:00:00,2026-04-26T09:17:52,False,22.1516873051,113.5511608657,Plantae,Plantae,Tracheophyta,Magnoliopsida,Myrtales,Myrtaceae,Eugenia,Eugenia uniflora,,"坐标(113.5511608657, 22.1516873051)不在澳门陆地区域内，疑似位于海上"
354042730,2026-04-26T00:00:00,2026-04-26T09:44:52,False,22.1395947252,113.5520616445,Plantae,Plantae,Tracheophyta,Magnoliopsida,Lamiales,Verbenaceae,Lantana,Lantana camara,,"坐标(113.5520616445, 22.1395947252)不在澳门陆地区域内，疑似位于海上"
354043321,2026-04-26T00:00:00,2026-04-26T09:42:00,False,22.1395370772,113.5520399021,Plantae,Plantae,Tracheophyta,Liliopsida,Poales,Poaceae,Eragrostis,Eragrostis tenella,,"坐标(113.5520399021, 22.1395370772)不在澳门陆地区域内，疑似位于海上"
354054339,2026-04-25T00:00:00,2026-04-25T13:11:14,False,22.1863535669,113.5570579276,Aves,Animalia,Chordata,Aves,Passeriformes,Sturnidae,Acridotheres,Acridotheres cristatellus,,"坐标(113.5570579276, 22.1863535669)不在澳门陆地区域内，疑似位于海上"
354055443,2026-04-25T00:00:00,2026-04-25T13:08:11,False,22.1862038262,113.5568662378,Insecta,Animalia,Arthropoda,Insecta,Lepidoptera,Pieridae,Delias,Delias pasithoe,Delias pasithoe porsenna,"坐标(113.5568662378, 22.1862038262)不在澳门陆地区域内，疑似位于海上"
354055646,2026-04-26T00:00:00,2026-04-26T10:15:12,False,22.1588262142,113.5472827546,Plantae,Plantae,Tracheophyta,Magnoliopsida,Rosales,Urticaceae,Pilea,Pilea microphylla,,"坐标(113.5472827546, 22.1588262142)不在澳门陆地区域内，疑似位于海上"
354057206,2026-04-25T00:00:00,2026-04-25T13:07:07,False,22.1874495306,113.5573749193,Plantae,Plantae,Tracheophyta,Magnoliopsida,Gentianales,Rubiaceae,Spermacoce,Spermacoce remota,,"坐标(113.5573749193, 22.1874495306)不在澳门陆地区域内，疑似位于海上"
354057873,2026-04-25T00:00:00,2026-04-25T13:05:12,False,22.1874119384,113.5574311936,Aves,Animalia,Chordata,Aves,Passeriformes,Muscicapidae,Copsychus,Copsychus saularis,,"坐标(113.5574311936, 22.1874119384)不在澳门陆地区域内，疑似位于海上"
354059803,2026-04-26T00:00:00,2026-04-26T10:23:29,False,22.1582112608,113.5468464437,Plantae,Plantae,Tracheophyta,Magnoliopsida,Rosales,Urticaceae,Pilea,Pilea microphylla,,"坐标(113.5468464437, 22.1582112608)不在澳门陆地区域内，疑似位于海上"
354067097,2026-04-25T00:00:00,2026-04-25T18:23:45,False,22.1136333333,113.5738027778,Plantae,Plantae,Tracheophyta,Magnoliopsida,Lamiales,Lentibulariaceae,Utricularia,Utricularia bifida,,"坐标(113.5738027778, 22.1136333333)不在澳门陆地区域内，疑似位于海上"
354079901,2026-04-25T00:00:00,2026-04-25T13:07:07,False,22.1871755412,113.5572644418,Plantae,Plantae,Tracheophyta,Magnoliopsida,Gentianales,Rubiaceae,Spermacoce,Spermacoce remota,,"坐标(113.5572644418, 22.1871755412)不在澳门陆地区域内，疑似位于海上"
354082217,2026-04-26T00:00:00,2026-04-26T11:05:40,False,22.1597130604,113.5466033385,Plantae,Plantae,Tracheophyta,Magnoliopsida,Asterales,Asteraceae,Cyanthillium,Cyanthillium cinereum,,"坐标(113.5466033385, 22.1597130604)不在澳门陆地区域内，疑似位于海上"
354091921,2026-04-26T00:00:00,2026-04-26T11:06:58,False,22.1595460863,113.5469885663,Plantae,Plantae,Tracheophyta,Magnoliopsida,Asterales,Asteraceae,Praxelis,Praxelis clematidea,,"坐标(113.5469885663, 22.1595460863)不在澳门陆地区域内，疑似位于海上"
354092054,2026-04-26T00:00:00,2026-04-26T11:05:25,False,22.159334079,113.5470518941,Plantae,Plantae,Tracheophyta,Magnoliopsida,Asterales,Asteraceae,Emilia,Emilia praetermissa,,"坐标(113.5470518941, 22.159334079)不在澳门陆地区域内，疑似位于海上"
354092151,2026-04-26T00:00:00,2026-04-26T11:16:32,False,22.1622547405,113.5472066055,Plantae,Plantae,Tracheophyta,Magnoliopsida,Asterales,Asteraceae,Sphagneticola,Sphagneticola trilobata,,"坐标(113.5472066055, 22.1622547405)不在澳门陆地区域内，疑似位于海上"
354092231,2026-04-26T00:00:00,2026-04-26T11:16:19,False,22.1622980135,113.5472026163,Plantae,Plantae,Tracheophyta,Magnoliopsida,Malvales,Malvaceae,Microcos,Microcos paniculata,,"坐标(113.5472026163, 22.1622980135)不在澳门陆地区域内，疑似位于海上"
354092356,2026-04-26T00:00:00,2026-04-26T11:15:17,False,22.1623573023,113.5468615117,Plantae,Plantae,Tracheophyta,Magnoliopsida,Laurales,Lauraceae,Litsea,Litsea rotundifolia,,"坐标(113.5468615117, 22.1623573023)不在澳门陆地区域内，疑似位于海上"
354092742,2026-04-26T00:00:00,2026-04-26T11:04:23,False,22.159825,113.5463783333,Plantae,Plantae,Tracheophyta,Magnoliopsida,Asterales,Asteraceae,Cyanthillium,Cyanthillium cinereum,,"坐标(113.5463783333, 22.159825)不在澳门陆地区域内，疑似位于海上"
354093094,2026-04-26T00:00:00,2026-04-26T11:07:02,False,22.159825,113.5465916667,Plantae,Plantae,Tracheophyta,Magnoliopsida,Asterales,Asteraceae,Praxelis,Praxelis clematidea,,"坐标(113.5465916667, 22.159825)不在澳门陆地区域内，疑似位于海上"
354094331,2026-04-26T00:00:00,2026-04-26T11:04:42,False,22.1598471667,113.5464083333,Plantae,Plantae,Tracheophyta,Magnoliopsida,Asterales,Asteraceae,Emilia,Emilia praetermissa,,"坐标(113.5464083333, 22.1598471667)不在澳门陆地区域内，疑似位于海上"
354094341,2026-04-25T00:00:00,,False,22.1861255,113.5572274997,Plantae,Plantae,Tracheophyta,Magnoliopsida,Asterales,Asteraceae,Tridax,Tridax procumbens,,"坐标(113.5572274997, 22.1861255)不在澳门陆地区域内，疑似位于海上"
354094716,2026-04-26T00:00:00,,False,22.1860644613,113.5568419844,Plantae,Plantae,Tracheophyta,Magnoliopsida,Oxalidales,Oxalidaceae,Oxalis,Oxalis corniculata,,"坐标(113.5568419844, 22.1860644613)不在澳门陆地区域内，疑似位于海上"
354094928,2026-04-26T00:00:00,2026-04-26T10:52:02,False,22.1603555,113.5477216667,Plantae,Plantae,Tracheophyta,Magnoliopsida,Malpighiales,Salicaceae,Homalium,Homalium cochinchinense,,"坐标(113.5477216667, 22.1603555)不在澳门陆地区域内，疑似位于海上"
354097055,2026-04-25T00:00:00,,False,22.1873563997,113.5574021,Plantae,Plantae,Tracheophyta,Magnoliopsida,Asterales,Asteraceae,Emilia,Emilia sonchifolia,,"坐标(113.5574021, 22.1873563997)不在澳门陆地区域内，疑似位于海上"
354100213,2026-04-25T00:00:00,2026-04-25T11:34:00,False,22.1399028333,113.554175,Plantae,Plantae,Tracheophyta,Magnoliopsida,Malpighiales,Euphorbiaceae,Excoecaria,Excoecaria agallocha,,"坐标(113.554175, 22.1399028333)不在澳门陆地区域内，疑似位于海上"
354100560,2026-04-25T00:00:00,2026-04-25T11:35:00,False,22.1400083333,113.55423,Fungi,Fungi,Basidiomycota,Agaricomycetes,Agaricales,Agaricaceae,Chlorophyllum,Chlorophyllum molybdites,,"坐标(113.55423, 22.1400083333)不在澳门陆地区域内，疑似位于海上"
354106343,2026-04-26T00:00:00,2026-04-26T11:56:49,False,22.1871367225,113.5318166085,Plantae,Plantae,Tracheophyta,Magnoliopsida,Malvales,Malvaceae,Sterculia,Sterculia lanceolata,,"坐标(113.5318166085, 22.1871367225)不在澳门陆地区域内，疑似位于海上"
354106721,2026-04-26T00:00:00,2026-04-26T11:57:58,False,22.1870555017,113.531928668,Plantae,Plantae,Tracheophyta,Magnoliopsida,Malvales,Malvaceae,Sterculia,Sterculia lanceolata,,"坐标(113.531928668, 22.1870555017)不在澳门陆地区域内，疑似位于海上"
354109725,2026-04-26T00:00:00,2026-04-26T13:28:36,False,22.1846643246,113.5352934,Aves,Animalia,Chordata,Aves,Pelecaniformes,Threskiornithidae,Platalea,Platalea minor,,"坐标(113.5352934, 22.1846643246)不在澳门陆地区域内，疑似位于海上"
354110240,2026-04-26T00:00:00,2026-04-26T12:05:35,False,22.1144185,113.550132,Plantae,Plantae,Tracheophyta,Magnoliopsida,Oxalidales,Oxalidaceae,Oxalis,Oxalis debilis,,"坐标(113.550132, 22.1144185)不在澳门陆地区域内，疑似位于海上"
354110819,2026-04-26T00:00:00,2026-04-26T12:07:21,False,22.18718,113.53177,Plantae,Plantae,Tracheophyta,Magnoliopsida,Malvales,Malvaceae,Sterculia,Sterculia lanceolata,,"坐标(113.53177, 22.18718)不在澳门陆地区域内，疑似位于海上"
354115823,2026-04-26T00:00:00,2026-04-26T12:17:57,False,22.118051016,113.5512575351,Plantae,Plantae,Tracheophyta,Polypodiopsida,Polypodiales,Polypodiaceae,Pyrrosia,Pyrrosia adnascens,,"坐标(113.5512575351, 22.118051016)不在澳门陆地区域内，疑似位于海上"
354115833,2026-04-26T00:00:00,2026-04-26T12:17:47,False,22.1181216667,113.551295,Plantae,Plantae,Tracheophyta,Polypodiopsida,Polypodiales,Polypodiaceae,Pyrrosia,Pyrrosia adnascens,,"坐标(113.551295, 22.1181216667)不在澳门陆地区域内，疑似位于海上"
354116288,2026-04-26T00:00:00,2026-04-26T12:19:11,False,22.1179939751,113.551061819,Aves,Animalia,Chordata,Aves,Pelecaniformes,Ardeidae,Egretta,Egretta garzetta,,"坐标(113.551061819, 22.1179939751)不在澳门陆地区域内，疑似位于海上"
354116701,2026-04-26T00:00:00,2026-04-26T12:19:44,False,22.1176236,113.5510588,Aves,Animalia,Chordata,Aves,Pelecaniformes,Ardeidae,Egretta,Egretta garzetta,,"坐标(113.5510588, 22.1176236)不在澳门陆地区域内，疑似位于海上"
354117147,2026-04-26T00:00:00,2026-04-26T12:20:22,False,22.1180909,113.5510481,Aves,Animalia,Chordata,Aves,Pelecaniformes,Ardeidae,Ardeola,Ardeola bacchus,,"坐标(113.5510481, 22.1180909)不在澳门陆地区域内，疑似位于海上"
354117351,2026-04-26T00:00:00,2026-04-26T12:21:20,False,22.1178063467,113.5509931092,Aves,Animalia,Chordata,Aves,Passeriformes,Passeridae,Passer,Passer montanus,,"坐标(113.5509931092, 22.1178063467)不在澳门陆地区域内，疑似位于海上"
354118391,2026-04-26T00:00:00,2026-04-26T12:23:41,False,22.1173916667,113.5509883333,Animalia,Animalia,Arthropoda,Malacostraca,Decapoda,Grapsidae,Metopograpsus,Metopograpsus quadridentatus,,"坐标(113.5509883333, 22.1173916667)不在澳门陆地区域内，疑似位于海上"
354118554,2026-04-26T00:00:00,2026-04-26T12:24:22,False,22.1175742588,113.5510913641,Animalia,Animalia,Arthropoda,Malacostraca,Decapoda,Grapsidae,Metopograpsus,Metopograpsus quadridentatus,,"坐标(113.5510913641, 22.1175742588)不在澳门陆地区域内，疑似位于海上"
354118620,2026-04-26T00:00:00,2026-04-26T12:24:39,False,22.1174479021,113.5511135237,Animalia,Animalia,Arthropoda,Malacostraca,Decapoda,Grapsidae,Metopograpsus,Metopograpsus quadridentatus,,"坐标(113.5511135237, 22.1174479021)不在澳门陆地区域内，疑似位于海上"
354118809,2026-04-26T00:00:00,2026-04-26T12:24:08,False,22.1175011,113.5510419,Animalia,Animalia,Arthropoda,Malacostraca,Decapoda,Grapsidae,Metopograpsus,Metopograpsus quadridentatus,,"坐标(113.5510419, 22.1175011)不在澳门陆地区域内，疑似位于海上"
354120546,2026-04-26T00:00:00,2026-04-26T12:28:50,False,22.1172832245,113.5514892228,Plantae,Plantae,Bryophyta,Bryopsida,Pottiales,Pottiaceae,Hyophila,Hyophila involuta,,"坐标(113.5514892228, 22.1172832245)不在澳门陆地区域内，疑似位于海上"
354120550,2026-04-26T00:00:00,2026-04-26T12:28:38,False,22.1173209,113.5515121,Plantae,Plantae,Bryophyta,Bryopsida,Pottiales,Pottiaceae,Hyophila,Hyophila involuta,,"坐标(113.5515121, 22.1173209)不在澳门陆地区域内，疑似位于海上"
354121286,2026-04-26T00:00:00,2026-04-26T11:16:54,False,22.1623853213,113.5471392743,Plantae,Plantae,Tracheophyta,Polypodiopsida,Polypodiales,Blechnaceae,Blechnum,Blechnum orientale,,"坐标(113.5471392743, 22.1623853213)不在澳门陆地区域内，疑似位于海上"
354121331,2026-04-26T00:00:00,2026-04-26T11:16:17,False,22.1623938415,113.5472327654,Plantae,Plantae,Tracheophyta,Magnoliopsida,Asterales,Asteraceae,Sphagneticola,Sphagneticola trilobata,,"坐标(113.5472327654, 22.1623938415)不在澳门陆地区域内，疑似位于海上"
354121365,2026-04-26T00:00:00,2026-04-26T11:16:00,False,22.1622813323,113.5471683133,Plantae,Plantae,Tracheophyta,Magnoliopsida,Malvales,Malvaceae,Microcos,Microcos paniculata,,"坐标(113.5471683133, 22.1622813323)不在澳门陆地区域内，疑似位于海上"
354121401,2026-04-26T00:00:00,2026-04-26T11:14:51,False,22.1623215686,113.5470149229,Plantae,Plantae,Tracheophyta,Magnoliopsida,Laurales,Lauraceae,Litsea,Litsea rotundifolia,,"坐标(113.5470149229, 22.1623215686)不在澳门陆地区域内，疑似位于海上"
354121474,2026-04-26T00:00:00,2026-04-26T11:14:37,False,22.1623370585,113.5469754335,Plantae,Plantae,Tracheophyta,Magnoliopsida,Gentianales,Apocynaceae,Strophanthus,Strophanthus divaricatus,,"坐标(113.5469754335, 22.1623370585)不在澳门陆地区域内，疑似位于海上"
354121528,2026-04-26T00:00:00,2026-04-26T11:14:14,False,22.1620704458,113.5469514908,Plantae,Plantae,Tracheophyta,Magnoliopsida,Asterales,Asteraceae,Praxelis,Praxelis clematidea,,"坐标(113.5469514908, 22.1620704458)不在澳门陆地区域内，疑似位于海上"
354121563,2026-04-26T00:00:00,2026-04-26T11:13:46,False,22.1622029906,113.5467886326,Insecta,Animalia,Arthropoda,Insecta,Lepidoptera,Lycaenidae,Acytolepis,Acytolepis puspa,,"坐标(113.5467886326, 22.1622029906)不在澳门陆地区域内，疑似位于海上"
354121621,2026-04-26T00:00:00,2026-04-26T11:12:44,False,22.1623093848,113.546584274,Plantae,Plantae,Tracheophyta,Liliopsida,Asparagales,Asphodelaceae,Dianella,Dianella ensifolia,,"坐标(113.546584274, 22.1623093848)不在澳门陆地区域内，疑似位于海上"
354121656,2026-04-26T00:00:00,2026-04-26T11:10:13,False,22.1623504218,113.5462225539,Plantae,Plantae,Tracheophyta,Magnoliopsida,Rosales,Moraceae,Ficus,Ficus hispida,,"坐标(113.5462225539, 22.1623504218)不在澳门陆地区域内，疑似位于海上"
354121659,2026-04-25T00:00:00,2026-04-25T18:39:56,False,22.1382489572,113.559581841,Actinopterygii,Animalia,Chordata,Actinopterygii,Cichliformes,Cichlidae,Oreochromis,Oreochromis aureus,,"坐标(113.559581841, 22.1382489572)不在澳门陆地区域内，疑似位于海上"
354121685,2026-04-26T00:00:00,2026-04-26T11:05:08,False,22.1621385816,113.5456513298,Plantae,Plantae,Tracheophyta,Magnoliopsida,Sapindales,Anacardiaceae,Toxicodendron,Toxicodendron succedaneum,,"坐标(113.5456513298, 22.1621385816)不在澳门陆地区域内，疑似位于海上"
354121730,2026-04-26T00:00:00,2026-04-26T11:01:43,False,22.161399754,113.5460689412,Insecta,Animalia,Arthropoda,Insecta,Lepidoptera,Geometridae,Milionia,Milionia zonea,,"坐标(113.5460689412, 22.161399754)不在澳门陆地区域内，疑似位于海上"
354121765,2026-04-26T00:00:00,2026-04-26T10:53:17,False,22.1598263349,113.5477156449,Plantae,Plantae,Tracheophyta,Pinopsida,Pinales,Podocarpaceae,Podocarpus,Podocarpus macrophyllus,,"坐标(113.5477156449, 22.1598263349)不在澳门陆地区域内，疑似位于海上"
354121800,2026-04-26T00:00:00,2026-04-26T10:52:43,False,22.1606345655,113.5472756245,Plantae,Plantae,Tracheophyta,Liliopsida,Alismatales,Araceae,Alocasia,Alocasia odora,,"坐标(113.5472756245, 22.1606345655)不在澳门陆地区域内，疑似位于海上"
354122204,2026-04-26T00:00:00,2026-04-26T10:50:30,False,22.1604261496,113.5478413604,Plantae,Plantae,Tracheophyta,Magnoliopsida,Gentianales,Gentianaceae,Fagraea,Fagraea ceilanica,,"坐标(113.5478413604, 22.1604261496)不在澳门陆地区域内，疑似位于海上"
354122251,2026-04-26T00:00:00,2026-04-26T10:49:31,False,22.1604709668,113.54783325,Plantae,Plantae,Tracheophyta,Pinopsida,Pinales,Pinaceae,Pinus,Pinus massoniana,,"坐标(113.54783325, 22.1604709668)不在澳门陆地区域内，疑似位于海上"
354122297,2026-04-26T00:00:00,2026-04-26T10:47:04,False,22.1605300683,113.5479907544,Plantae,Plantae,Tracheophyta,Magnoliopsida,Asterales,Asteraceae,Youngia,Youngia japonica,,"坐标(113.5479907544, 22.1605300683)不在澳门陆地区域内，疑似位于海上"
354122676,2026-04-26T00:00:00,2026-04-26T09:33:20,False,22.1633915011,113.5478350444,Plantae,Plantae,Tracheophyta,Magnoliopsida,Laurales,Lauraceae,Litsea,Litsea rotundifolia,,"坐标(113.5478350444, 22.1633915011)不在澳门陆地区域内，疑似位于海上"
354124450,2026-04-26T00:00:00,2026-04-26T12:37:38,False,22.1509566558,113.5510470658,Mollusca,Animalia,Mollusca,Gastropoda,Stylommatophora,Camaenidae,Bradybaena,Bradybaena similaris,,"坐标(113.5510470658, 22.1509566558)不在澳门陆地区域内，疑似位于海上"
354124496,2026-04-26T00:00:00,2026-04-26T10:47:23,False,22.1605298724,113.547997403,Plantae,Plantae,Tracheophyta,Magnoliopsida,Gentianales,Apocynaceae,Allamanda,Allamanda schottii,,"坐标(113.547997403, 22.1605298724)不在澳门陆地区域内，疑似位于海上"
354126150,2026-04-26T00:00:00,2026-04-26T12:33:25,False,22.1510868764,113.5510431039,Plantae,Plantae,Tracheophyta,Magnoliopsida,Gentianales,Apocynaceae,Tabernaemontana,Tabernaemontana divaricata,,"坐标(113.5510431039, 22.1510868764)不在澳门陆地区域内，疑似位于海上"
354130267,2026-04-26T00:00:00,2026-04-26T12:50:40,False,22.11321751,113.55021779,Plantae,Plantae,Tracheophyta,Magnoliopsida,Magnoliales,Annonaceae,Annona,Annona squamosa,,"坐标(113.55021779, 22.11321751)不在澳门陆地区域内，疑似位于海上"
354144377,2026-04-26T00:00:00,2026-04-26T09:25:23,False,22.1607741469,113.5464997951,Plantae,Plantae,Tracheophyta,Magnoliopsida,Asterales,Asteraceae,Mikania,Mikania micrantha,,"坐标(113.5464997951, 22.1607741469)不在澳门陆地区域内，疑似位于海上"
354145508,2026-04-26T00:00:00,2026-04-26T09:25:32,False,22.1611482338,113.5469474174,Plantae,Plantae,Tracheophyta,Magnoliopsida,Laurales,Lauraceae,Litsea,Litsea glutinosa,,"坐标(113.5469474174, 22.1611482338)不在澳门陆地区域内，疑似位于海上"
354147849,2026-04-26T00:00:00,2026-04-26T10:40:24,False,22.1586997396,113.5484476624,Plantae,Plantae,Tracheophyta,Magnoliopsida,Gentianales,Rubiaceae,Psychotria,Psychotria asiatica,,"坐标(113.5484476624, 22.1586997396)不在澳门陆地区域内，疑似位于海上"
354147993,2026-04-26T00:00:00,2026-04-26T10:40:42,False,22.1585731337,113.548188197,Plantae,Plantae,Tracheophyta,Liliopsida,Poales,Poaceae,Miscanthus,Miscanthus floridulus,,"坐标(113.548188197, 22.1585731337)不在澳门陆地区域内，疑似位于海上"
354148374,2026-04-26T00:00:00,2026-04-26T13:36:32,False,22.186475,113.5574633333,Aves,Animalia,Chordata,Aves,Accipitriformes,Accipitridae,Milvus,Milvus migrans,,"坐标(113.5574633333, 22.186475)不在澳门陆地区域内，疑似位于海上"
354151372,2026-04-26T00:00:00,2026-04-26T13:40:22,False,22.1357893655,113.5521303103,Plantae,Plantae,Tracheophyta,Magnoliopsida,Lamiales,Verbenaceae,Lantana,Lantana camara,,"坐标(113.5521303103, 22.1357893655)不在澳门陆地区域内，疑似位于海上"
354151464,2026-04-26T00:00:00,2026-04-26T13:38:12,False,22.1361068404,113.552007638,Plantae,Plantae,Tracheophyta,Magnoliopsida,Lamiales,Verbenaceae,Lantana,Lantana camara,,"坐标(113.552007638, 22.1361068404)不在澳门陆地区域内，疑似位于海上"
354151525,2026-04-26T00:00:00,2026-04-26T13:34:44,False,22.1359969805,113.5520971422,Plantae,Plantae,Tracheophyta,Magnoliopsida,Lamiales,Verbenaceae,Lantana,Lantana montevidensis,,"坐标(113.5520971422, 22.1359969805)不在澳门陆地区域内，疑似位于海上"
354151603,2026-04-26T00:00:00,2026-04-26T13:34:20,False,22.1359091537,113.5520712717,Insecta,Animalia,Arthropoda,Insecta,Hemiptera,Rhopalidae,Leptocoris,Leptocoris vicinus,,"坐标(113.5520712717, 22.1359091537)不在澳门陆地区域内，疑似位于海上"
354151699,2026-04-26T00:00:00,2026-04-26T13:30:57,False,22.1354236722,113.5522481436,Insecta,Animalia,Arthropoda,Insecta,Hemiptera,Rhopalidae,Leptocoris,Leptocoris vicinus,,"坐标(113.5522481436, 22.1354236722)不在澳门陆地区域内，疑似位于海上"
354151821,2026-04-26T00:00:00,2026-04-26T13:28:10,False,22.1353816733,113.5522401616,Aves,Animalia,Chordata,Aves,Pelecaniformes,Ardeidae,Ardea,Ardea alba,,"坐标(113.5522401616, 22.1353816733)不在澳门陆地区域内，疑似位于海上"
354160143,2026-04-26T00:00:00,2026-04-26T14:07:36,False,22.1363298124,113.5514886549,Aves,Animalia,Chordata,Aves,Passeriformes,Sturnidae,Acridotheres,Acridotheres tristis,,"坐标(113.5514886549, 22.1363298124)不在澳门陆地区域内，疑似位于海上"
354160754,2026-04-26T00:00:00,2026-04-26T14:10:13,False,22.1366395738,113.5520649983,Insecta,Animalia,Arthropoda,Insecta,Coleoptera,Coccinellidae,Cheilomenes,Cheilomenes sexmaculata,,"坐标(113.5520649983, 22.1366395738)不在澳门陆地区域内，疑似位于海上"
354161081,2026-04-26T00:00:00,2026-04-26T14:11:45,False,22.1366751311,113.5520078291,Plantae,Plantae,Tracheophyta,Magnoliopsida,Asterales,Asteraceae,Emilia,Emilia sonchifolia,,"坐标(113.5520078291, 22.1366751311)不在澳门陆地区域内，疑似位于海上"
354164529,2026-04-26T00:00:00,2026-04-26T14:18:53,False,22.1383561801,113.5522161797,Aves,Animalia,Chordata,Aves,Passeriformes,Sturnidae,Gracupica,Gracupica nigricollis,,"坐标(113.5522161797, 22.1383561801)不在澳门陆地区域内，疑似位于海上"
354165118,2026-04-26T00:00:00,2026-04-26T13:45:00,False,22.1368758654,113.552401772,Insecta,Animalia,Arthropoda,Insecta,Coleoptera,Coccinellidae,Cheilomenes,Cheilomenes sexmaculata,,"坐标(113.552401772, 22.1368758654)不在澳门陆地区域内，疑似位于海上"
354168802,2026-04-26T00:00:00,2026-04-26T14:34:48,False,22.1872190325,113.5319325853,Plantae,Plantae,Tracheophyta,Magnoliopsida,Malvales,Malvaceae,Sterculia,Sterculia monosperma,,"坐标(113.5319325853, 22.1872190325)不在澳门陆地区域内，疑似位于海上"
354172261,2026-04-26T00:00:00,2026-04-26T11:00:24,False,22.1592573925,113.5470519235,Plantae,Plantae,Tracheophyta,Liliopsida,Poales,Poaceae,Melinis,Melinis repens,,"坐标(113.5470519235, 22.1592573925)不在澳门陆地区域内，疑似位于海上"
354178084,2026-04-26T00:00:00,2026-04-26T13:30:00,False,22.1360865419,113.5521558847,Plantae,Plantae,Tracheophyta,Magnoliopsida,Oxalidales,Oxalidaceae,Oxalis,Oxalis debilis,,"坐标(113.5521558847, 22.1360865419)不在澳门陆地区域内，疑似位于海上"
354178739,2026-04-26T00:00:00,2026-04-26T13:34:00,False,22.1364741171,113.5527612388,Insecta,Animalia,Arthropoda,Insecta,Hymenoptera,Apidae,Apis,Apis cerana,,"坐标(113.5527612388, 22.1364741171)不在澳门陆地区域内，疑似位于海上"
354179962,2026-04-26T00:00:00,2026-04-26T13:38:00,False,22.1365759804,113.5526925117,Insecta,Animalia,Arthropoda,Insecta,Lepidoptera,Lycaenidae,Pseudozizeeria,Pseudozizeeria maha,,"坐标(113.5526925117, 22.1365759804)不在澳门陆地区域内，疑似位于海上"
354180225,2026-04-26T00:00:00,2026-04-26T13:36:00,False,22.1371929508,113.5525016609,Aves,Animalia,Chordata,Aves,Passeriformes,Pycnonotidae,Pycnonotus,Pycnonotus jocosus,,"坐标(113.5525016609, 22.1371929508)不在澳门陆地区域内，疑似位于海上"
354180540,2026-04-26T00:00:00,2026-04-26T10:58:34,False,22.1598634413,113.5475433532,Plantae,Plantae,Tracheophyta,Magnoliopsida,Sapindales,Simaroubaceae,Brucea,Brucea javanica,,"坐标(113.5475433532, 22.1598634413)不在澳门陆地区域内，疑似位于海上"
354180722,2026-04-26T00:00:00,2026-04-26T13:32:00,False,22.1369231495,113.5524499123,Aves,Animalia,Chordata,Aves,Passeriformes,Dicruridae,Dicrurus,Dicrurus hottentottus,,"坐标(113.5524499123, 22.1369231495)不在澳门陆地区域内，疑似位于海上"
354181095,2026-04-26T00:00:00,2026-04-26T13:28:00,False,22.1376670019,113.5517346953,Insecta,Animalia,Arthropoda,Insecta,Hemiptera,Rhopalidae,Leptocoris,Leptocoris vicinus,,"坐标(113.5517346953, 22.1376670019)不在澳门陆地区域内，疑似位于海上"
354181477,2026-04-26T00:00:00,2026-04-26T13:36:00,False,22.1371933442,113.5511281516,Aves,Animalia,Chordata,Aves,Pelecaniformes,Ardeidae,Ardea,Ardea alba,,"坐标(113.5511281516, 22.1371933442)不在澳门陆地区域内，疑似位于海上"
354181735,2026-04-26T00:00:00,2026-04-26T13:36:00,False,22.1368030203,113.5523371265,Insecta,Animalia,Arthropoda,Insecta,Hemiptera,Rhopalidae,Leptocoris,Leptocoris vicinus,,"坐标(113.5523371265, 22.1368030203)不在澳门陆地区域内，疑似位于海上"
354182285,2026-04-26T00:00:00,2026-04-26T13:29:00,False,22.1375840284,113.5518492929,Plantae,Plantae,Tracheophyta,Liliopsida,Poales,Poaceae,Eleusine,Eleusine indica,,"坐标(113.5518492929, 22.1375840284)不在澳门陆地区域内，疑似位于海上"
354182651,2026-04-26T00:00:00,2026-04-26T13:25:00,False,22.1382174781,113.5518516341,Plantae,Plantae,Tracheophyta,Magnoliopsida,Malpighiales,Euphorbiaceae,Acalypha,Acalypha australis,,"坐标(113.5518516341, 22.1382174781)不在澳门陆地区域内，疑似位于海上"
354183395,2026-04-26T00:00:00,2026-04-26T10:43:59,False,22.1602555,113.5473166667,Plantae,Plantae,Tracheophyta,Liliopsida,Poales,Poaceae,Sporobolus,Sporobolus indicus,,"坐标(113.5473166667, 22.1602555)不在澳门陆地区域内，疑似位于海上"
354186312,2026-04-26T00:00:00,2026-04-26T15:24:36,False,22.1403028333,113.5528866667,Plantae,Plantae,Tracheophyta,Magnoliopsida,Fabales,Fabaceae,Leucaena,Leucaena leucocephala,,"坐标(113.5528866667, 22.1403028333)不在澳门陆地区域内，疑似位于海上"
354188211,2026-04-26T00:00:00,2026-04-26T10:54:17,False,22.1593403701,113.5476202351,Plantae,Plantae,Tracheophyta,Magnoliopsida,Rosales,Moraceae,Ficus,Ficus hispida,,"坐标(113.5476202351, 22.1593403701)不在澳门陆地区域内，疑似位于海上"
354188633,2026-04-26T00:00:00,2026-04-26T11:05:52,False,22.1624606276,113.5454274823,Plantae,Plantae,Tracheophyta,Magnoliopsida,Sapindales,Anacardiaceae,Toxicodendron,Toxicodendron succedaneum,,"坐标(113.5454274823, 22.1624606276)不在澳门陆地区域内，疑似位于海上"
354192530,2026-04-26T00:00:00,,False,22.1405766553,113.5531663522,Fungi,Fungi,Ascomycota,Leotiomycetes,Helotiales,Drepanopezizaceae,Diplocarpon,Diplocarpon rosae,,"坐标(113.5531663522, 22.1405766553)不在澳门陆地区域内，疑似位于海上"
354194969,2026-04-26T00:00:00,2026-04-26T10:46:33,False,22.1604649804,113.5478586245,Plantae,Plantae,Tracheophyta,Magnoliopsida,Oxalidales,Oxalidaceae,Oxalis,Oxalis debilis,,"坐标(113.5478586245, 22.1604649804)不在澳门陆地区域内，疑似位于海上"
354195131,2026-04-26T00:00:00,2026-04-26T10:50:35,False,22.1603981406,113.5477078893,Plantae,Plantae,Tracheophyta,Liliopsida,Poales,Poaceae,Imperata,Imperata cylindrica,,"坐标(113.5477078893, 22.1603981406)不在澳门陆地区域内，疑似位于海上"
354195213,2026-04-26T00:00:00,2026-04-26T10:52:24,False,22.1603462035,113.547794045,Plantae,Plantae,Tracheophyta,Magnoliopsida,Malpighiales,Salicaceae,Homalium,Homalium cochinchinense,,"坐标(113.547794045, 22.1603462035)不在澳门陆地区域内，疑似位于海上"
354196356,2026-04-25T00:00:00,2026-04-25T12:04:52,False,22.1166919,113.5524245,Insecta,Animalia,Arthropoda,Insecta,Lepidoptera,Nymphalidae,Neptis,Neptis hylas,,"坐标(113.5524245, 22.1166919)不在澳门陆地区域内，疑似位于海上"
354197660,2026-04-26T00:00:00,2026-04-26T10:29:00,False,22.1863861111,113.557,Aves,Animalia,Chordata,Aves,Passeriformes,Hirundinidae,Hirundo,Hirundo rustica,,"坐标(113.557, 22.1863861111)不在澳门陆地区域内，疑似位于海上"
354204618,2026-04-26T00:00:00,2026-04-26T16:10:33,False,22.1867716667,113.55642,Aves,Animalia,Chordata,Aves,Passeriformes,Passeridae,Passer,Passer montanus,,"坐标(113.55642, 22.1867716667)不在澳门陆地区域内，疑似位于海上"
354204933,2026-04-26T00:00:00,2026-04-26T10:57:03,False,22.159311525,113.5470060969,Insecta,Animalia,Arthropoda,Insecta,Lepidoptera,Geometridae,Milionia,Milionia zonea,,"坐标(113.5470060969, 22.159311525)不在澳门陆地区域内，疑似位于海上"
354207737,2026-04-26T00:00:00,2026-04-26T14:52:24,False,22.1860645934,113.5568421,Plantae,Plantae,Tracheophyta,Liliopsida,Poales,Poaceae,Zoysia,Zoysia matrella,,"坐标(113.5568421, 22.1860645934)不在澳门陆地区域内，疑似位于海上"
354210228,2026-04-26T00:00:00,,False,22.1407021189,113.5531552881,Plantae,Plantae,Tracheophyta,Magnoliopsida,Malpighiales,Euphorbiaceae,Jatropha,Jatropha integerrima,,"坐标(113.5531552881, 22.1407021189)不在澳门陆地区域内，疑似位于海上"
354210887,2026-04-26T00:00:00,2026-04-26T16:24:50,False,22.1856283333,113.5564583333,Plantae,Plantae,Tracheophyta,Magnoliopsida,Rosales,Urticaceae,Pouzolzia,Pouzolzia zeylanica,,"坐标(113.5564583333, 22.1856283333)不在澳门陆地区域内，疑似位于海上"
354212637,2026-04-26T00:00:00,2026-04-26T16:28:30,False,22.1176607,113.5514595,Insecta,Animalia,Arthropoda,Insecta,Diptera,Calliphoridae,Chrysomya,Chrysomya megacephala,,"坐标(113.5514595, 22.1176607)不在澳门陆地区域内，疑似位于海上"
354214503,2026-04-26T00:00:00,,False,22.1404362851,113.5532746464,Plantae,Plantae,Tracheophyta,Magnoliopsida,Asterales,Asteraceae,Cosmos,Cosmos bipinnatus,,"坐标(113.5532746464, 22.1404362851)不在澳门陆地区域内，疑似位于海上"
354215541,2026-04-26T00:00:00,,False,22.1408424889,113.5530989617,Plantae,Plantae,Tracheophyta,Magnoliopsida,Magnoliales,Magnoliaceae,Magnolia,Magnolia grandiflora,,"坐标(113.5530989617, 22.1408424889)不在澳门陆地区域内，疑似位于海上"
354216218,2026-04-26T00:00:00,2026-04-26T16:30:56,False,22.1822333333,113.5412066667,Aves,Animalia,Chordata,Aves,Columbiformes,Columbidae,Spilopelia,Spilopelia chinensis,,"坐标(113.5412066667, 22.1822333333)不在澳门陆地区域内，疑似位于海上"
354216325,2026-04-26T00:00:00,,False,22.1406965289,113.553105332,Plantae,Plantae,Tracheophyta,Magnoliopsida,Magnoliales,Magnoliaceae,Magnolia,Magnolia figo,,"坐标(113.553105332, 22.1406965289)不在澳门陆地区域内，疑似位于海上"
354220068,2026-04-26T00:00:00,2026-04-26T16:48:37,False,22.1143550262,113.5502610906,Plantae,Plantae,Tracheophyta,Liliopsida,Poales,Poaceae,Eragrostis,Eragrostis tenella,,"坐标(113.5502610906, 22.1143550262)不在澳门陆地区域内，疑似位于海上"
354220125,2026-04-26T00:00:00,2026-04-26T16:48:37,False,22.1869582435,113.5565881957,Plantae,Plantae,Tracheophyta,Magnoliopsida,Oxalidales,Oxalidaceae,Oxalis,Oxalis corniculata,,"坐标(113.5565881957, 22.1869582435)不在澳门陆地区域内，疑似位于海上"
354220914,2026-04-26T00:00:00,,False,22.1406083318,113.5531774163,Plantae,Plantae,Tracheophyta,Magnoliopsida,Malpighiales,Phyllanthaceae,Phyllanthus,Phyllanthus cochinchinensis,,"坐标(113.5531774163, 22.1406083318)不在澳门陆地区域内，疑似位于海上"
354226522,2026-04-26T00:00:00,2026-04-26T14:08:00,False,22.1851527778,113.5318305556,Plantae,Plantae,Tracheophyta,Polypodiopsida,Polypodiales,Pteridaceae,Adiantum,Adiantum malesianum,,"坐标(113.5318305556, 22.1851527778)不在澳门陆地区域内，疑似位于海上"
354226524,2026-04-26T00:00:00,2026-04-26T14:09:00,False,22.1851,113.5316555556,Plantae,Plantae,Tracheophyta,Polypodiopsida,Polypodiales,Pteridaceae,Pteris,Pteris vittata,,"坐标(113.5316555556, 22.1851)不在澳门陆地区域内，疑似位于海上"
354226525,2026-04-26T00:00:00,2026-04-26T14:10:00,False,22.1850944444,113.5316083333,Plantae,Plantae,Tracheophyta,Magnoliopsida,Rosales,Moraceae,Ficus,Ficus microcarpa,,"坐标(113.5316083333, 22.1850944444)不在澳门陆地区域内，疑似位于海上"
354226842,2026-04-26T00:00:00,2026-04-26T10:43:45,False,22.1602195,113.5473866667,Plantae,Plantae,Tracheophyta,Magnoliopsida,Lamiales,Verbenaceae,Lantana,Lantana camara,,"坐标(113.5473866667, 22.1602195)不在澳门陆地区域内，疑似位于海上"
354228330,2026-04-26T00:00:00,2026-04-26T17:06:43,False,22.1869383333,113.5565033333,Plantae,Plantae,Tracheophyta,Magnoliopsida,Gentianales,Rubiaceae,Oldenlandia,Oldenlandia corymbosa,,"坐标(113.5565033333, 22.1869383333)不在澳门陆地区域内，疑似位于海上"
354229013,2026-04-26T00:00:00,2026-04-26T17:08:32,False,22.1869116667,113.55648,Plantae,Plantae,Tracheophyta,Magnoliopsida,Asterales,Asteraceae,Emilia,Emilia sonchifolia,,"坐标(113.55648, 22.1869116667)不在澳门陆地区域内，疑似位于海上"
354230264,2026-04-26T00:00:00,,False,22.1405269668,113.5531459004,Plantae,Plantae,Tracheophyta,Magnoliopsida,Santalales,Opiliaceae,Cansjera,Cansjera rheedei,,"坐标(113.5531459004, 22.1405269668)不在澳门陆地区域内，疑似位于海上"
354233491,2026-04-26T00:00:00,,False,22.1406875229,113.5532136261,Insecta,Animalia,Arthropoda,Insecta,Lepidoptera,Pieridae,Delias,Delias pasithoe,,"坐标(113.5532136261, 22.1406875229)不在澳门陆地区域内，疑似位于海上"
354235644,2026-04-26T00:00:00,2026-04-26T10:30:10,False,22.1734288979,113.5633842129,Plantae,Plantae,Tracheophyta,Magnoliopsida,Ranunculales,Berberidaceae,Nandina,Nandina domestica,,"坐标(113.5633842129, 22.1734288979)不在澳门陆地区域内，疑似位于海上"
354236678,2026-04-26T00:00:00,2026-04-26T09:48:25,False,22.1612323248,113.5464705972,Plantae,Plantae,Tracheophyta,Magnoliopsida,Gentianales,Apocynaceae,Strophanthus,Strophanthus divaricatus,,"坐标(113.5464705972, 22.1612323248)不在澳门陆地区域内，疑似位于海上"
354236834,2026-04-26T00:00:00,2026-04-26T09:49:12,False,22.1607473,113.5469316065,Plantae,Plantae,Tracheophyta,Magnoliopsida,Myrtales,Myrtaceae,Rhodomyrtus,Rhodomyrtus tomentosa,,"坐标(113.5469316065, 22.1607473)不在澳门陆地区域内，疑似位于海上"
354237198,2026-04-26T00:00:00,2026-04-26T09:41:54,False,22.1600960481,113.545985942,Insecta,Animalia,Arthropoda,Insecta,Hemiptera,Rhopalidae,Leptocoris,Leptocoris vicinus,,"坐标(113.545985942, 22.1600960481)不在澳门陆地区域内，疑似位于海上"
354238308,2026-04-26T00:00:00,2026-04-26T10:25:00,False,22.1589947641,113.5450328571,Insecta,Animalia,Arthropoda,Insecta,Lepidoptera,Lycaenidae,Acytolepis,Acytolepis puspa,,"坐标(113.5450328571, 22.1589947641)不在澳门陆地区域内，疑似位于海上"
354238679,2026-04-26T00:00:00,2026-04-26T09:29:00,False,22.160525,113.5477716667,Insecta,Animalia,Arthropoda,Insecta,Hymenoptera,Formicidae,Camponotus,Camponotus nicobarensis,,"坐标(113.5477716667, 22.160525)不在澳门陆地区域内，疑似位于海上"
354239176,2026-04-26T00:00:00,2026-04-26T10:53:56,False,22.1592722491,113.5477141931,Plantae,Plantae,Tracheophyta,Magnoliopsida,Rosales,Moraceae,Ficus,Ficus hispida,,"坐标(113.5477141931, 22.1592722491)不在澳门陆地区域内，疑似位于海上"
354239224,2026-04-26T00:00:00,2026-04-26T11:07:07,False,22.1631636476,113.5463391215,Plantae,Plantae,Tracheophyta,Magnoliopsida,Sapindales,Anacardiaceae,Toxicodendron,Toxicodendron succedaneum,,"坐标(113.5463391215, 22.1631636476)不在澳门陆地区域内，疑似位于海上"
354239241,2026-04-26T00:00:00,2026-04-26T11:09:13,False,22.1620876777,113.546106413,Plantae,Plantae,Tracheophyta,Pinopsida,Pinales,Araucariaceae,Araucaria,Araucaria columnaris,,"坐标(113.546106413, 22.1620876777)不在澳门陆地区域内，疑似位于海上"
354239245,2026-04-26T00:00:00,2026-04-26T11:11:00,False,22.1632232323,113.5463756272,Plantae,Plantae,Tracheophyta,Magnoliopsida,Rosales,Moraceae,Ficus,Ficus simplicissima,,"坐标(113.5463756272, 22.1632232323)不在澳门陆地区域内，疑似位于海上"
354239298,2026-04-26T00:00:00,2026-04-26T11:13:40,False,22.1622688234,113.5469601968,Plantae,Plantae,Tracheophyta,Magnoliopsida,Malpighiales,Phyllanthaceae,Bridelia,Bridelia tomentosa,,"坐标(113.5469601968, 22.1622688234)不在澳门陆地区域内，疑似位于海上"
354239309,2026-04-26T00:00:00,2026-04-26T11:14:49,False,22.1621769682,113.5466242422,Plantae,Plantae,Tracheophyta,Magnoliopsida,Asterales,Asteraceae,Praxelis,Praxelis clematidea,,"坐标(113.5466242422, 22.1621769682)不在澳门陆地区域内，疑似位于海上"
354239372,2026-04-26T00:00:00,2026-04-26T09:25:08,False,22.1585773888,113.5449577548,Plantae,Plantae,Tracheophyta,Polypodiopsida,Polypodiales,Pteridaceae,Pteris,Pteris semipinnata,,"坐标(113.5449577548, 22.1585773888)不在澳门陆地区域内，疑似位于海上"
354239430,2026-04-26T00:00:00,2026-04-26T09:28:04,False,22.1609083333,113.5476283333,Insecta,Animalia,Arthropoda,Insecta,Coleoptera,Coccinellidae,Cheilomenes,Cheilomenes sexmaculata,,"坐标(113.5476283333, 22.1609083333)不在澳门陆地区域内，疑似位于海上"
354239445,2026-04-26T00:00:00,2026-04-26T10:13:40,False,22.1609083333,113.5476283333,Plantae,Plantae,Tracheophyta,Magnoliopsida,Asterales,Asteraceae,Emilia,Emilia sonchifolia,,"坐标(113.5476283333, 22.1609083333)不在澳门陆地区域内，疑似位于海上"
354239466,2026-04-26T00:00:00,2026-04-26T10:03:26,False,22.1609083333,113.5476283333,Animalia,Animalia,Arthropoda,Diplopoda,Polydesmida,Paradoxosomatidae,Helicorthomorpha,Helicorthomorpha holstii,,"坐标(113.5476283333, 22.1609083333)不在澳门陆地区域内，疑似位于海上"
354239472,2026-04-26T00:00:00,2026-04-26T10:04:16,False,22.1609083333,113.5476283333,Plantae,Plantae,Tracheophyta,Magnoliopsida,Fabales,Fabaceae,Acacia,Acacia confusa,,"坐标(113.5476283333, 22.1609083333)不在澳门陆地区域内，疑似位于海上"
354239503,2026-04-26T00:00:00,2026-04-26T11:17:06,False,22.1622305,113.547145,Plantae,Plantae,Tracheophyta,Polypodiopsida,Polypodiales,Blechnaceae,Blechnum,Blechnum orientale,,"坐标(113.547145, 22.1622305)不在澳门陆地区域内，疑似位于海上"
354239514,2026-04-26T00:00:00,2026-04-26T10:02:17,False,22.1609083333,113.5476283333,Plantae,Plantae,Tracheophyta,Magnoliopsida,Gentianales,Apocynaceae,Strophanthus,Strophanthus divaricatus,,"坐标(113.5476283333, 22.1609083333)不在澳门陆地区域内，疑似位于海上"
354239570,2026-04-26T00:00:00,2026-04-26T09:57:56,False,22.1609083333,113.5476283333,Plantae,Plantae,Tracheophyta,Liliopsida,Poales,Poaceae,Lophatherum,Lophatherum gracile,,"坐标(113.5476283333, 22.1609083333)不在澳门陆地区域内，疑似位于海上"
354239575,2026-04-26T00:00:00,2026-04-26T09:57:24,False,22.1609083333,113.5476283333,Plantae,Plantae,Tracheophyta,Magnoliopsida,Sapindales,Rutaceae,Zanthoxylum,Zanthoxylum asiaticum,,"坐标(113.5476283333, 22.1609083333)不在澳门陆地区域内，疑似位于海上"
354239610,2026-04-26T00:00:00,2026-04-26T09:56:06,False,22.1609083333,113.5476283333,Plantae,Plantae,Tracheophyta,Magnoliopsida,Gentianales,Rubiaceae,Psychotria,Psychotria asiatica,,"坐标(113.5476283333, 22.1609083333)不在澳门陆地区域内，疑似位于海上"
354239614,2026-04-26T00:00:00,2026-04-26T09:55:36,False,22.1609083333,113.5476283333,Plantae,Plantae,Tracheophyta,Magnoliopsida,Fabales,Fabaceae,Acacia,Acacia confusa,,"坐标(113.5476283333, 22.1609083333)不在澳门陆地区域内，疑似位于海上"
354239622,2026-04-26T00:00:00,2026-04-26T09:55:01,False,22.1609083333,113.5476283333,Plantae,Plantae,Tracheophyta,Magnoliopsida,Myrtales,Melastomataceae,Melastoma,Melastoma candidum,,"坐标(113.5476283333, 22.1609083333)不在澳门陆地区域内，疑似位于海上"
354239626,2026-04-26T00:00:00,2026-04-26T09:54:47,False,22.1609083333,113.5476283333,Plantae,Plantae,Tracheophyta,Magnoliopsida,Laurales,Lauraceae,Litsea,Litsea rotundifolia,,"坐标(113.5476283333, 22.1609083333)不在澳门陆地区域内，疑似位于海上"
354239631,2026-04-26T00:00:00,2026-04-26T09:54:40,False,22.1609083333,113.5476283333,Plantae,Plantae,Tracheophyta,Magnoliopsida,Celastrales,Celastraceae,Euonymus,Euonymus nitidus,,"坐标(113.5476283333, 22.1609083333)不在澳门陆地区域内，疑似位于海上"
354239670,2026-04-26T00:00:00,2026-04-26T11:17:06,False,22.1622305,113.547145,Plantae,Plantae,Tracheophyta,Polypodiopsida,Polypodiales,Blechnaceae,Blechnum,Blechnum orientale,,"坐标(113.547145, 22.1622305)不在澳门陆地区域内，疑似位于海上"
354239698,2026-04-26T00:00:00,2026-04-26T11:16:31,False,22.1622555,113.547205,Plantae,Plantae,Tracheophyta,Magnoliopsida,Asterales,Asteraceae,Sphagneticola,Sphagneticola trilobata,,"坐标(113.547205, 22.1622555)不在澳门陆地区域内，疑似位于海上"
354239700,2026-04-26T00:00:00,2026-04-26T11:15:17,False,22.1623583333,113.5468616667,Plantae,Plantae,Tracheophyta,Magnoliopsida,Laurales,Lauraceae,Litsea,Litsea rotundifolia,,"坐标(113.5468616667, 22.1623583333)不在澳门陆地区域内，疑似位于海上"
354239789,2026-04-26T00:00:00,2026-04-26T11:14:49,False,22.1621778333,113.546625,Plantae,Plantae,Tracheophyta,Magnoliopsida,Asterales,Asteraceae,Praxelis,Praxelis clematidea,,"坐标(113.546625, 22.1621778333)不在澳门陆地区域内，疑似位于海上"
354239864,2026-04-26T00:00:00,2026-04-26T11:10:35,False,22.16305,113.54628,Plantae,Plantae,Tracheophyta,Magnoliopsida,Rosales,Moraceae,Ficus,Ficus simplicissima,,"坐标(113.54628, 22.16305)不在澳门陆地区域内，疑似位于海上"
354239869,2026-04-26T00:00:00,2026-04-26T11:09:42,False,22.1622861667,113.5461966667,Plantae,Plantae,Tracheophyta,Pinopsida,Pinales,Araucariaceae,Araucaria,Araucaria columnaris,,"坐标(113.5461966667, 22.1622861667)不在澳门陆地区域内，疑似位于海上"
354239918,2026-04-26T00:00:00,2026-04-26T11:05:19,False,22.1619833333,113.5457083333,Plantae,Plantae,Tracheophyta,Magnoliopsida,Sapindales,Anacardiaceae,Toxicodendron,Toxicodendron succedaneum,,"坐标(113.5457083333, 22.1619833333)不在澳门陆地区域内，疑似位于海上"
354239924,2026-04-26T00:00:00,2026-04-26T11:06:48,False,22.1625583333,113.5453833333,Plantae,Plantae,Tracheophyta,Magnoliopsida,Sapindales,Rutaceae,Zanthoxylum,Zanthoxylum avicennae,,"坐标(113.5453833333, 22.1625583333)不在澳门陆地区域内，疑似位于海上"
354239936,2026-04-26T00:00:00,2026-04-26T10:54:16,False,22.1593416667,113.54762,Plantae,Plantae,Tracheophyta,Magnoliopsida,Rosales,Moraceae,Ficus,Ficus hispida,,"坐标(113.54762, 22.1593416667)不在澳门陆地区域内，疑似位于海上"
354239947,2026-04-26T00:00:00,2026-04-26T10:50:03,False,22.1609083333,113.5476283333,Plantae,Plantae,Tracheophyta,Pinopsida,Pinales,Pinaceae,Pinus,Pinus massoniana,,"坐标(113.5476283333, 22.1609083333)不在澳门陆地区域内，疑似位于海上"
354240031,2026-04-26T00:00:00,2026-04-26T10:42:25,False,22.1609083333,113.5476283333,Plantae,Plantae,Tracheophyta,Magnoliopsida,Rosales,Moraceae,Ficus,Ficus hispida,,"坐标(113.5476283333, 22.1609083333)不在澳门陆地区域内，疑似位于海上"
354240137,2026-04-26T00:00:00,2026-04-26T10:31:24,False,22.1609083333,113.5476283333,Plantae,Plantae,Tracheophyta,Magnoliopsida,Sapindales,Anacardiaceae,Rhus,Rhus chinensis,,"坐标(113.5476283333, 22.1609083333)不在澳门陆地区域内，疑似位于海上"
354240190,2026-04-26T00:00:00,2026-04-26T10:17:51,False,22.1609083333,113.5476283333,Plantae,Plantae,Tracheophyta,Polypodiopsida,Polypodiales,Blechnaceae,Blechnum,Blechnum orientale,,"坐标(113.5476283333, 22.1609083333)不在澳门陆地区域内，疑似位于海上"
354240230,2026-04-26T00:00:00,2026-04-26T10:15:42,False,22.1609083333,113.5476283333,Insecta,Animalia,Arthropoda,Insecta,Odonata,Libellulidae,Pantala,Pantala flavescens,,"坐标(113.5476283333, 22.1609083333)不在澳门陆地区域内，疑似位于海上"
354240281,2026-04-26T00:00:00,2026-04-26T10:13:40,False,22.1609083333,113.5476283333,Plantae,Plantae,Tracheophyta,Magnoliopsida,Asterales,Asteraceae,Emilia,Emilia sonchifolia,,"坐标(113.5476283333, 22.1609083333)不在澳门陆地区域内，疑似位于海上"
354240302,2026-04-26T00:00:00,2026-04-26T09:54:47,False,22.1609083333,113.5476283333,Plantae,Plantae,Tracheophyta,Magnoliopsida,Laurales,Lauraceae,Litsea,Litsea rotundifolia,,"坐标(113.5476283333, 22.1609083333)不在澳门陆地区域内，疑似位于海上"
354240306,2026-04-26T00:00:00,2026-04-26T09:49:12,False,22.1609083333,113.5476283333,Plantae,Plantae,Tracheophyta,Magnoliopsida,Myrtales,Myrtaceae,Rhodomyrtus,Rhodomyrtus tomentosa,,"坐标(113.5476283333, 22.1609083333)不在澳门陆地区域内，疑似位于海上"
354240375,2026-04-26T00:00:00,2026-04-26T09:38:57,False,22.160525,113.5477716667,Insecta,Animalia,Arthropoda,Insecta,Hymenoptera,Formicidae,Solenopsis,Solenopsis geminata,,"坐标(113.5477716667, 22.160525)不在澳门陆地区域内，疑似位于海上"
354240385,2026-04-26T00:00:00,2026-04-26T09:37:23,False,22.160525,113.5477716667,Animalia,Animalia,Arthropoda,Diplopoda,Polydesmida,Paradoxosomatidae,Helicorthomorpha,Helicorthomorpha holstii,,"坐标(113.5477716667, 22.160525)不在澳门陆地区域内，疑似位于海上"
354240398,2026-04-26T00:00:00,2026-04-26T09:33:07,False,22.160525,113.5477716667,Plantae,Plantae,Tracheophyta,Magnoliopsida,Gentianales,Rubiaceae,Mussaenda,Mussaenda pubescens,,"坐标(113.5477716667, 22.160525)不在澳门陆地区域内，疑似位于海上"
354240403,2026-04-26T00:00:00,2026-04-26T09:35:50,False,22.160525,113.5477716667,Plantae,Plantae,Tracheophyta,Polypodiopsida,Schizaeales,Lygodiaceae,Lygodium,Lygodium japonicum,,"坐标(113.5477716667, 22.160525)不在澳门陆地区域内，疑似位于海上"
354240404,2026-04-26T00:00:00,2026-04-26T09:32:42,False,22.160525,113.5477716667,Plantae,Plantae,Tracheophyta,Polypodiopsida,Polypodiales,Pteridaceae,Adiantum,Adiantum flabellulatum,,"坐标(113.5477716667, 22.160525)不在澳门陆地区域内，疑似位于海上"
354240406,2026-04-26T00:00:00,2026-04-26T09:30:53,False,22.160525,113.5477716667,Plantae,Plantae,Tracheophyta,Magnoliopsida,Vitales,Vitaceae,Parthenocissus,Parthenocissus dalzielii,,"坐标(113.5477716667, 22.160525)不在澳门陆地区域内，疑似位于海上"
354240412,2026-04-26T00:00:00,2026-04-26T09:30:41,False,22.1609083333,113.5476283333,Plantae,Plantae,Tracheophyta,Magnoliopsida,Oxalidales,Oxalidaceae,Oxalis,Oxalis debilis,,"坐标(113.5476283333, 22.1609083333)不在澳门陆地区域内，疑似位于海上"
354240415,2026-04-26T00:00:00,2026-04-26T09:30:41,False,22.160525,113.5477716667,Plantae,Plantae,Tracheophyta,Magnoliopsida,Oxalidales,Oxalidaceae,Oxalis,Oxalis debilis,,"坐标(113.5477716667, 22.160525)不在澳门陆地区域内，疑似位于海上"
354240437,2026-04-26T00:00:00,2026-04-26T09:29:02,False,22.1609083333,113.5476283333,Plantae,Plantae,Tracheophyta,Magnoliopsida,Cucurbitales,Cucurbitaceae,Coccinia,Coccinia grandis,,"坐标(113.5476283333, 22.1609083333)不在澳门陆地区域内，疑似位于海上"
354240441,2026-04-26T00:00:00,2026-04-26T09:28:11,False,22.160525,113.5477716667,Insecta,Animalia,Arthropoda,Insecta,Hymenoptera,Formicidae,Paratrechina,Paratrechina longicornis,,"坐标(113.5477716667, 22.160525)不在澳门陆地区域内，疑似位于海上"
354240447,2026-04-26T00:00:00,2026-04-26T09:25:08,False,22.160525,113.5477716667,Plantae,Plantae,Tracheophyta,Polypodiopsida,Polypodiales,Pteridaceae,Pteris,Pteris semipinnata,,"坐标(113.5477716667, 22.160525)不在澳门陆地区域内，疑似位于海上"
354240980,2026-04-26T00:00:00,,False,22.1406207539,113.5531827807,Plantae,Plantae,Tracheophyta,Magnoliopsida,Asterales,Asteraceae,Glebionis,Glebionis coronaria,,"坐标(113.5531827807, 22.1406207539)不在澳门陆地区域内，疑似位于海上"
354243347,2026-04-26T00:00:00,2026-04-26T10:38:37,False,22.1605528333,113.5478583333,Plantae,Plantae,Tracheophyta,Magnoliopsida,Oxalidales,Oxalidaceae,Oxalis,Oxalis debilis,,"坐标(113.5478583333, 22.1605528333)不在澳门陆地区域内，疑似位于海上"
354243540,2026-04-26T00:00:00,2026-04-26T10:43:26,False,22.1602111667,113.5475216667,Plantae,Plantae,Tracheophyta,Magnoliopsida,Myrtales,Myrtaceae,Rhodomyrtus,Rhodomyrtus tomentosa,,"坐标(113.5475216667, 22.1602111667)不在澳门陆地区域内，疑似位于海上"
354245658,2026-04-26T00:00:00,,False,22.1406608153,113.5531519353,Plantae,Plantae,Tracheophyta,Magnoliopsida,Brassicales,Caricaceae,Carica,Carica papaya,,"坐标(113.5531519353, 22.1406608153)不在澳门陆地区域内，疑似位于海上"
354247920,2026-04-26T00:00:00,2026-04-26T17:49:59,False,22.1528701333,113.5456727152,Insecta,Animalia,Arthropoda,Insecta,Blattodea,Blattidae,Periplaneta,Periplaneta americana,,"坐标(113.5456727152, 22.1528701333)不在澳门陆地区域内，疑似位于海上"
354248345,2026-04-26T00:00:00,2026-04-26T02:55:00,False,22.1138142215,113.5559614968,Animalia,Animalia,Arthropoda,Malacostraca,Decapoda,Grapsidae,Metopograpsus,Metopograpsus quadridentatus,,"坐标(113.5559614968, 22.1138142215)不在澳门陆地区域内，疑似位于海上"
354255733,2026-04-26T00:00:00,,False,22.1406086423,113.553173393,Plantae,Plantae,Tracheophyta,Magnoliopsida,Apiales,Pittosporaceae,Pittosporum,Pittosporum tobira,,"坐标(113.553173393, 22.1406086423)不在澳门陆地区域内，疑似位于海上"
354262405,2026-04-26T00:00:00,2026-04-26T10:00:00,False,22.1598299575,113.5458820405,Fungi,Fungi,Basidiomycota,Agaricomycetes,Agaricales,Entolomataceae,Clitopilus,Clitopilus crispus,,"坐标(113.5458820405, 22.1598299575)不在澳门陆地区域内，疑似位于海上"
354267390,2026-04-26T00:00:00,2026-04-26T16:35:01,False,22.1870033333,113.5565333333,Plantae,Plantae,Tracheophyta,Magnoliopsida,Oxalidales,Oxalidaceae,Oxalis,Oxalis debilis,,"坐标(113.5565333333, 22.1870033333)不在澳门陆地区域内，疑似位于海上"
354268948,2026-04-26T00:00:00,2026-04-26T10:14:36,False,22.160525,113.5477716667,Plantae,Plantae,Tracheophyta,Magnoliopsida,Sapindales,Simaroubaceae,Brucea,Brucea javanica,,"坐标(113.5477716667, 22.160525)不在澳门陆地区域内，疑似位于海上"
354269541,2026-04-26T00:00:00,2026-04-26T10:19:44,False,22.160525,113.5477716667,Insecta,Animalia,Arthropoda,Insecta,Hymenoptera,Formicidae,Polyrhachis,Polyrhachis illaudata,,"坐标(113.5477716667, 22.160525)不在澳门陆地区域内，疑似位于海上"
354271528,2026-04-26T00:00:00,2026-04-26T11:02:50,False,22.160525,113.5477716667,Plantae,Plantae,Tracheophyta,Magnoliopsida,Myrtales,Melastomataceae,Melastoma,Melastoma sanguineum,,"坐标(113.5477716667, 22.160525)不在澳门陆地区域内，疑似位于海上"
354271966,2026-04-26T00:00:00,2026-04-26T10:54:33,False,22.160525,113.5477716667,Plantae,Plantae,Tracheophyta,Magnoliopsida,Fabales,Fabaceae,Senna,Senna pendula,,"坐标(113.5477716667, 22.160525)不在澳门陆地区域内，疑似位于海上"
354272955,2026-04-26T00:00:00,2026-04-26T10:42:43,False,22.160525,113.5477716667,Plantae,Plantae,Tracheophyta,Magnoliopsida,Apiales,Araliaceae,Heptapleurum,Heptapleurum heptaphyllum,,"坐标(113.5477716667, 22.160525)不在澳门陆地区域内，疑似位于海上"
354273690,2026-04-26T00:00:00,2026-04-26T10:41:38,False,22.160525,113.5477716667,Plantae,Plantae,Tracheophyta,Magnoliopsida,Laurales,Lauraceae,Cinnamomum,Cinnamomum burmanni,,"坐标(113.5477716667, 22.160525)不在澳门陆地区域内，疑似位于海上"
354274931,2026-04-26T00:00:00,2026-04-26T10:37:06,False,22.160525,113.5477716667,Plantae,Plantae,Tracheophyta,Magnoliopsida,Laurales,Lauraceae,Cassytha,Cassytha filiformis,,"坐标(113.5477716667, 22.160525)不在澳门陆地区域内，疑似位于海上"
354275538,2026-04-26T00:00:00,2026-04-26T10:30:31,False,22.160525,113.5477716667,Plantae,Plantae,Tracheophyta,Magnoliopsida,Myrtales,Melastomataceae,Melastoma,Melastoma sanguineum,,"坐标(113.5477716667, 22.160525)不在澳门陆地区域内，疑似位于海上"
354276993,2026-04-26T00:00:00,2026-04-26T09:31:00,False,22.1609083333,113.5476283333,Plantae,Plantae,Tracheophyta,Liliopsida,Poales,Poaceae,Cymbopogon,Cymbopogon tortilis,,"坐标(113.5476283333, 22.1609083333)不在澳门陆地区域内，疑似位于海上"
354277210,2026-04-26T00:00:00,2026-04-26T18:34:43,False,22.1860333113,113.5561651458,Plantae,Plantae,Tracheophyta,Magnoliopsida,Oxalidales,Oxalidaceae,Oxalis,Oxalis corniculata,,"坐标(113.5561651458, 22.1860333113)不在澳门陆地区域内，疑似位于海上"
354279744,2026-04-26T00:00:00,2026-04-26T18:59:00,False,22.1369785363,113.55203446,Aves,Animalia,Chordata,Aves,Cuculiformes,Cuculidae,Centropus,Centropus sinensis,,"坐标(113.55203446, 22.1369785363)不在澳门陆地区域内，疑似位于海上"
354279816,2026-04-26T00:00:00,2026-04-26T11:20:55,False,22.160525,113.5477716667,Plantae,Plantae,Tracheophyta,Polypodiopsida,Polypodiales,Pteridaceae,Pteris,Pteris vittata,,"坐标(113.5477716667, 22.160525)不在澳门陆地区域内，疑似位于海上"
354280974,2026-04-26T00:00:00,2026-04-26T10:41:20,False,22.160525,113.5477716667,Insecta,Animalia,Arthropoda,Insecta,Hymenoptera,Formicidae,Polyrhachis,Polyrhachis illaudata,,"坐标(113.5477716667, 22.160525)不在澳门陆地区域内，疑似位于海上"
354281033,2026-04-26T00:00:00,2026-04-26T10:40:40,False,22.160525,113.5477716667,Plantae,Plantae,Tracheophyta,Liliopsida,Poales,Poaceae,Miscanthus,Miscanthus floridulus,,"坐标(113.5477716667, 22.160525)不在澳门陆地区域内，疑似位于海上"
354281079,2026-04-26T00:00:00,2026-04-26T10:33:59,False,22.160525,113.5477716667,Insecta,Animalia,Arthropoda,Insecta,Lepidoptera,Lycaenidae,Prosotas,Prosotas dubiosa,,"坐标(113.5477716667, 22.160525)不在澳门陆地区域内，疑似位于海上"
354281152,2026-04-26T00:00:00,2026-04-26T09:25:23,False,22.160525,113.5477716667,Plantae,Plantae,Tracheophyta,Magnoliopsida,Malpighiales,Phyllanthaceae,Bischofia,Bischofia javanica,,"坐标(113.5477716667, 22.160525)不在澳门陆地区域内，疑似位于海上"
354281189,2026-04-26T00:00:00,2026-04-26T09:42:26,False,22.160525,113.5477716667,Plantae,Plantae,Tracheophyta,Magnoliopsida,Ranunculales,Menispermaceae,Nephroia,Nephroia orbiculata,,"坐标(113.5477716667, 22.160525)不在澳门陆地区域内，疑似位于海上"
354281251,2026-04-26T00:00:00,2026-04-26T09:55:01,False,22.1609083333,113.5476283333,Plantae,Plantae,Tracheophyta,Magnoliopsida,Apiales,Araliaceae,Heptapleurum,Heptapleurum heptaphyllum,,"坐标(113.5476283333, 22.1609083333)不在澳门陆地区域内，疑似位于海上"
354282912,2026-04-26T00:00:00,2026-04-26T11:09:00,False,22.18672,113.5562966667,Plantae,Plantae,Tracheophyta,Magnoliopsida,Asterales,Asteraceae,Emilia,Emilia sonchifolia,,"坐标(113.5562966667, 22.18672)不在澳门陆地区域内，疑似位于海上"
354283343,2026-04-26T00:00:00,2026-04-26T11:05:00,False,22.186245,113.5562133333,Plantae,Plantae,Tracheophyta,Magnoliopsida,Vitales,Vitaceae,Parthenocissus,Parthenocissus dalzielii,,"坐标(113.5562133333, 22.186245)不在澳门陆地区域内，疑似位于海上"
354285681,2026-04-26T00:00:00,2026-04-26T10:23:34,False,22.160525,113.5477716667,Plantae,Plantae,Tracheophyta,Magnoliopsida,Gentianales,Rubiaceae,Mussaenda,Mussaenda pubescens,,"坐标(113.5477716667, 22.160525)不在澳门陆地区域内，疑似位于海上"
354285763,2026-04-26T00:00:00,2026-04-26T10:23:00,False,22.160525,113.5477716667,Plantae,Plantae,Tracheophyta,Magnoliopsida,Fabales,Fabaceae,Abrus,Abrus precatorius,,"坐标(113.5477716667, 22.160525)不在澳门陆地区域内，疑似位于海上"
354288817,2026-04-26T00:00:00,2026-04-26T10:26:52,False,22.160525,113.5477716667,Plantae,Plantae,Tracheophyta,Magnoliopsida,Santalales,Opiliaceae,Cansjera,Cansjera rheedei,,"坐标(113.5477716667, 22.160525)不在澳门陆地区域内，疑似位于海上"
354291807,2026-04-26T00:00:00,2026-04-26T17:58:30,False,22.1181083333,113.55165,Aves,Animalia,Chordata,Aves,Passeriformes,Passeridae,Passer,Passer montanus,,"坐标(113.55165, 22.1181083333)不在澳门陆地区域内，疑似位于海上"
354300005,2026-04-26T00:00:00,2026-04-26T15:16:42,False,22.159875,113.5474916667,Mammalia,Animalia,Chordata,Mammalia,Rodentia,Sciuridae,Callosciurus,Callosciurus erythraeus,,"坐标(113.5474916667, 22.159875)不在澳门陆地区域内，疑似位于海上"
354300262,2026-04-26T00:00:00,2026-04-26T15:08:49,False,22.1604778333,113.54763,Aves,Animalia,Chordata,Aves,Passeriformes,Muscicapidae,Muscicapa,Muscicapa dauurica,,"坐标(113.54763, 22.1604778333)不在澳门陆地区域内，疑似位于海上"
354302555,2026-04-26T00:00:00,2026-04-26T17:55:19,False,22.1185695,113.55117,Plantae,Plantae,Tracheophyta,Magnoliopsida,Caryophyllales,Nyctaginaceae,Mirabilis,Mirabilis jalapa,,"坐标(113.55117, 22.1185695)不在澳门陆地区域内，疑似位于海上"
354303589,2026-04-26T00:00:00,2026-04-26T17:38:23,False,22.1188861667,113.5504,Aves,Animalia,Chordata,Aves,Passeriformes,Motacillidae,Motacilla,Motacilla alba,,"坐标(113.5504, 22.1188861667)不在澳门陆地区域内，疑似位于海上"
354314179,2026-04-26T00:00:00,2026-04-26T11:14:53,False,22.1632888333,113.54747,Plantae,Plantae,Tracheophyta,Magnoliopsida,Malvales,Malvaceae,Microcos,Microcos paniculata,,"坐标(113.54747, 22.1632888333)不在澳门陆地区域内，疑似位于海上"
354321481,2026-04-26T00:00:00,2026-04-26T11:11:49,False,22.1633861667,113.547395,Plantae,Plantae,Tracheophyta,Liliopsida,Dioscoreales,Dioscoreaceae,Dioscorea,Dioscorea bulbifera,,"坐标(113.547395, 22.1633861667)不在澳门陆地区域内，疑似位于海上"
354350646,2026-04-26T00:00:00,2026-04-26T18:07:00,False,22.1861963429,113.5572683268,Aves,Animalia,Chordata,Aves,Passeriformes,Hirundinidae,Hirundo,Hirundo rustica,,"坐标(113.5572683268, 22.1861963429)不在澳门陆地区域内，疑似位于海上"
354359062,2026-04-26T00:00:00,2026-04-26T11:34:06,False,22.1625278333,113.5410533333,Reptilia,Animalia,Chordata,Reptilia,Squamata,Gekkonidae,Hemidactylus,Hemidactylus brookii,,"坐标(113.5410533333, 22.1625278333)不在澳门陆地区域内，疑似位于海上"
354368091,2026-04-26T00:00:00,2026-04-26T10:34:19,False,22.1580055755,113.5451357524,Insecta,Animalia,Arthropoda,Insecta,Hymenoptera,Formicidae,Paratrechina,Paratrechina longicornis,,"坐标(113.5451357524, 22.1580055755)不在澳门陆地区域内，疑似位于海上"
354368325,2026-04-26T00:00:00,2026-04-26T10:27:38,False,22.1593111082,113.5468115941,Insecta,Animalia,Arthropoda,Insecta,Lepidoptera,Lycaenidae,Pseudozizeeria,Pseudozizeeria maha,,"坐标(113.5468115941, 22.1593111082)不在澳门陆地区域内，疑似位于海上"
354368494,2026-04-26T00:00:00,2026-04-26T10:19:29,False,22.1583782041,113.5456376562,Aves,Animalia,Chordata,Aves,Passeriformes,Sturnidae,Acridotheres,Acridotheres cristatellus,,"坐标(113.5456376562, 22.1583782041)不在澳门陆地区域内，疑似位于海上"
354368763,2026-04-26T00:00:00,2026-04-26T10:19:05,False,22.1582587447,113.5448853278,Aves,Animalia,Chordata,Aves,Passeriformes,Sturnidae,Acridotheres,Acridotheres cristatellus,,"坐标(113.5448853278, 22.1582587447)不在澳门陆地区域内，疑似位于海上"
354369055,2026-04-26T00:00:00,2026-04-26T10:02:00,False,22.1584560634,113.5461939337,Aves,Animalia,Chordata,Aves,Passeriformes,Muscicapidae,Copsychus,Copsychus saularis,,"坐标(113.5461939337, 22.1584560634)不在澳门陆地区域内，疑似位于海上"
354369334,2026-04-26T00:00:00,2026-04-26T10:02:13,False,22.1583559469,113.5464077606,Aves,Animalia,Chordata,Aves,Passeriformes,Muscicapidae,Copsychus,Copsychus saularis,,"坐标(113.5464077606, 22.1583559469)不在澳门陆地区域内，疑似位于海上"
354376826,2026-04-26T00:00:00,2026-04-26T15:39:03,False,22.1621322631,113.5418548583,Plantae,Plantae,Tracheophyta,Magnoliopsida,Caryophyllales,Amaranthaceae,Amaranthus,Amaranthus viridis,,"坐标(113.5418548583, 22.1621322631)不在澳门陆地区域内，疑似位于海上"
354405249,2026-04-26T00:00:00,2026-04-26T17:00:18,False,22.1154416667,113.551055,Aves,Animalia,Chordata,Aves,Passeriformes,Pycnonotidae,Pycnonotus,Pycnonotus jocosus,,"坐标(113.551055, 22.1154416667)不在澳门陆地区域内，疑似位于海上"
354407411,2026-04-26T00:00:00,2026-04-26T09:43:34,False,22.160525,113.5477716667,Plantae,Plantae,Tracheophyta,Polypodiopsida,Gleicheniales,Gleicheniaceae,Dicranopteris,Dicranopteris linearis,,"坐标(113.5477716667, 22.160525)不在澳门陆地区域内，疑似位于海上"
354412293,2026-04-26T00:00:00,2026-04-26T16:27:00,False,22.1156703612,113.5505796988,Animalia,Animalia,Arthropoda,Malacostraca,Decapoda,Grapsidae,Metopograpsus,Metopograpsus quadridentatus,,"坐标(113.5505796988, 22.1156703612)不在澳门陆地区域内，疑似位于海上"
354419156,2026-04-26T00:00:00,2026-04-26T16:01:00,False,22.1558083333,113.54165,Plantae,Plantae,Tracheophyta,Liliopsida,Poales,Poaceae,Melinis,Melinis repens,,"坐标(113.54165, 22.1558083333)不在澳门陆地区域内，疑似位于海上"
354460588,2026-04-26T00:00:00,2026-04-26T10:43:47,False,22.1600527778,113.5471638889,Plantae,Plantae,Tracheophyta,Magnoliopsida,Lamiales,Verbenaceae,Lantana,Lantana camara,,"坐标(113.5471638889, 22.1600527778)不在澳门陆地区域内，疑似位于海上"
354478371,2026-04-26T00:00:00,2026-04-26T17:58:41,False,22.1181435316,113.551494882,Aves,Animalia,Chordata,Aves,Passeriformes,Passeridae,Passer,Passer montanus,,"坐标(113.551494882, 22.1181435316)不在澳门陆地区域内，疑似位于海上"
354480031,2026-04-26T00:00:00,2026-04-26T17:41:32,False,22.1190162989,113.5500696062,Aves,Animalia,Chordata,Aves,Passeriformes,Passeridae,Passer,Passer montanus,,"坐标(113.5500696062, 22.1190162989)不在澳门陆地区域内，疑似位于海上"
354480435,2026-04-26T00:00:00,2026-04-26T17:38:20,False,22.118708603400002,113.5499886488,Aves,Animalia,Chordata,Aves,Gruiformes,Rallidae,Amaurornis,Amaurornis phoenicurus,,"坐标(113.5499886488, 22.118708603400002)不在澳门陆地区域内，疑似位于海上"
354481310,2026-04-26T00:00:00,2026-04-26T17:35:26,False,22.1159688191,113.5506790103,Aves,Animalia,Chordata,Aves,Passeriformes,Passeridae,Passer,Passer montanus,,"坐标(113.5506790103, 22.1159688191)不在澳门陆地区域内，疑似位于海上"
354482841,2026-04-26T00:00:00,2026-04-26T17:00:17,False,22.1146909386,113.5506379723,Aves,Animalia,Chordata,Aves,Passeriformes,Pycnonotidae,Pycnonotus,Pycnonotus jocosus,,"坐标(113.5506379723, 22.1146909386)不在澳门陆地区域内，疑似位于海上"
354483173,2026-04-26T00:00:00,2026-04-26T16:45:48,False,22.1148092642,113.5501241477,Aves,Animalia,Chordata,Aves,Pelecaniformes,Ardeidae,Egretta,Egretta garzetta,,"坐标(113.5501241477, 22.1148092642)不在澳门陆地区域内，疑似位于海上"
354483236,2026-04-26T00:00:00,2026-04-26T18:40:35,False,22.1350083333,113.5521305556,Aves,Animalia,Chordata,Aves,Apodiformes,Apodidae,Apus,Apus nipalensis,,"坐标(113.5521305556, 22.1350083333)不在澳门陆地区域内，疑似位于海上"
354483551,2026-04-26T00:00:00,2026-04-26T16:52:27,False,22.1158633707,113.5506357158,Aves,Animalia,Chordata,Aves,Pelecaniformes,Ardeidae,Ardea,Ardea alba,,"坐标(113.5506357158, 22.1158633707)不在澳门陆地区域内，疑似位于海上"
354483938,2026-04-26T00:00:00,2026-04-26T09:33:15,False,22.1702027778,113.5475277778,Plantae,Plantae,Tracheophyta,Magnoliopsida,Gentianales,Rubiaceae,Mussaenda,Mussaenda parviflora,,"坐标(113.5475277778, 22.1702027778)不在澳门陆地区域内，疑似位于海上"
354484284,2026-04-26T00:00:00,2026-04-26T16:41:44,False,22.1155714414,113.5505243529,Aves,Animalia,Chordata,Aves,Pelecaniformes,Ardeidae,Egretta,Egretta garzetta,,"坐标(113.5505243529, 22.1155714414)不在澳门陆地区域内，疑似位于海上"
354485394,2026-04-26T00:00:00,2026-04-26T16:40:29,False,22.1163320717,113.5507115734,Animalia,Animalia,Arthropoda,Malacostraca,Decapoda,Grapsidae,Metopograpsus,Metopograpsus quadridentatus,,"坐标(113.5507115734, 22.1163320717)不在澳门陆地区域内，疑似位于海上"
354485821,2026-04-26T00:00:00,2026-04-26T16:41:38,False,22.1163796156,113.5507614416,Aves,Animalia,Chordata,Aves,Pelecaniformes,Ardeidae,Egretta,Egretta garzetta,,"坐标(113.5507614416, 22.1163796156)不在澳门陆地区域内，疑似位于海上"
354487325,2026-04-26T00:00:00,2026-04-26T16:39:23,False,22.1166559635,113.5508545282,Aves,Animalia,Chordata,Aves,Pelecaniformes,Ardeidae,Egretta,Egretta garzetta,,"坐标(113.5508545282, 22.1166559635)不在澳门陆地区域内，疑似位于海上"
354490981,2026-04-26T00:00:00,2026-04-26T16:29:43,False,22.118926502,113.5493899797,Animalia,Animalia,Arthropoda,Malacostraca,Decapoda,Grapsidae,Metopograpsus,Metopograpsus quadridentatus,,"坐标(113.5493899797, 22.118926502)不在澳门陆地区域内，疑似位于海上"
354492096,2026-04-26T00:00:00,2026-04-26T17:17:52,False,22.1180146906,113.5515896663,Insecta,Animalia,Arthropoda,Insecta,Hymenoptera,Apidae,Apis,Apis cerana,,"坐标(113.5515896663, 22.1180146906)不在澳门陆地区域内，疑似位于海上"
354531492,2026-04-26T00:00:00,2026-04-26T16:39:30,False,22.1158,113.5506366667,Aves,Animalia,Chordata,Aves,Pelecaniformes,Ardeidae,Egretta,Egretta garzetta,,"坐标(113.5506366667, 22.1158)不在澳门陆地区域内，疑似位于海上"
354539184,2026-04-26T00:00:00,2026-04-26T18:42:22,False,22.1865231363,113.5574006309,Aves,Animalia,Chordata,Aves,Passeriformes,Sturnidae,Acridotheres,Acridotheres cristatellus,,"坐标(113.5574006309, 22.1865231363)不在澳门陆地区域内，疑似位于海上"
354539570,2026-04-26T00:00:00,2026-04-26T18:49:36,False,22.186419654,113.5569885579,Aves,Animalia,Chordata,Aves,Passeriformes,Hirundinidae,Hirundo,Hirundo rustica,,"坐标(113.5569885579, 22.186419654)不在澳门陆地区域内，疑似位于海上"
354575634,2026-04-27T00:00:00,2026-04-27T00:30:22,False,22.1853578682,113.5300188884,Plantae,Plantae,Tracheophyta,Liliopsida,Poales,Poaceae,Cynodon,Cynodon dactylon,,"坐标(113.5300188884, 22.1853578682)不在澳门陆地区域内，疑似位于海上"
354862319,2026-04-26T00:00:00,2026-04-26T17:02:18,False,22.1158916667,113.5512916667,Plantae,Plantae,Tracheophyta,Magnoliopsida,Caryophyllales,Portulacaceae,Portulaca,Portulaca oleracea,,"坐标(113.5512916667, 22.1158916667)不在澳门陆地区域内，疑似位于海上"
354862514,2026-04-26T00:00:00,2026-04-26T17:02:15,False,22.1158916667,113.5512916667,Plantae,Plantae,Tracheophyta,Magnoliopsida,Gentianales,Rubiaceae,Oldenlandia,Oldenlandia corymbosa,,"坐标(113.5512916667, 22.1158916667)不在澳门陆地区域内，疑似位于海上"
354863072,2026-04-26T00:00:00,2026-04-26T16:55:45,False,22.1151833333,113.55085,Plantae,Plantae,Tracheophyta,Magnoliopsida,Asterales,Asteraceae,Emilia,Emilia sonchifolia,,"坐标(113.55085, 22.1151833333)不在澳门陆地区域内，疑似位于海上"
354863147,2026-04-26T00:00:00,2026-04-26T16:55:40,False,22.1151916667,113.55085,Plantae,Plantae,Tracheophyta,Liliopsida,Poales,Poaceae,Digitaria,Digitaria radicosa,,"坐标(113.55085, 22.1151916667)不在澳门陆地区域内，疑似位于海上"
354868444,2026-04-27T00:00:00,2026-04-27T07:56:17,False,22.1857959838,113.5310179827,Plantae,Plantae,Tracheophyta,Magnoliopsida,Rosales,Urticaceae,Pilea,Pilea microphylla,,"坐标(113.5310179827, 22.1857959838)不在澳门陆地区域内，疑似位于海上"
354871358,2026-04-27T00:00:00,2026-04-27T08:03:52,False,22.1838389271,113.5307970164,Plantae,Plantae,Tracheophyta,Magnoliopsida,Rosales,Urticaceae,Pilea,Pilea microphylla,,"坐标(113.5307970164, 22.1838389271)不在澳门陆地区域内，疑似位于海上"
354878087,2026-04-27T00:00:00,2026-04-27T08:14:47,False,22.1814425103,113.5317575284,Plantae,Plantae,Tracheophyta,Magnoliopsida,Asterales,Asteraceae,Cyanthillium,Cyanthillium cinereum,,"坐标(113.5317575284, 22.1814425103)不在澳门陆地区域内，疑似位于海上"
354878894,2026-04-27T00:00:00,2026-04-27T08:16:10,False,22.1818744146,113.5315626379,Plantae,Plantae,Tracheophyta,Liliopsida,Poales,Poaceae,Digitaria,Digitaria radicosa,,"坐标(113.5315626379, 22.1818744146)不在澳门陆地区域内，疑似位于海上"
354879794,2026-04-27T00:00:00,2026-04-27T08:17:48,False,22.1814696933,113.5313169234,Plantae,Plantae,Tracheophyta,Liliopsida,Poales,Poaceae,Digitaria,Digitaria radicosa,,"坐标(113.5313169234, 22.1814696933)不在澳门陆地区域内，疑似位于海上"
354881935,2026-04-27T00:00:00,2026-04-27T08:21:05,False,22.1806458011,113.532776367,Plantae,Plantae,Tracheophyta,Magnoliopsida,Gentianales,Rubiaceae,Oldenlandia,Oldenlandia corymbosa,,"坐标(113.532776367, 22.1806458011)不在澳门陆地区域内，疑似位于海上"
354882304,2026-04-27T00:00:00,2026-04-27T08:21:40,False,22.1805127871,113.5330062856,Plantae,Plantae,Tracheophyta,Magnoliopsida,Gentianales,Rubiaceae,Oldenlandia,Oldenlandia corymbosa,,"坐标(113.5330062856, 22.1805127871)不在澳门陆地区域内，疑似位于海上"
354884347,2026-04-27T00:00:00,2026-04-27T08:25:03,False,22.1802812976,113.5345168166,Plantae,Plantae,Tracheophyta,Magnoliopsida,Rosales,Urticaceae,Pilea,Pilea microphylla,,"坐标(113.5345168166, 22.1802812976)不在澳门陆地区域内，疑似位于海上"
354884537,2026-04-27T00:00:00,2026-04-27T08:25:20,False,22.1803352166,113.5345512698,Plantae,Plantae,Tracheophyta,Magnoliopsida,Oxalidales,Oxalidaceae,Oxalis,Oxalis corniculata,,"坐标(113.5345512698, 22.1803352166)不在澳门陆地区域内，疑似位于海上"
354884885,2026-04-27T00:00:00,2026-04-27T08:26:02,False,22.1803321707,113.5349550731,Plantae,Plantae,Tracheophyta,Magnoliopsida,Malpighiales,Euphorbiaceae,Euphorbia,Euphorbia hirta,,"坐标(113.5349550731, 22.1803321707)不在澳门陆地区域内，疑似位于海上"
354885181,2026-04-27T00:00:00,2026-04-27T08:26:29,False,22.1803739506,113.5348509631,Plantae,Plantae,Tracheophyta,Magnoliopsida,Asterales,Asteraceae,Emilia,Emilia sonchifolia,,"坐标(113.5348509631, 22.1803739506)不在澳门陆地区域内，疑似位于海上"
354885354,2026-04-27T00:00:00,2026-04-27T08:26:50,False,22.1800988142,113.5346063175,Plantae,Plantae,Tracheophyta,Magnoliopsida,Rosales,Moraceae,Ficus,Ficus subpisocarpa,,"坐标(113.5346063175, 22.1800988142)不在澳门陆地区域内，疑似位于海上"
354891600,2026-04-27T00:00:00,2026-04-27T08:36:49,False,22.1821878408,113.5381183843,Plantae,Plantae,Tracheophyta,Liliopsida,Poales,Poaceae,Eragrostis,Eragrostis tenella,,"坐标(113.5381183843, 22.1821878408)不在澳门陆地区域内，疑似位于海上"
354892420,2026-04-27T00:00:00,2026-04-27T08:38:04,False,22.1823088546,113.5373093003,Plantae,Plantae,Tracheophyta,Liliopsida,Poales,Poaceae,Digitaria,Digitaria radicosa,,"坐标(113.5373093003, 22.1823088546)不在澳门陆地区域内，疑似位于海上"
354954302,2026-04-26T00:00:00,2026-04-26T17:09:09,False,22.1831062603,113.5305154979,Plantae,Plantae,Tracheophyta,Magnoliopsida,Sapindales,Rutaceae,Clausena,Clausena lansium,,"坐标(113.5305154979, 22.1831062603)不在澳门陆地区域内，疑似位于海上"
355001106,2026-04-26T00:00:00,2026-04-26T15:33:56,False,22.1571828333,113.5421,Aves,Animalia,Chordata,Aves,Passeriformes,Muscicapidae,Copsychus,Copsychus saularis,,"坐标(113.5421, 22.1571828333)不在澳门陆地区域内，疑似位于海上"
355048874,2026-04-26T00:00:00,2026-04-26T15:20:10,False,22.1579283333,113.5416783333,Aves,Animalia,Chordata,Aves,Passeriformes,Sturnidae,Gracupica,Gracupica nigricollis,,"坐标(113.5416783333, 22.1579283333)不在澳门陆地区域内，疑似位于海上"
355051200,2026-04-26T00:00:00,2026-04-26T15:39:36,False,22.1573808333,113.5420733333,Insecta,Animalia,Arthropoda,Insecta,Lepidoptera,Pieridae,Catopsilia,Catopsilia pyranthe,,"坐标(113.5420733333, 22.1573808333)不在澳门陆地区域内，疑似位于海上"
355051334,2026-04-26T00:00:00,2026-04-26T15:33:56,False,22.1571828333,113.5421,Aves,Animalia,Chordata,Aves,Passeriformes,Muscicapidae,Copsychus,Copsychus saularis,,"坐标(113.5421, 22.1571828333)不在澳门陆地区域内，疑似位于海上"
355051445,2026-04-26T00:00:00,2026-04-26T15:32:57,False,22.1570841667,113.54209,Aves,Animalia,Chordata,Aves,Passeriformes,Pycnonotidae,Pycnonotus,Pycnonotus jocosus,,"坐标(113.54209, 22.1570841667)不在澳门陆地区域内，疑似位于海上"
355056391,2026-04-26T00:00:00,2026-04-26T15:39:36,False,22.1573808333,113.5420733333,Insecta,Animalia,Arthropoda,Insecta,Lepidoptera,Pieridae,Catopsilia,Catopsilia pyranthe,,"坐标(113.5420733333, 22.1573808333)不在澳门陆地区域内，疑似位于海上"
355056908,2026-04-25T00:00:00,2026-04-25T15:28:00,False,22.1869533333,113.5578,Plantae,Plantae,Tracheophyta,Magnoliopsida,Asterales,Asteraceae,Tridax,Tridax procumbens,,"坐标(113.5578, 22.1869533333)不在澳门陆地区域内，疑似位于海上"
355064529,2026-04-27T00:00:00,2026-04-27T13:43:00,False,22.1596792502,113.5412383574,Insecta,Animalia,Arthropoda,Insecta,Lepidoptera,Lasiocampidae,Trabala,Trabala vishnou,,"坐标(113.5412383574, 22.1596792502)不在澳门陆地区域内，疑似位于海上"
355117456,2026-04-25T00:00:00,2026-04-25T18:14:05,False,22.1578083333,113.5413133333,Aves,Animalia,Chordata,Aves,Passeriformes,Passeridae,Passer,Passer montanus,,"坐标(113.5413133333, 22.1578083333)不在澳门陆地区域内，疑似位于海上"
355119079,2026-04-26T00:00:00,2026-04-26T15:38:35,False,22.1573695,113.5420666667,Aves,Animalia,Chordata,Aves,Passeriformes,Zosteropidae,Zosterops,Zosterops simplex,,"坐标(113.5420666667, 22.1573695)不在澳门陆地区域内，疑似位于海上"
355141316,2026-04-25T00:00:00,2026-04-25T00:17:00,False,22.1867906092,113.5573576391,Plantae,Plantae,Tracheophyta,Magnoliopsida,Asterales,Asteraceae,Tridax,Tridax procumbens,,"坐标(113.5573576391, 22.1867906092)不在澳门陆地区域内，疑似位于海上"
355143220,2026-04-25T00:00:00,2026-04-25T00:11:00,False,22.1867983705,113.5572044179,Plantae,Plantae,Tracheophyta,Polypodiopsida,Polypodiales,Pteridaceae,Pteris,Pteris vittata,,"坐标(113.5572044179, 22.1867983705)不在澳门陆地区域内，疑似位于海上"
355145634,2026-04-25T00:00:00,2026-04-25T15:09:00,False,22.1867620477,113.5560091585,Plantae,Plantae,Tracheophyta,Magnoliopsida,Malpighiales,Euphorbiaceae,Euphorbia,Euphorbia hirta,,"坐标(113.5560091585, 22.1867620477)不在澳门陆地区域内，疑似位于海上"
355147155,2026-04-25T00:00:00,2026-04-25T15:06:00,False,22.1862001292,113.5576657578,Plantae,Plantae,Tracheophyta,Magnoliopsida,Gentianales,Rubiaceae,Richardia,Richardia brasiliensis,,"坐标(113.5576657578, 22.1862001292)不在澳门陆地区域内，疑似位于海上"
355147536,2026-04-25T00:00:00,2026-04-25T13:06:00,False,22.1856295158,113.5570790246,Plantae,Plantae,Tracheophyta,Magnoliopsida,Asterales,Asteraceae,Emilia,Emilia sonchifolia,,"坐标(113.5570790246, 22.1856295158)不在澳门陆地区域内，疑似位于海上"
355149587,2026-04-27T00:00:00,2026-04-27T16:44:25,False,22.1590055,113.5450283333,Aves,Animalia,Chordata,Aves,Passeriformes,Muscicapidae,Muscicapa,Muscicapa dauurica,,"坐标(113.5450283333, 22.1590055)不在澳门陆地区域内，疑似位于海上"
355149688,2026-04-27T00:00:00,2026-04-27T16:34:14,False,22.1596166667,113.5459283333,Aves,Animalia,Chordata,Aves,Passeriformes,Campephagidae,Lalage,Lalage melaschistos,,"坐标(113.5459283333, 22.1596166667)不在澳门陆地区域内，疑似位于海上"
355150019,2026-04-27T00:00:00,2026-04-27T16:52:49,False,22.1587395717,113.5444571607,Aves,Animalia,Chordata,Aves,Passeriformes,Leiothrichidae,Pterorhinus,Pterorhinus perspicillatus,,"坐标(113.5444571607, 22.1587395717)不在澳门陆地区域内，疑似位于海上"
355163303,2026-04-27T00:00:00,2026-04-27T17:15:12,False,22.1608354874,113.5409371562,Aves,Animalia,Chordata,Aves,Columbiformes,Columbidae,Spilopelia,Spilopelia chinensis,Spilopelia chinensis chinensis,"坐标(113.5409371562, 22.1608354874)不在澳门陆地区域内，疑似位于海上"
355167618,2026-04-24T00:00:00,2026-04-24T15:39:00,False,22.1869033333,113.5577966667,Plantae,Plantae,Tracheophyta,Magnoliopsida,Asterales,Asteraceae,Tridax,Tridax procumbens,,"坐标(113.5577966667, 22.1869033333)不在澳门陆地区域内，疑似位于海上"
355167989,2026-04-24T00:00:00,2026-04-24T15:41:00,False,22.1864416667,113.5574883333,Plantae,Plantae,Tracheophyta,Liliopsida,Acorales,Acoraceae,Acorus,Acorus gramineus,,"坐标(113.5574883333, 22.1864416667)不在澳门陆地区域内，疑似位于海上"
355168072,2026-04-24T00:00:00,2026-04-24T15:42:00,False,22.1861966667,113.55763,Plantae,Plantae,Tracheophyta,Magnoliopsida,Gentianales,Rubiaceae,Oldenlandia,Oldenlandia corymbosa,,"坐标(113.55763, 22.1861966667)不在澳门陆地区域内，疑似位于海上"
355170017,2026-04-26T00:00:00,2026-04-26T09:40:06,False,22.1687666667,113.5492866667,Fungi,Fungi,Basidiomycota,Agaricomycetes,Agaricales,Entolomataceae,Clitopilus,Clitopilus crispus,,"坐标(113.5492866667, 22.1687666667)不在澳门陆地区域内，疑似位于海上"
355172896,2026-04-27T00:00:00,2026-04-27T17:29:09,False,22.1868625,113.5566677,Plantae,Plantae,Tracheophyta,Magnoliopsida,Oxalidales,Oxalidaceae,Oxalis,Oxalis corniculata,,"坐标(113.5566677, 22.1868625)不在澳门陆地区域内，疑似位于海上"
355173099,2026-04-27T00:00:00,2026-04-27T17:30:00,False,22.163779923,113.5406414419,Plantae,Plantae,Tracheophyta,Magnoliopsida,Malpighiales,Rhizophoraceae,Kandelia,Kandelia obovata,,"坐标(113.5406414419, 22.163779923)不在澳门陆地区域内，疑似位于海上"
355174496,2026-04-26T00:00:00,2026-04-26T16:37:02,False,22.1513423459,113.5493030878,Plantae,Plantae,Tracheophyta,Magnoliopsida,Lamiales,Acanthaceae,Avicennia,Avicennia marina,,"坐标(113.5493030878, 22.1513423459)不在澳门陆地区域内，疑似位于海上"
355177932,2026-04-27T00:00:00,2026-04-27T17:40:06,False,22.16466203,113.54035545,Plantae,Plantae,Tracheophyta,Magnoliopsida,Lamiales,Acanthaceae,Avicennia,Avicennia marina,,"坐标(113.54035545, 22.16466203)不在澳门陆地区域内，疑似位于海上"
355178031,2026-04-26T00:00:00,2026-04-26T15:02:00,False,22.1861542622,113.5562020262,Mollusca,Animalia,Mollusca,Gastropoda,Stylommatophora,Camaenidae,Bradybaena,Bradybaena similaris,,"坐标(113.5562020262, 22.1861542622)不在澳门陆地区域内，疑似位于海上"
355178170,2026-04-27T00:00:00,2026-04-27T17:21:25,False,22.1629944444,113.5408861111,Aves,Animalia,Chordata,Aves,Passeriformes,Pycnonotidae,Pycnonotus,Pycnonotus sinensis,,"坐标(113.5408861111, 22.1629944444)不在澳门陆地区域内，疑似位于海上"
355179607,2026-04-27T00:00:00,2026-04-27T17:29:49,False,22.1865133333,113.5560833333,Plantae,Plantae,Tracheophyta,Magnoliopsida,Malpighiales,Euphorbiaceae,Euphorbia,Euphorbia hirta,,"坐标(113.5560833333, 22.1865133333)不在澳门陆地区域内，疑似位于海上"
355185857,2026-04-26T00:00:00,2026-04-26T10:51:41,False,22.1603361667,113.5477,Plantae,Plantae,Tracheophyta,Magnoliopsida,Laurales,Lauraceae,Litsea,Litsea glutinosa,,"坐标(113.5477, 22.1603361667)不在澳门陆地区域内，疑似位于海上"
355185961,2026-04-26T00:00:00,2026-04-26T10:55:54,False,22.1602471667,113.54757,Plantae,Plantae,Tracheophyta,Magnoliopsida,Malpighiales,Euphorbiaceae,Triadica,Triadica cochinchinensis,,"坐标(113.54757, 22.1602471667)不在澳门陆地区域内，疑似位于海上"
355192186,2026-04-27T00:00:00,2026-04-27T18:08:06,False,22.1868769371,113.5566742471,Aves,Animalia,Chordata,Aves,Passeriformes,Sturnidae,Acridotheres,Acridotheres cristatellus,,"坐标(113.5566742471, 22.1868769371)不在澳门陆地区域内，疑似位于海上"
355199398,2026-04-26T00:00:00,2026-04-26T10:51:13,False,22.1383768879,113.5522273434,Aves,Animalia,Chordata,Aves,Passeriformes,Sturnidae,Gracupica,Gracupica nigricollis,,"坐标(113.5522273434, 22.1383768879)不在澳门陆地区域内，疑似位于海上"
355202537,2026-04-26T00:00:00,2026-04-26T10:46:47,False,22.1606361667,113.5477216667,Plantae,Plantae,Tracheophyta,Magnoliopsida,Oxalidales,Oxalidaceae,Oxalis,Oxalis debilis,,"坐标(113.5477216667, 22.1606361667)不在澳门陆地区域内，疑似位于海上"
355202684,2026-04-26T00:00:00,2026-04-26T10:48:16,False,22.1605111667,113.5477666667,Plantae,Plantae,Tracheophyta,Magnoliopsida,Gentianales,Gentianaceae,Fagraea,Fagraea ceilanica,,"坐标(113.5477666667, 22.1605111667)不在澳门陆地区域内，疑似位于海上"
355202843,2026-04-26T00:00:00,2026-04-26T10:58:39,False,22.1601,113.54715,Plantae,Plantae,Tracheophyta,Magnoliopsida,Sapindales,Simaroubaceae,Brucea,Brucea javanica,,"坐标(113.54715, 22.1601)不在澳门陆地区域内，疑似位于海上"
355203134,2026-04-26T00:00:00,2026-04-26T10:59:19,False,22.1601305,113.5470716667,Plantae,Plantae,Tracheophyta,Magnoliopsida,Rosales,Moraceae,Ficus,Ficus subpisocarpa,,"坐标(113.5470716667, 22.1601305)不在澳门陆地区域内，疑似位于海上"
355225383,2026-04-27T00:00:00,2026-04-27T18:20:36,False,22.1616527778,113.5399277778,Plantae,Plantae,Tracheophyta,Magnoliopsida,Malpighiales,Euphorbiaceae,Jatropha,Jatropha integerrima,,"坐标(113.5399277778, 22.1616527778)不在澳门陆地区域内，疑似位于海上"
355237261,2026-04-27T00:00:00,2026-04-27T18:06:49,False,22.1620444444,113.5399055556,Plantae,Plantae,Tracheophyta,Magnoliopsida,Lamiales,Bignoniaceae,Handroanthus,Handroanthus chrysotrichus,,"坐标(113.5399055556, 22.1620444444)不在澳门陆地区域内，疑似位于海上"
355237879,2026-04-27T00:00:00,2026-04-27T18:36:23,False,22.1641777778,113.5403111111,Insecta,Animalia,Arthropoda,Insecta,Hymenoptera,Formicidae,Solenopsis,Solenopsis invicta,,"坐标(113.5403111111, 22.1641777778)不在澳门陆地区域内，疑似位于海上"
355239853,2026-04-27T00:00:00,2026-04-27T17:49:55,False,22.1658944444,113.5399805556,Plantae,Plantae,Tracheophyta,Magnoliopsida,Malpighiales,Phyllanthaceae,Phyllanthus,Phyllanthus urinaria,,"坐标(113.5399805556, 22.1658944444)不在澳门陆地区域内，疑似位于海上"
355240408,2026-04-27T00:00:00,2026-04-27T17:10:34,False,22.1595498916,113.5414058289,Plantae,Plantae,Tracheophyta,Magnoliopsida,Rosales,Moraceae,Ficus,Ficus microcarpa,,"坐标(113.5414058289, 22.1595498916)不在澳门陆地区域内，疑似位于海上"
355240686,2026-04-27T00:00:00,2026-04-27T17:16:17,False,22.1611362045,113.5408315209,Aves,Animalia,Chordata,Aves,Passeriformes,Pycnonotidae,Pycnonotus,Pycnonotus jocosus,,"坐标(113.5408315209, 22.1611362045)不在澳门陆地区域内，疑似位于海上"
355241449,2026-04-27T00:00:00,2026-04-27T17:21:51,False,22.162925,113.5407444444,Aves,Animalia,Chordata,Aves,Passeriformes,Pycnonotidae,Pycnonotus,Pycnonotus sinensis,,"坐标(113.5407444444, 22.162925)不在澳门陆地区域内，疑似位于海上"
355241520,2026-04-27T00:00:00,2026-04-27T19:44:10,False,22.1646950857,113.5476993833,Aves,Animalia,Chordata,Aves,Passeriformes,Sturnidae,Acridotheres,Acridotheres cristatellus,,"坐标(113.5476993833, 22.1646950857)不在澳门陆地区域内，疑似位于海上"
355247312,2026-04-27T00:00:00,2026-04-27T19:55:00,False,22.1529945219,113.5453966632,Aves,Animalia,Chordata,Aves,Pelecaniformes,Ardeidae,Egretta,Egretta garzetta,,"坐标(113.5453966632, 22.1529945219)不在澳门陆地区域内，疑似位于海上"
355247476,2026-04-27T00:00:00,2026-04-27T18:06:34,False,22.1619527778,113.5398361111,Plantae,Plantae,Tracheophyta,Magnoliopsida,Sapindales,Burseraceae,Canarium,Canarium subulatum,,"坐标(113.5398361111, 22.1619527778)不在澳门陆地区域内，疑似位于海上"
355247959,2026-04-27T00:00:00,2026-04-27T17:21:52,False,22.1594528333,113.5415366667,Plantae,Plantae,Tracheophyta,Magnoliopsida,Malvales,Malvaceae,Bombax,Bombax ceiba,,"坐标(113.5415366667, 22.1594528333)不在澳门陆地区域内，疑似位于海上"
355249474,2026-04-26T00:00:00,2026-04-26T10:34:10,False,22.1374584786,113.5525178854,Plantae,Plantae,Tracheophyta,Liliopsida,Dioscoreales,Dioscoreaceae,Dioscorea,Dioscorea bulbifera,,"坐标(113.5525178854, 22.1374584786)不在澳门陆地区域内，疑似位于海上"
355249964,2026-04-26T00:00:00,2026-04-26T10:26:22,False,22.1382941014,113.5520688746,Plantae,Plantae,Tracheophyta,Magnoliopsida,Malvales,Malvaceae,Hibiscus,Hibiscus tiliaceus,,"坐标(113.5520688746, 22.1382941014)不在澳门陆地区域内，疑似位于海上"
355252189,2026-04-27T00:00:00,2026-04-27T17:48:29,False,22.1626125604,113.5461721671,Plantae,Plantae,Tracheophyta,Magnoliopsida,Fabales,Fabaceae,Delonix,Delonix regia,,"坐标(113.5461721671, 22.1626125604)不在澳门陆地区域内，疑似位于海上"
355252933,2026-04-26T00:00:00,2026-04-26T10:05:02,False,22.1385682303,113.5522051976,Plantae,Plantae,Tracheophyta,Magnoliopsida,Fabales,Fabaceae,Leucaena,Leucaena leucocephala,,"坐标(113.5522051976, 22.1385682303)不在澳门陆地区域内，疑似位于海上"
355253177,2026-04-26T00:00:00,2026-04-26T09:56:32,False,22.1368048611,113.5522373677,Plantae,Plantae,Tracheophyta,Magnoliopsida,Boraginales,Boraginaceae,Ehretia,Ehretia microphylla,,"坐标(113.5522373677, 22.1368048611)不在澳门陆地区域内，疑似位于海上"
355253525,2026-04-27T00:00:00,2026-04-27T17:58:00,False,22.1615793193,113.5467442866,Plantae,Plantae,Tracheophyta,Magnoliopsida,Laurales,Lauraceae,Litsea,Litsea glutinosa,,"坐标(113.5467442866, 22.1615793193)不在澳门陆地区域内，疑似位于海上"
355253564,2026-04-25T00:00:00,2026-04-25T15:06:00,False,22.1861703135,113.5562320334,Plantae,Plantae,Tracheophyta,Magnoliopsida,Malpighiales,Euphorbiaceae,Euphorbia,Euphorbia hirta,,"坐标(113.5562320334, 22.1861703135)不在澳门陆地区域内，疑似位于海上"
355253840,2026-04-27T00:00:00,2026-04-27T17:58:20,False,22.1603605439,113.5454425492,Plantae,Plantae,Tracheophyta,Magnoliopsida,Sapindales,Rutaceae,Murraya,Murraya paniculata,,"坐标(113.5454425492, 22.1603605439)不在澳门陆地区域内，疑似位于海上"
355255397,2026-04-27T00:00:00,2026-04-27T11:23:00,False,22.1863527778,113.5570611111,Aves,Animalia,Chordata,Aves,Passeriformes,Pycnonotidae,Pycnonotus,Pycnonotus sinensis,,"坐标(113.5570611111, 22.1863527778)不在澳门陆地区域内，疑似位于海上"
355255411,2026-04-27T00:00:00,2026-04-27T11:36:00,False,22.186725,113.5569916667,Insecta,Animalia,Arthropoda,Insecta,Hymenoptera,Apidae,Apis,Apis cerana,,"坐标(113.5569916667, 22.186725)不在澳门陆地区域内，疑似位于海上"
355255519,2026-04-27T00:00:00,2026-04-27T12:16:00,False,22.1878,113.558175,Animalia,Animalia,Arthropoda,Hexanauplia,Balanomorpha,Balanidae,Amphibalanus,Amphibalanus amphitrite,,"坐标(113.558175, 22.1878)不在澳门陆地区域内，疑似位于海上"
355255521,2026-04-27T00:00:00,2026-04-27T12:20:00,False,22.1875027778,113.5578305556,Aves,Animalia,Chordata,Aves,Passeriformes,Passeridae,Passer,Passer montanus,,"坐标(113.5578305556, 22.1875027778)不在澳门陆地区域内，疑似位于海上"
355255528,2026-04-27T00:00:00,2026-04-27T12:21:00,False,22.1875833333,113.5577777778,Aves,Animalia,Chordata,Aves,Passeriformes,Sturnidae,Gracupica,Gracupica nigricollis,,"坐标(113.5577777778, 22.1875833333)不在澳门陆地区域内，疑似位于海上"
355255564,2026-04-27T00:00:00,2026-04-27T12:32:00,False,22.18655,113.5564027778,Insecta,Animalia,Arthropoda,Insecta,Lepidoptera,Crambidae,Diasemia,Diasemia accalis,,"坐标(113.5564027778, 22.18655)不在澳门陆地区域内，疑似位于海上"
355255568,2026-04-27T00:00:00,2026-04-27T12:36:00,False,22.1865166667,113.5568777778,Plantae,Plantae,Tracheophyta,Magnoliopsida,Asterales,Campanulaceae,Lobelia,Lobelia chinensis,,"坐标(113.5568777778, 22.1865166667)不在澳门陆地区域内，疑似位于海上"
355255570,2026-04-27T00:00:00,2026-04-27T12:36:00,False,22.1865305556,113.5568861111,Insecta,Animalia,Arthropoda,Insecta,Hymenoptera,Apidae,Apis,Apis cerana,,"坐标(113.5568861111, 22.1865305556)不在澳门陆地区域内，疑似位于海上"
355261635,2026-04-25T00:00:00,2026-04-25T11:08:00,False,22.186655,113.5562666667,Plantae,Plantae,Tracheophyta,Magnoliopsida,Malpighiales,Euphorbiaceae,Euphorbia,Euphorbia hirta,,"坐标(113.5562666667, 22.186655)不在澳门陆地区域内，疑似位于海上"
355262131,2026-04-27T00:00:00,2026-04-27T11:04:00,False,22.18622,113.55658,Plantae,Plantae,Tracheophyta,Magnoliopsida,Malpighiales,Euphorbiaceae,Euphorbia,Euphorbia thymifolia,,"坐标(113.55658, 22.18622)不在澳门陆地区域内，疑似位于海上"
355262400,2026-04-26T00:00:00,2026-04-26T16:24:31,False,22.18563,113.55648,Plantae,Plantae,Tracheophyta,Magnoliopsida,Malpighiales,Euphorbiaceae,Euphorbia,Euphorbia thymifolia,,"坐标(113.55648, 22.18563)不在澳门陆地区域内，疑似位于海上"
355262499,2026-04-27T00:00:00,2026-04-27T11:03:00,False,22.1862283333,113.5565716667,Plantae,Plantae,Tracheophyta,Magnoliopsida,Gentianales,Rubiaceae,Oldenlandia,Oldenlandia corymbosa,,"坐标(113.5565716667, 22.1862283333)不在澳门陆地区域内，疑似位于海上"
355262838,2026-04-25T00:00:00,2026-04-25T11:03:00,False,22.186245,113.556555,Plantae,Plantae,Tracheophyta,Polypodiopsida,Polypodiales,Pteridaceae,Pteris,Pteris vittata,,"坐标(113.556555, 22.186245)不在澳门陆地区域内，疑似位于海上"
355277567,2026-04-27T00:00:00,2026-04-27T18:27:17,False,22.16445,113.5393888889,Plantae,Plantae,Tracheophyta,Liliopsida,Poales,Cyperaceae,Bolboschoenus,Bolboschoenus planiculmis,,"坐标(113.5393888889, 22.16445)不在澳门陆地区域内，疑似位于海上"
355280224,2026-04-26T00:00:00,2026-04-26T16:19:20,False,22.186925,113.5577916667,Plantae,Plantae,Tracheophyta,Magnoliopsida,Rosales,Moraceae,Ficus,Ficus religiosa,,"坐标(113.5577916667, 22.186925)不在澳门陆地区域内，疑似位于海上"
355281983,2026-04-27T00:00:00,2026-04-27T17:59:04,False,22.1631388889,113.5399027778,Plantae,Plantae,Tracheophyta,Magnoliopsida,Lamiales,Lamiaceae,Rotheca,Rotheca myricoides,,"坐标(113.5399027778, 22.1631388889)不在澳门陆地区域内，疑似位于海上"
355282710,2026-04-26T00:00:00,,False,22.1608332251,113.5469442979,Insecta,Animalia,Arthropoda,Insecta,Diptera,Calliphoridae,Chrysomya,Chrysomya rufifacies,,"坐标(113.5469442979, 22.1608332251)不在澳门陆地区域内，疑似位于海上"
355287529,2026-04-26T00:00:00,2026-04-26T14:56:00,False,22.114067068,113.5560163195,Fungi,Fungi,Ascomycota,Lecanoromycetes,Lecanorales,Parmeliaceae,Flavoparmelia,Flavoparmelia caperata,,"坐标(113.5560163195, 22.114067068)不在澳门陆地区域内，疑似位于海上"
355288281,2026-04-24T00:00:00,2026-04-24T15:14:00,False,22.18702,113.5566716667,Plantae,Plantae,Tracheophyta,Magnoliopsida,Oxalidales,Oxalidaceae,Oxalis,Oxalis corniculata,,"坐标(113.5566716667, 22.18702)不在澳门陆地区域内，疑似位于海上"
355288652,2026-04-26T00:00:00,2026-04-26T16:15:54,False,22.1872633333,113.55797,Plantae,Plantae,Tracheophyta,Magnoliopsida,Asterales,Asteraceae,Tridax,Tridax procumbens,,"坐标(113.55797, 22.1872633333)不在澳门陆地区域内，疑似位于海上"
355290156,2026-04-26T00:00:00,,False,22.1608332251,113.5469442979,Insecta,Animalia,Arthropoda,Insecta,Hymenoptera,Vespidae,Vespa,Vespa affinis,,"坐标(113.5469442979, 22.1608332251)不在澳门陆地区域内，疑似位于海上"
355292708,2026-04-26T00:00:00,,False,22.1860645934,113.5568421,Plantae,Plantae,Tracheophyta,Magnoliopsida,Oxalidales,Oxalidaceae,Oxalis,Oxalis debilis,,"坐标(113.5568421, 22.1860645934)不在澳门陆地区域内，疑似位于海上"
355293521,2026-04-24T00:00:00,2026-04-24T15:28:00,False,22.1869533333,113.5578,Plantae,Plantae,Tracheophyta,Magnoliopsida,Oxalidales,Oxalidaceae,Oxalis,Oxalis corniculata,,"坐标(113.5578, 22.1869533333)不在澳门陆地区域内，疑似位于海上"
355293881,2026-04-27T00:00:00,2026-04-27T21:04:17,False,22.1860645934,113.5568421,Plantae,Plantae,Tracheophyta,Magnoliopsida,Oxalidales,Oxalidaceae,Oxalis,Oxalis corniculata,,"坐标(113.5568421, 22.1860645934)不在澳门陆地区域内，疑似位于海上"
355296286,2026-04-27T00:00:00,2026-04-27T21:04:20,False,22.1632361667,113.54193,Aves,Animalia,Chordata,Aves,Charadriiformes,Recurvirostridae,Himantopus,Himantopus himantopus,,"坐标(113.54193, 22.1632361667)不在澳门陆地区域内，疑似位于海上"
355296300,2026-04-27T00:00:00,2026-04-27T21:05:02,False,22.1631577276,113.5418607785,Aves,Animalia,Chordata,Aves,Charadriiformes,Recurvirostridae,Himantopus,Himantopus himantopus,,"坐标(113.5418607785, 22.1631577276)不在澳门陆地区域内，疑似位于海上"
355296975,2026-04-24T00:00:00,2026-04-24T15:28:00,False,22.1869533333,113.5578,Plantae,Plantae,Tracheophyta,Magnoliopsida,Asterales,Asteraceae,Tridax,Tridax procumbens,,"坐标(113.5578, 22.1869533333)不在澳门陆地区域内，疑似位于海上"
355306033,2026-04-25T00:00:00,2026-04-25T19:58:59,False,22.1841797902,113.5327437998,Insecta,Animalia,Arthropoda,Insecta,Coleoptera,Tenebrionidae,Heterotarsus,Heterotarsus inflatus,,"坐标(113.5327437998, 22.1841797902)不在澳门陆地区域内，疑似位于海上"
355312037,2026-04-27T00:00:00,2026-04-27T21:29:15,False,22.1626833333,113.5398033333,Mollusca,Animalia,Mollusca,Gastropoda,Systellommatophora,Veronicellidae,Laevicaulis,Laevicaulis alte,,"坐标(113.5398033333, 22.1626833333)不在澳门陆地区域内，疑似位于海上"
355312227,2026-04-27T00:00:00,2026-04-27T21:29:41,False,22.1620660076,113.5408281294,Mollusca,Animalia,Mollusca,Gastropoda,Systellommatophora,Veronicellidae,Laevicaulis,Laevicaulis alte,,"坐标(113.5408281294, 22.1620660076)不在澳门陆地区域内，疑似位于海上"
355317608,2026-04-27T00:00:00,2026-04-27T21:37:42,False,22.161551701,113.5400108818,Mollusca,Animalia,Mollusca,Gastropoda,Systellommatophora,Veronicellidae,Laevicaulis,Laevicaulis alte,,"坐标(113.5400108818, 22.161551701)不在澳门陆地区域内，疑似位于海上"
355321293,2026-04-27T00:00:00,2026-04-27T21:40:38,False,22.1613708234,113.5400521439,Mollusca,Animalia,Mollusca,Gastropoda,Systellommatophora,Veronicellidae,Laevicaulis,Laevicaulis alte,,"坐标(113.5400521439, 22.1613708234)不在澳门陆地区域内，疑似位于海上"
355324643,2026-04-27T00:00:00,2026-04-27T21:47:59,False,22.1606679003,113.5406154575,Insecta,Animalia,Arthropoda,Insecta,Blattodea,Blattidae,Periplaneta,Periplaneta americana,,"坐标(113.5406154575, 22.1606679003)不在澳门陆地区域内，疑似位于海上"
355324854,2026-04-27T00:00:00,2026-04-27T21:48:18,False,22.1606545347,113.5402273242,Insecta,Animalia,Arthropoda,Insecta,Blattodea,Blattidae,Periplaneta,Periplaneta americana,,"坐标(113.5402273242, 22.1606545347)不在澳门陆地区域内，疑似位于海上"
355326402,2026-04-27T00:00:00,2026-04-27T21:49:15,False,22.1604481817,113.5401012371,Mollusca,Animalia,Mollusca,Gastropoda,Systellommatophora,Veronicellidae,Valiguna,Valiguna siamensis,,"坐标(113.5401012371, 22.1604481817)不在澳门陆地区域内，疑似位于海上"
355326425,2026-04-27T00:00:00,2026-04-27T21:49:32,False,22.1606261446,113.5402528867,Mollusca,Animalia,Mollusca,Gastropoda,Systellommatophora,Veronicellidae,Valiguna,Valiguna siamensis,,"坐标(113.5402528867, 22.1606261446)不在澳门陆地区域内，疑似位于海上"
355326763,2026-04-27T00:00:00,,False,22.1801615482,113.5426862919,Plantae,Plantae,Tracheophyta,Magnoliopsida,Rosales,Moraceae,Artocarpus,Artocarpus hypargyreus,,"坐标(113.5426862919, 22.1801615482)不在澳门陆地区域内，疑似位于海上"
355329530,2026-04-27T00:00:00,2026-04-27T21:53:35,False,22.1595747794,113.5404577559,Mollusca,Animalia,Mollusca,Gastropoda,Stylommatophora,Achatinidae,Lissachatina,Lissachatina immaculata,,"坐标(113.5404577559, 22.1595747794)不在澳门陆地区域内，疑似位于海上"
355329535,2026-04-27T00:00:00,2026-04-27T21:53:38,False,22.1598026383,113.5413890006,Mollusca,Animalia,Mollusca,Gastropoda,Stylommatophora,Achatinidae,Lissachatina,Lissachatina immaculata,,"坐标(113.5413890006, 22.1598026383)不在澳门陆地区域内，疑似位于海上"
355330118,2026-04-25T00:00:00,2026-04-25T20:34:07,False,22.1969924415,113.5861348759,Amphibia,Animalia,Chordata,Amphibia,Anura,Eleutherodactylidae,Eleutherodactylus,Eleutherodactylus planirostris,,"坐标(113.5861348759, 22.1969924415)不在澳门陆地区域内，疑似位于海上"
355341857,2026-04-27T00:00:00,2026-04-27T22:08:19,False,22.1576599822,113.5411487457,Insecta,Animalia,Arthropoda,Insecta,Lepidoptera,Noctuidae,Athetis,Athetis terminata,,"坐标(113.5411487457, 22.1576599822)不在澳门陆地区域内，疑似位于海上"
355341938,2026-04-27T00:00:00,2026-04-27T22:08:15,False,22.1577423823,113.5412191548,Insecta,Animalia,Arthropoda,Insecta,Lepidoptera,Noctuidae,Athetis,Athetis terminata,,"坐标(113.5412191548, 22.1577423823)不在澳门陆地区域内，疑似位于海上"
355345496,2026-04-26T00:00:00,2026-04-26T09:35:54,False,22.1694966667,113.5491116667,Plantae,Plantae,Tracheophyta,Polypodiopsida,Schizaeales,Lygodiaceae,Lygodium,Lygodium japonicum,,"坐标(113.5491116667, 22.1694966667)不在澳门陆地区域内，疑似位于海上"
355348414,2026-04-27T00:00:00,2026-04-27T22:18:28,False,22.157850104,113.5411731042,Insecta,Animalia,Arthropoda,Insecta,Lepidoptera,Metarbelidae,Indarbela,Indarbela obliquifasciata,,"坐标(113.5411731042, 22.157850104)不在澳门陆地区域内，疑似位于海上"
355348935,2026-04-26T00:00:00,,False,22.1861255,113.5572274997,Plantae,Plantae,Tracheophyta,Liliopsida,Poales,Poaceae,Eragrostis,Eragrostis tenella,,"坐标(113.5572274997, 22.1861255)不在澳门陆地区域内，疑似位于海上"
355350034,2026-04-27T00:00:00,2026-04-27T22:20:14,False,22.1578368824,113.5410429352,Insecta,Animalia,Arthropoda,Insecta,Lepidoptera,Erebidae,Orvasca,Orvasca subnotata,,"坐标(113.5410429352, 22.1578368824)不在澳门陆地区域内，疑似位于海上"
355350612,2026-04-25T00:00:00,2026-04-25T21:28:43,False,22.0889521452,113.5989916964,Insecta,Animalia,Arthropoda,Insecta,Lepidoptera,Geometridae,Plutodes,Plutodes costatus,,"坐标(113.5989916964, 22.0889521452)不在澳门陆地区域内，疑似位于海上"
355354279,2026-04-27T00:00:00,2026-04-27T22:25:07,False,22.1581074473,113.5413385001,Insecta,Animalia,Arthropoda,Insecta,Lepidoptera,Metarbelidae,Indarbela,Indarbela obliquifasciata,,"坐标(113.5413385001, 22.1581074473)不在澳门陆地区域内，疑似位于海上"
355358059,2026-04-25T00:00:00,2026-04-25T22:04:20,False,22.0969779525,113.5837779776,Insecta,Animalia,Arthropoda,Insecta,Lepidoptera,Geometridae,Epobeidia,Epobeidia tigrata,,"坐标(113.5837779776, 22.0969779525)不在澳门陆地区域内，疑似位于海上"
355358431,2026-04-26T00:00:00,2026-04-26T09:23:36,False,22.1864245316,113.5569933644,Aves,Animalia,Chordata,Aves,Passeriformes,Estrildidae,Lonchura,Lonchura striata,,"坐标(113.5569933644, 22.1864245316)不在澳门陆地区域内，疑似位于海上"
355360078,2026-04-27T00:00:00,2026-04-27T22:25:52,False,22.1578704461,113.5415514994,Insecta,Animalia,Arthropoda,Insecta,Lepidoptera,Metarbelidae,Indarbela,Indarbela obliquifasciata,,"坐标(113.5415514994, 22.1578704461)不在澳门陆地区域内，疑似位于海上"
355360919,2026-04-26T00:00:00,2026-04-26T09:05:30,False,22.1625695,113.5412666667,Aves,Animalia,Chordata,Aves,Passeriformes,Pycnonotidae,Pycnonotus,Pycnonotus sinensis,,"坐标(113.5412666667, 22.1625695)不在澳门陆地区域内，疑似位于海上"
355361105,2026-04-27T00:00:00,2026-04-27T22:33:31,False,22.157977657,113.5415082746,Insecta,Animalia,Arthropoda,Insecta,Neuroptera,Chrysopidae,Mallada,Mallada basalis,,"坐标(113.5415082746, 22.157977657)不在澳门陆地区域内，疑似位于海上"
355363971,2026-04-27T00:00:00,2026-04-27T22:28:53,False,22.1579342759,113.5415010011,Insecta,Animalia,Arthropoda,Insecta,Lepidoptera,Crambidae,Paracymoriza,Paracymoriza prodigalis,,"坐标(113.5415010011, 22.1579342759)不在澳门陆地区域内，疑似位于海上"
355365648,2026-04-27T00:00:00,2026-04-27T22:37:48,False,22.1579503132,113.5415934693,Insecta,Animalia,Arthropoda,Insecta,Lepidoptera,Lecithoceridae,Lecitholaxa,Lecitholaxa thiodora,,"坐标(113.5415934693, 22.1579503132)不在澳门陆地区域内，疑似位于海上"
355365755,2026-04-25T00:00:00,2026-04-25T22:21:58,False,22.096137521,113.5781699208,Insecta,Animalia,Arthropoda,Insecta,Hemiptera,Cicadidae,Chremistica,Chremistica ochracea,,"坐标(113.5781699208, 22.096137521)不在澳门陆地区域内，疑似位于海上"
355368708,2026-04-27T00:00:00,2026-04-27T22:42:21,False,22.1582946149,113.5413466421,Insecta,Animalia,Arthropoda,Insecta,Lepidoptera,Erebidae,Creatonotos,Creatonotos transiens,,"坐标(113.5413466421, 22.1582946149)不在澳门陆地区域内，疑似位于海上"
355371350,2026-04-27T00:00:00,2026-04-27T22:42:47,False,22.1578690088,113.5414844332,Insecta,Animalia,Arthropoda,Insecta,Lepidoptera,Erebidae,Creatonotos,Creatonotos transiens,,"坐标(113.5414844332, 22.1578690088)不在澳门陆地区域内，疑似位于海上"
355376852,2026-04-27T00:00:00,2026-04-27T22:52:21,False,22.158565963,113.5412045809,Insecta,Animalia,Arthropoda,Insecta,Lepidoptera,Erebidae,Danielithosia,Danielithosia immaculata,,"坐标(113.5412045809, 22.158565963)不在澳门陆地区域内，疑似位于海上"
355377231,2026-04-27T00:00:00,2026-04-27T22:53:02,False,22.1582608395,113.5413891773,Insecta,Animalia,Arthropoda,Insecta,Coleoptera,Scarabaeidae,Anomala,Anomala antiqua,,"坐标(113.5413891773, 22.1582608395)不在澳门陆地区域内，疑似位于海上"
355377460,2026-04-25T00:00:00,2026-04-25T22:38:43,False,22.1941131305,113.595947015,Insecta,Animalia,Arthropoda,Insecta,Lepidoptera,Uraniidae,Phazaca,Phazaca leucocera,,"坐标(113.595947015, 22.1941131305)不在澳门陆地区域内，疑似位于海上"
355384860,2026-04-27T00:00:00,2026-04-27T22:55:57,False,22.1584055,113.5413366667,Insecta,Animalia,Arthropoda,Insecta,Lepidoptera,Erebidae,Chalciope,Chalciope mygdon,,"坐标(113.5413366667, 22.1584055)不在澳门陆地区域内，疑似位于海上"
355385463,2026-04-27T00:00:00,2026-04-27T17:25:19,False,22.1622201739,113.5470774221,Plantae,Plantae,Tracheophyta,Polypodiopsida,Polypodiales,Pteridaceae,Adiantum,Adiantum flabellulatum,,"坐标(113.5470774221, 22.1622201739)不在澳门陆地区域内，疑似位于海上"
355385522,2026-04-27T00:00:00,2026-04-27T09:17:00,False,22.117348374,113.5509810829,Actinopterygii,Animalia,Chordata,Actinopterygii,Gobiiformes,Oxudercidae,Boleophthalmus,Boleophthalmus pectinirostris,,"坐标(113.5509810829, 22.117348374)不在澳门陆地区域内，疑似位于海上"
355385976,2026-04-27T00:00:00,2026-04-27T22:53:12,False,22.1584056893,113.5413028367,Insecta,Animalia,Arthropoda,Insecta,Coleoptera,Scarabaeidae,Anomala,Anomala antiqua,,"坐标(113.5413028367, 22.1584056893)不在澳门陆地区域内，疑似位于海上"
355386056,2026-04-27T00:00:00,2026-04-27T22:56:05,False,22.1578810038,113.5416819746,Insecta,Animalia,Arthropoda,Insecta,Lepidoptera,Erebidae,Chalciope,Chalciope mygdon,,"坐标(113.5416819746, 22.1578810038)不在澳门陆地区域内，疑似位于海上"
355386925,2026-04-27T00:00:00,2026-04-27T08:12:15,False,22.1799984427,113.5346605463,Aves,Animalia,Chordata,Aves,Passeriformes,Sturnidae,Acridotheres,Acridotheres cristatellus,,"坐标(113.5346605463, 22.1799984427)不在澳门陆地区域内，疑似位于海上"
355387243,2026-04-27T00:00:00,2026-04-27T09:15:00,False,22.1174416961,113.5510050053,Animalia,Animalia,Arthropoda,Malacostraca,Decapoda,Grapsidae,Metopograpsus,Metopograpsus quadridentatus,,"坐标(113.5510050053, 22.1174416961)不在澳门陆地区域内，疑似位于海上"
355387744,2026-04-25T00:00:00,2026-04-25T22:48:37,False,22.1132494454,113.5511571915,Insecta,Animalia,Arthropoda,Insecta,Lepidoptera,Erebidae,Orvasca,Orvasca subnotata,,"坐标(113.5511571915, 22.1132494454)不在澳门陆地区域内，疑似位于海上"
355388185,2026-04-27T00:00:00,2026-04-27T08:10:48,False,22.1799877695,113.5346151486,Aves,Animalia,Chordata,Aves,Passeriformes,Sturnidae,Gracupica,Gracupica nigricollis,,"坐标(113.5346151486, 22.1799877695)不在澳门陆地区域内，疑似位于海上"
355388766,2026-04-27T00:00:00,2026-04-27T08:07:07,False,22.1800311318,113.5351211878,Plantae,Plantae,Tracheophyta,Magnoliopsida,Malpighiales,Phyllanthaceae,Phyllanthus,Phyllanthus amarus,,"坐标(113.5351211878, 22.1800311318)不在澳门陆地区域内，疑似位于海上"
355389083,2026-04-27T00:00:00,2026-04-27T08:09:50,False,22.1826630131,113.5336094636,Aves,Animalia,Chordata,Aves,Pelecaniformes,Ardeidae,Egretta,Egretta garzetta,,"坐标(113.5336094636, 22.1826630131)不在澳门陆地区域内，疑似位于海上"
355389206,2026-04-25T00:00:00,2026-04-25T22:50:33,False,22.1738975063,113.5569397589,Insecta,Animalia,Arthropoda,Insecta,Coleoptera,Cerambycidae,Ceresium,Ceresium sinicum,Ceresium sinicum ornaticolle,"坐标(113.5569397589, 22.1738975063)不在澳门陆地区域内，疑似位于海上"
355389470,2026-04-27T00:00:00,2026-04-27T07:54:19,False,22.1860554647,113.5310776138,Aves,Animalia,Chordata,Aves,Passeriformes,Passeridae,Passer,Passer montanus,,"坐标(113.5310776138, 22.1860554647)不在澳门陆地区域内，疑似位于海上"
355390221,2026-04-27T00:00:00,2026-04-27T08:06:53,False,22.1827148761,113.533617633,Aves,Animalia,Chordata,Aves,Pelecaniformes,Ardeidae,Egretta,Egretta garzetta,,"坐标(113.533617633, 22.1827148761)不在澳门陆地区域内，疑似位于海上"
355390374,2026-04-27T00:00:00,2026-04-27T08:22:14,False,22.1800044876,113.5347033033,Aves,Animalia,Chordata,Aves,Passeriformes,Sturnidae,Acridotheres,Acridotheres cristatellus,,"坐标(113.5347033033, 22.1800044876)不在澳门陆地区域内，疑似位于海上"
355390546,2026-04-26T00:00:00,2026-04-26T16:10:33,False,22.1867716667,113.55642,Aves,Animalia,Chordata,Aves,Passeriformes,Passeridae,Passer,Passer montanus,,"坐标(113.55642, 22.1867716667)不在澳门陆地区域内，疑似位于海上"
355391627,2026-04-27T00:00:00,2026-04-27T09:17:00,False,22.1169983063,113.5509097984,Animalia,Animalia,Arthropoda,Malacostraca,Decapoda,Grapsidae,Metopograpsus,Metopograpsus quadridentatus,,"坐标(113.5509097984, 22.1169983063)不在澳门陆地区域内，疑似位于海上"
355391785,2026-04-27T00:00:00,2026-04-27T07:53:46,False,22.1859570378,113.53115374,Aves,Animalia,Chordata,Aves,Columbiformes,Columbidae,Spilopelia,Spilopelia chinensis,,"坐标(113.53115374, 22.1859570378)不在澳门陆地区域内，疑似位于海上"
355392915,2026-04-27T00:00:00,2026-04-27T17:34:20,False,22.1841333333,113.5332116667,Plantae,Plantae,Tracheophyta,Magnoliopsida,Sapindales,Sapindaceae,Dimocarpus,Dimocarpus longan,,"坐标(113.5332116667, 22.1841333333)不在澳门陆地区域内，疑似位于海上"
355397464,2026-04-27T00:00:00,2026-04-27T23:10:54,False,22.1859519178,113.5573264483,Aves,Animalia,Chordata,Aves,Passeriformes,Passeridae,Passer,Passer montanus,,"坐标(113.5573264483, 22.1859519178)不在澳门陆地区域内，疑似位于海上"
355399146,2026-04-27T00:00:00,2026-04-27T23:19:21,False,22.1841849523,113.5302389277,Mollusca,Animalia,Mollusca,Gastropoda,Stylommatophora,Achatinidae,Lissachatina,Lissachatina fulica,,"坐标(113.5302389277, 22.1841849523)不在澳门陆地区域内，疑似位于海上"
355404375,2026-04-25T00:00:00,2026-04-25T23:35:52,False,22.1753904876,113.5763304077,Insecta,Animalia,Arthropoda,Insecta,Lepidoptera,Erebidae,Mocis,Mocis undata,,"坐标(113.5763304077, 22.1753904876)不在澳门陆地区域内，疑似位于海上"
355404807,2026-04-27T00:00:00,2026-04-27T23:25:29,False,22.1843254129,113.5299733295,Animalia,Animalia,Arthropoda,Diplopoda,Spirobolida,Pachybolidae,Trigoniulus,Trigoniulus corallinus,,"坐标(113.5299733295, 22.1843254129)不在澳门陆地区域内，疑似位于海上"
355405351,2026-04-27T00:00:00,2026-04-27T23:26:12,False,22.1843663563,113.529969117,Animalia,Animalia,Arthropoda,Diplopoda,Spirobolida,Pachybolidae,Trigoniulus,Trigoniulus corallinus,,"坐标(113.529969117, 22.1843663563)不在澳门陆地区域内，疑似位于海上"
355406377,2026-04-27T00:00:00,2026-04-27T23:27:24,False,22.184485638,113.5295670525,Animalia,Animalia,Arthropoda,Diplopoda,Spirobolida,Pachybolidae,Trigoniulus,Trigoniulus corallinus,,"坐标(113.5295670525, 22.184485638)不在澳门陆地区域内，疑似位于海上"
355406494,2026-04-25T00:00:00,2026-04-25T23:37:42,False,22.1669226049,113.5460615296,Insecta,Animalia,Arthropoda,Insecta,Lepidoptera,Nymphalidae,Charaxes,Charaxes bernardus,,"坐标(113.5460615296, 22.1669226049)不在澳门陆地区域内，疑似位于海上"
355409342,2026-04-27T00:00:00,2026-04-27T23:30:28,False,22.1826114155,113.5295184114,Animalia,Animalia,Arthropoda,Diplopoda,Spirobolida,Pachybolidae,Trigoniulus,Trigoniulus corallinus,,"坐标(113.5295184114, 22.1826114155)不在澳门陆地区域内，疑似位于海上"
355410968,2026-04-27T00:00:00,2026-04-27T23:25:07,False,22.1849590496,113.5295121903,Reptilia,Animalia,Chordata,Reptilia,Squamata,Gekkonidae,Hemidactylus,Hemidactylus brookii,,"坐标(113.5295121903, 22.1849590496)不在澳门陆地区域内，疑似位于海上"
355412508,2026-04-26T00:00:00,2026-04-26T00:09:38,False,22.1906362862,113.5897776881,Insecta,Animalia,Arthropoda,Insecta,Lepidoptera,Erebidae,Eudocima,Eudocima phalonia,,"坐标(113.5897776881, 22.1906362862)不在澳门陆地区域内，疑似位于海上"
355415363,2026-04-27T00:00:00,2026-04-27T09:28:00,False,22.1153581445,113.5504654529,Plantae,Plantae,Tracheophyta,Magnoliopsida,Rosales,Urticaceae,Pilea,Pilea microphylla,,"坐标(113.5504654529, 22.1153581445)不在澳门陆地区域内，疑似位于海上"
355418760,2026-04-27T00:00:00,2026-04-27T09:32:00,False,22.1177894778,113.5510132341,Aves,Animalia,Chordata,Aves,Pelecaniformes,Ardeidae,Ardea,Ardea alba,,"坐标(113.5510132341, 22.1177894778)不在澳门陆地区域内，疑似位于海上"
355421136,2026-04-27T00:00:00,2026-04-27T09:33:00,False,22.1176912916,113.5510168452,Aves,Animalia,Chordata,Aves,Passeriformes,Pycnonotidae,Pycnonotus,Pycnonotus sinensis,,"坐标(113.5510168452, 22.1176912916)不在澳门陆地区域内，疑似位于海上"
355422525,2026-04-27T00:00:00,2026-04-27T09:34:00,False,22.1176446872,113.5510136893,Aves,Animalia,Chordata,Aves,Passeriformes,Pycnonotidae,Pycnonotus,Pycnonotus jocosus,,"坐标(113.5510136893, 22.1176446872)不在澳门陆地区域内，疑似位于海上"
355423641,2026-04-26T00:00:00,2026-04-26T16:29:36,False,22.185995,113.556245,Plantae,Plantae,Bryophyta,Bryopsida,Pottiales,Pottiaceae,Hyophila,Hyophila involuta,,"坐标(113.556245, 22.185995)不在澳门陆地区域内，疑似位于海上"
355424074,2026-04-26T00:00:00,2026-04-26T16:24:45,False,22.1856416667,113.5565033333,Plantae,Plantae,Tracheophyta,Magnoliopsida,Malpighiales,Euphorbiaceae,Euphorbia,Euphorbia hirta,,"坐标(113.5565033333, 22.1856416667)不在澳门陆地区域内，疑似位于海上"
355424144,2026-04-26T00:00:00,2026-04-26T16:24:32,False,22.1856333333,113.5565033333,Plantae,Plantae,Tracheophyta,Magnoliopsida,Rosales,Urticaceae,Pouzolzia,Pouzolzia zeylanica,,"坐标(113.5565033333, 22.1856333333)不在澳门陆地区域内，疑似位于海上"
355424160,2026-04-26T00:00:00,2026-04-26T16:24:20,False,22.18563,113.556495,Plantae,Plantae,Tracheophyta,Magnoliopsida,Malpighiales,Euphorbiaceae,Euphorbia,Euphorbia prostrata,,"坐标(113.556495, 22.18563)不在澳门陆地区域内，疑似位于海上"
355424296,2026-04-26T00:00:00,2026-04-26T16:23:11,False,22.1856283333,113.5568466667,Plantae,Plantae,Tracheophyta,Magnoliopsida,Oxalidales,Oxalidaceae,Oxalis,Oxalis corniculata,,"坐标(113.5568466667, 22.1856283333)不在澳门陆地区域内，疑似位于海上"
355424324,2026-04-27T00:00:00,2026-04-27T09:35:00,False,22.1178297914,113.5509985058,Insecta,Animalia,Arthropoda,Insecta,Lepidoptera,Papilionidae,Papilio,Papilio paris,,"坐标(113.5509985058, 22.1178297914)不在澳门陆地区域内，疑似位于海上"
355424697,2026-04-26T00:00:00,2026-04-26T16:23:08,False,22.1856283333,113.5568466667,Plantae,Plantae,Tracheophyta,Magnoliopsida,Oxalidales,Oxalidaceae,Oxalis,Oxalis corniculata,,"坐标(113.5568466667, 22.1856283333)不在澳门陆地区域内，疑似位于海上"
355424723,2026-04-26T00:00:00,2026-04-26T16:16:19,False,22.187255,113.557975,Plantae,Plantae,Tracheophyta,Magnoliopsida,Malpighiales,Phyllanthaceae,Flueggea,Flueggea virosa,,"坐标(113.557975, 22.187255)不在澳门陆地区域内，疑似位于海上"
355424728,2026-04-26T00:00:00,2026-04-26T16:19:17,False,22.1869366667,113.557695,Plantae,Plantae,Tracheophyta,Magnoliopsida,Rosales,Moraceae,Ficus,Ficus religiosa,,"坐标(113.557695, 22.1869366667)不在澳门陆地区域内，疑似位于海上"
355424813,2026-04-26T00:00:00,2026-04-26T16:55:13,False,22.0968719117,113.5832544188,Reptilia,Animalia,Chordata,Reptilia,Squamata,Agamidae,Calotes,Calotes wangi,,"坐标(113.5832544188, 22.0968719117)不在澳门陆地区域内，疑似位于海上"
355424829,2026-04-26T00:00:00,2026-04-26T16:10:31,False,22.1867533333,113.5564116667,Aves,Animalia,Chordata,Aves,Passeriformes,Passeridae,Passer,Passer montanus,,"坐标(113.5564116667, 22.1867533333)不在澳门陆地区域内，疑似位于海上"
355426249,2026-04-27T00:00:00,2026-04-27T09:38:00,False,22.1178119241,113.5510126674,Aves,Animalia,Chordata,Aves,Passeriformes,Passeridae,Passer,Passer montanus,,"坐标(113.5510126674, 22.1178119241)不在澳门陆地区域内，疑似位于海上"
355427613,2026-04-26T00:00:00,2026-04-26T16:07:06,False,22.1859533333,113.5561916667,Arachnida,Animalia,Arthropoda,Arachnida,Araneae,Salticidae,Menemerus,Menemerus bivittatus,,"坐标(113.5561916667, 22.1859533333)不在澳门陆地区域内，疑似位于海上"
355428202,2026-04-27T00:00:00,2026-04-27T09:38:00,False,22.1187645389,113.5508656665,Plantae,Plantae,Tracheophyta,Magnoliopsida,Solanales,Solanaceae,Solanum,Solanum lycopersicum,,"坐标(113.5508656665, 22.1187645389)不在澳门陆地区域内，疑似位于海上"
355428459,2026-04-26T00:00:00,2026-04-26T18:47:47,False,22.1355166667,113.5521527778,Insecta,Animalia,Arthropoda,Insecta,Odonata,Coenagrionidae,Agriocnemis,Agriocnemis pygmaea,,"坐标(113.5521527778, 22.1355166667)不在澳门陆地区域内，疑似位于海上"
355430498,2026-04-27T00:00:00,2026-04-27T09:39:00,False,22.1188006198,113.5507941534,Aves,Animalia,Chordata,Aves,Passeriformes,Muscicapidae,Copsychus,Copsychus saularis,,"坐标(113.5507941534, 22.1188006198)不在澳门陆地区域内，疑似位于海上"
355433375,2026-04-26T00:00:00,2026-04-26T17:26:33,False,22.1601117513,113.5401416686,Arachnida,Animalia,Arthropoda,Arachnida,Araneae,Salticidae,Menemerus,Menemerus bivittatus,,"坐标(113.5401416686, 22.1601117513)不在澳门陆地区域内，疑似位于海上"
355439634,2026-04-25T00:00:00,,False,22.1138104282,113.5936426504,Aves,Animalia,Chordata,Aves,Cuculiformes,Cuculidae,Hierococcyx,Hierococcyx sparverioides,,"坐标(113.5936426504, 22.1138104282)不在澳门陆地区域内，疑似位于海上"
355749908,2026-04-26T00:00:00,2026-04-26T10:37:19,False,22.160525,113.5477716667,Plantae,Plantae,Tracheophyta,Magnoliopsida,Sapindales,Anacardiaceae,Rhus,Rhus chinensis,,"坐标(113.5477716667, 22.160525)不在澳门陆地区域内，疑似位于海上"
355750264,2026-04-26T00:00:00,2026-04-26T10:19:44,False,22.160525,113.5477716667,Insecta,Animalia,Arthropoda,Insecta,Hymenoptera,Formicidae,Polyrhachis,Polyrhachis illaudata,,"坐标(113.5477716667, 22.160525)不在澳门陆地区域内，疑似位于海上"
355754486,2026-04-27T00:00:00,2026-04-27T20:55:36,False,22.172553334,113.5497130772,Aves,Animalia,Chordata,Aves,Passeriformes,Corvidae,Urocissa,Urocissa erythroryncha,,"坐标(113.5497130772, 22.172553334)不在澳门陆地区域内，疑似位于海上"
355937419,2026-04-25T00:00:00,2026-04-25T16:00:00,False,22.1558692468,113.5435781435,Insecta,Animalia,Arthropoda,Insecta,Hemiptera,Tessaratomidae,Tessaratoma,Tessaratoma papillosa,,"坐标(113.5435781435, 22.1558692468)不在澳门陆地区域内，疑似位于海上"
355963320,2026-04-25T00:00:00,2026-04-25T22:42:57,False,22.1476553645,113.5850929866,Reptilia,Animalia,Chordata,Reptilia,Squamata,Gekkonidae,Hemidactylus,Hemidactylus brookii,,"坐标(113.5850929866, 22.1476553645)不在澳门陆地区域内，疑似位于海上"
355992954,2026-04-27T00:00:00,2026-04-27T13:28:31,False,22.153514576,113.5969829936,Insecta,Animalia,Arthropoda,Insecta,Odonata,Aeshnidae,Tetracanthagyna,Tetracanthagyna waterhousei,,"坐标(113.5969829936, 22.153514576)不在澳门陆地区域内，疑似位于海上"
356037447,2026-04-25T00:00:00,2026-04-25T20:16:32,False,22.1877062913,113.5693073941,Plantae,Plantae,Tracheophyta,Magnoliopsida,Gentianales,Rubiaceae,Gardenia,Gardenia jasminoides,,"坐标(113.5693073941, 22.1877062913)不在澳门陆地区域内，疑似位于海上"
356080585,2026-04-27T00:00:00,2026-04-27T09:26:00,False,22.1148264267,113.5502005186,Actinopterygii,Animalia,Chordata,Actinopterygii,Beloniformes,Zenarchopteridae,Zenarchopterus,Zenarchopterus buffonis,,"坐标(113.5502005186, 22.1148264267)不在澳门陆地区域内，疑似位于海上"
356088188,2026-04-27T00:00:00,2026-04-27T09:24:00,False,22.1168511252,113.5508718935,Actinopterygii,Animalia,Chordata,Actinopterygii,Beloniformes,Zenarchopteridae,Zenarchopterus,Zenarchopterus buffonis,,"坐标(113.5508718935, 22.1168511252)不在澳门陆地区域内，疑似位于海上"
356105657,2026-04-24T00:00:00,2026-04-24T23:02:00,False,22.1797468676,113.5880621904,Insecta,Animalia,Arthropoda,Insecta,Hemiptera,Pentatomidae,Halyomorpha,Halyomorpha halys,,"坐标(113.5880621904, 22.1797468676)不在澳门陆地区域内，疑似位于海上"
356154243,2026-04-25T00:00:00,2026-04-25T01:05:00,False,22.1687260306,113.587872899,Insecta,Animalia,Arthropoda,Insecta,Coleoptera,Cerambycidae,Coptops,Coptops lichenea,,"坐标(113.587872899, 22.1687260306)不在澳门陆地区域内，疑似位于海上"
356393153,2026-04-25T00:00:00,2026-04-25T18:14:15,False,22.1953188444,113.5825268362,Aves,Animalia,Chordata,Aves,Charadriiformes,Scolopacidae,Actitis,Actitis hypoleucos,,"坐标(113.5825268362, 22.1953188444)不在澳门陆地区域内，疑似位于海上"
356400248,2026-04-25T00:00:00,2026-04-25T01:47:36,False,22.1733199154,113.554422883,Actinopterygii,Animalia,Chordata,Actinopterygii,Cypriniformes,Nemacheilidae,Oreonectes,Oreonectes platycephalus,,"坐标(113.554422883, 22.1733199154)不在澳门陆地区域内，疑似位于海上"
356464924,2026-04-25T00:00:00,2026-04-25T11:55:00,False,22.1875812465,113.5948638315,Aves,Animalia,Chordata,Aves,Passeriformes,Muscicapidae,Phoenicurus,Phoenicurus auroreus,,"坐标(113.5948638315, 22.1875812465)不在澳门陆地区域内，疑似位于海上"
356478906,2026-04-25T00:00:00,2026-04-25T12:39:00,False,22.0843104295,113.5965384657,Insecta,Animalia,Arthropoda,Insecta,Lepidoptera,Papilionidae,Papilio,Papilio bianor,,"坐标(113.5965384657, 22.0843104295)不在澳门陆地区域内，疑似位于海上"
356478931,2026-04-25T00:00:00,2026-04-25T13:13:00,False,22.1093408577,113.5821184504,Insecta,Animalia,Arthropoda,Insecta,Odonata,Libellulidae,Trithemis,Trithemis aurora,,"坐标(113.5821184504, 22.1093408577)不在澳门陆地区域内，疑似位于海上"
356478972,2026-04-25T00:00:00,2026-04-25T14:00:00,False,22.103018597,113.5687687795,Reptilia,Animalia,Chordata,Reptilia,Squamata,Agamidae,Calotes,Calotes wangi,,"坐标(113.5687687795, 22.103018597)不在澳门陆地区域内，疑似位于海上"
356478983,2026-04-25T00:00:00,2026-04-25T15:13:00,False,22.1831959672,113.5904789259,Aves,Animalia,Chordata,Aves,Passeriformes,Corvidae,Corvus,Corvus macrorhynchos,,"坐标(113.5904789259, 22.1831959672)不在澳门陆地区域内，疑似位于海上"
356487032,2026-04-25T00:00:00,2026-04-25T17:10:00,False,22.1137136414,113.5839921736,Aves,Animalia,Chordata,Aves,Columbiformes,Columbidae,Columba,Columba livia,,"坐标(113.5839921736, 22.1137136414)不在澳门陆地区域内，疑似位于海上"
356527228,2026-04-25T00:00:00,2026-04-25T18:30:00,False,22.1509728743,113.5859573191,Aves,Animalia,Chordata,Aves,Pelecaniformes,Ardeidae,Nycticorax,Nycticorax nycticorax,,"坐标(113.5859573191, 22.1509728743)不在澳门陆地区域内，疑似位于海上"
356527232,2026-04-25T00:00:00,2026-04-25T18:33:00,False,22.1496391596,113.5975380903,Aves,Animalia,Chordata,Aves,Pelecaniformes,Ardeidae,Egretta,Egretta garzetta,,"坐标(113.5975380903, 22.1496391596)不在澳门陆地区域内，疑似位于海上"
356527413,2026-04-25T00:00:00,2026-04-25T21:18:00,False,22.1707364712,113.5911891738,Arachnida,Animalia,Arthropoda,Arachnida,Araneae,Thomisidae,Camaricus,Camaricus maugei,,"坐标(113.5911891738, 22.1707364712)不在澳门陆地区域内，疑似位于海上"
356555885,2026-04-25T00:00:00,2026-04-25T22:21:00,False,22.1381981738,113.5511738083,Mollusca,Animalia,Mollusca,Gastropoda,Stylommatophora,Philomycidae,Meghimatium,Meghimatium bilineatum,,"坐标(113.5511738083, 22.1381981738)不在澳门陆地区域内，疑似位于海上"
356564882,2026-04-25T00:00:00,2026-04-25T22:56:00,False,22.1180679823,113.5484656363,Insecta,Animalia,Arthropoda,Insecta,Coleoptera,Lampyridae,Pyrocoelia,Pyrocoelia analis,,"坐标(113.5484656363, 22.1180679823)不在澳门陆地区域内，疑似位于海上"
356564992,2026-04-25T00:00:00,2026-04-25T23:33:00,False,22.1553751943,113.5897090257,Insecta,Animalia,Arthropoda,Insecta,Lepidoptera,Sphingidae,Hippotion,Hippotion rosetta,,"坐标(113.5897090257, 22.1553751943)不在澳门陆地区域内，疑似位于海上"
356570160,2026-04-26T00:00:00,2026-04-26T00:01:00,False,22.1188421518,113.5903840847,Insecta,Animalia,Arthropoda,Insecta,Lepidoptera,Noctuidae,Spodoptera,Spodoptera litura,,"坐标(113.5903840847, 22.1188421518)不在澳门陆地区域内，疑似位于海上"
356575377,2026-04-26T00:00:00,2026-04-26T00:55:00,False,22.1013070608,113.5709817839,Animalia,Animalia,Arthropoda,Malacostraca,Decapoda,Sesarmidae,Parasesarma,Parasesarma continentale,,"坐标(113.5709817839, 22.1013070608)不在澳门陆地区域内，疑似位于海上"
356575406,2026-04-26T00:00:00,2026-04-26T01:41:00,False,22.1871369287,113.5667764429,Actinopterygii,Animalia,Chordata,Actinopterygii,Gobiiformes,Gobiidae,Glossogobius,Glossogobius olivaceus,,"坐标(113.5667764429, 22.1871369287)不在澳门陆地区域内，疑似位于海上"
356822435,2026-04-26T00:00:00,2026-04-26T03:01:00,False,22.1038952858,113.550553039,Animalia,Animalia,Arthropoda,Malacostraca,Decapoda,Paguridae,Pagurus,Pagurus minutus,,"坐标(113.550553039, 22.1038952858)不在澳门陆地区域内，疑似位于海上"
356822467,2026-04-26T00:00:00,2026-04-26T15:19:00,False,22.1826645062,113.5666186829,Aves,Animalia,Chordata,Aves,Pelecaniformes,Ardeidae,Egretta,Egretta garzetta,Egretta garzetta garzetta,"坐标(113.5666186829, 22.1826645062)不在澳门陆地区域内，疑似位于海上"
356822502,2026-04-26T00:00:00,2026-04-26T15:55:00,False,22.1807196783,113.5713608928,Aves,Animalia,Chordata,Aves,Podicipediformes,Podicipedidae,Tachybaptus,Tachybaptus ruficollis,,"坐标(113.5713608928, 22.1807196783)不在澳门陆地区域内，疑似位于海上"
356822508,2026-04-26T00:00:00,2026-04-26T15:58:00,False,22.1514763181,113.5846442059,Actinopterygii,Animalia,Chordata,Actinopterygii,Anabantiformes,Channidae,Channa,Channa striata,,"坐标(113.5846442059, 22.1514763181)不在澳门陆地区域内，疑似位于海上"
356822510,2026-04-26T00:00:00,2026-04-26T16:09:00,False,22.1930814767,113.5787509116,Insecta,Animalia,Arthropoda,Insecta,Odonata,Libellulidae,Brachythemis,Brachythemis contaminata,,"坐标(113.5787509116, 22.1930814767)不在澳门陆地区域内，疑似位于海上"
356830356,2026-04-26T00:00:00,2026-04-26T18:24:00,False,22.1897928406,113.5979361963,Insecta,Animalia,Arthropoda,Insecta,Neuroptera,Myrmeleontidae,Acheron,Acheron longus,,"坐标(113.5979361963, 22.1897928406)不在澳门陆地区域内，疑似位于海上"
356885963,2026-04-26T00:00:00,2026-04-26T23:50:00,False,22.1768564292,113.594761647,Reptilia,Animalia,Chordata,Reptilia,Squamata,Gekkonidae,Hemidactylus,Hemidactylus bowringii,,"坐标(113.594761647, 22.1768564292)不在澳门陆地区域内，疑似位于海上"
356894883,2026-04-27T00:00:00,2026-04-27T00:21:00,False,22.181670582,113.555642233,Insecta,Animalia,Arthropoda,Insecta,Orthoptera,Acrididae,Pseudoxya,Pseudoxya diminuta,,"坐标(113.555642233, 22.181670582)不在澳门陆地区域内，疑似位于海上"
357027290,2026-04-27T00:00:00,2026-04-27T13:02:00,False,22.1726939085,113.5880372307,Aves,Animalia,Chordata,Aves,Passeriformes,Cisticolidae,Orthotomus,Orthotomus sutorius,,"坐标(113.5880372307, 22.1726939085)不在澳门陆地区域内，疑似位于海上"
357027307,2026-04-27T00:00:00,2026-04-27T13:09:00,False,22.1731263646,113.5414678725,Aves,Animalia,Chordata,Aves,Pelecaniformes,Ardeidae,Ardeola,Ardeola bacchus,,"坐标(113.5414678725, 22.1731263646)不在澳门陆地区域内，疑似位于海上"
357047660,2026-04-27T00:00:00,2026-04-27T13:50:00,False,22.1117248869,113.5687190777,Insecta,Animalia,Arthropoda,Insecta,Lepidoptera,Riodinidae,Abisara,Abisara echerius,,"坐标(113.5687190777, 22.1117248869)不在澳门陆地区域内，疑似位于海上"
357047764,2026-04-27T00:00:00,2026-04-27T14:35:00,False,22.1113907531,113.5844509817,Insecta,Animalia,Arthropoda,Insecta,Neuroptera,Myrmeleontidae,Acheron,Acheron longus,,"坐标(113.5844509817, 22.1113907531)不在澳门陆地区域内，疑似位于海上"
357047766,2026-04-27T00:00:00,2026-04-27T14:38:00,False,22.178852376,113.5407251382,Insecta,Animalia,Arthropoda,Insecta,Lepidoptera,Nymphalidae,Mycalesis,Mycalesis mineus,,"坐标(113.5407251382, 22.178852376)不在澳门陆地区域内，疑似位于海上"
357047785,2026-04-27T00:00:00,2026-04-27T15:12:00,False,22.1110066041,113.5511362002,Animalia,Animalia,Arthropoda,Malacostraca,Decapoda,Varunidae,Hemigrapsus,Hemigrapsus sanguineus,,"坐标(113.5511362002, 22.1110066041)不在澳门陆地区域内，疑似位于海上"
357047948,2026-04-27T00:00:00,2026-04-27T21:44:00,False,22.1536773543,113.5856998161,Insecta,Animalia,Arthropoda,Insecta,Odonata,Coenagrionidae,Ceriagrion,Ceriagrion auranticum,,"坐标(113.5856998161, 22.1536773543)不在澳门陆地区域内，疑似位于海上"
357213383,2026-04-26T00:00:00,2026-04-26T20:54:00,False,22.185211683,113.5350362852,Plantae,Plantae,Tracheophyta,Magnoliopsida,Rosales,Moraceae,Ficus,Ficus religiosa,,"坐标(113.5350362852, 22.185211683)不在澳门陆地区域内，疑似位于海上"
357215118,2026-04-26T00:00:00,2026-04-26T20:58:00,False,22.1847988543,113.5349605611,Plantae,Plantae,Bryophyta,Bryopsida,Pottiales,Pottiaceae,Hyophila,Hyophila involuta,,"坐标(113.5349605611, 22.1847988543)不在澳门陆地区域内，疑似位于海上"
357220195,2026-04-26T00:00:00,2026-04-26T21:09:00,False,22.1814447337,113.5306573748,Actinopterygii,Animalia,Chordata,Actinopterygii,Acanthuriformes,Scatophagidae,Scatophagus,Scatophagus argus,,"坐标(113.5306573748, 22.1814447337)不在澳门陆地区域内，疑似位于海上"
357221525,2026-04-26T00:00:00,2026-04-26T21:16:00,False,22.1803465826,113.5335605566,Aves,Animalia,Chordata,Aves,Pelecaniformes,Ardeidae,Nycticorax,Nycticorax nycticorax,,"坐标(113.5335605566, 22.1803465826)不在澳门陆地区域内，疑似位于海上"
357222876,2026-04-26T00:00:00,2026-04-26T21:22:00,False,22.1799841712,113.5351730474,Plantae,Plantae,Tracheophyta,Magnoliopsida,Asterales,Asteraceae,Emilia,Emilia sonchifolia,,"坐标(113.5351730474, 22.1799841712)不在澳门陆地区域内，疑似位于海上"
357224359,2026-04-26T00:00:00,2026-04-26T21:30:00,False,22.1817849378,113.5368968796,Plantae,Plantae,Tracheophyta,Polypodiopsida,Polypodiales,Pteridaceae,Pteris,Pteris vittata,,"坐标(113.5368968796, 22.1817849378)不在澳门陆地区域内，疑似位于海上"
357396849,2026-04-24T00:00:00,2026-04-24T10:07:00,False,22.1367949609,113.5520229099,Aves,Animalia,Chordata,Aves,Passeriformes,Motacillidae,Motacilla,Motacilla alba,,"坐标(113.5520229099, 22.1367949609)不在澳门陆地区域内，疑似位于海上"
357396853,2026-04-24T00:00:00,2026-04-24T10:20:00,False,22.1367949609,113.5520229099,Aves,Animalia,Chordata,Aves,Charadriiformes,Charadriidae,Anarhynchus,Anarhynchus dealbatus,,"坐标(113.5520229099, 22.1367949609)不在澳门陆地区域内，疑似位于海上"
357396855,2026-04-24T00:00:00,2026-04-24T10:31:00,False,22.1367949609,113.5520229099,Aves,Animalia,Chordata,Aves,Passeriformes,Motacillidae,Motacilla,Motacilla tschutschensis,,"坐标(113.5520229099, 22.1367949609)不在澳门陆地区域内，疑似位于海上"
357396856,2026-04-24T00:00:00,2026-04-24T11:23:00,False,22.1367949609,113.5520229099,Aves,Animalia,Chordata,Aves,Passeriformes,Emberizidae,Emberiza,Emberiza aureola,,"坐标(113.5520229099, 22.1367949609)不在澳门陆地区域内，疑似位于海上"
357396862,2026-04-24T00:00:00,2026-04-24T11:30:00,False,22.1367949609,113.5520229099,Aves,Animalia,Chordata,Aves,Passeriformes,Passeridae,Passer,Passer montanus,,"坐标(113.5520229099, 22.1367949609)不在澳门陆地区域内，疑似位于海上"
357396864,2026-04-24T00:00:00,2026-04-24T11:36:00,False,22.1367949609,113.5520229099,Aves,Animalia,Chordata,Aves,Pelecaniformes,Ardeidae,Egretta,Egretta garzetta,,"坐标(113.5520229099, 22.1367949609)不在澳门陆地区域内，疑似位于海上"
357396873,2026-04-24T00:00:00,2026-04-24T12:03:00,False,22.1367949609,113.5520229099,Aves,Animalia,Chordata,Aves,Accipitriformes,Accipitridae,Milvus,Milvus migrans,Milvus migrans lineatus,"坐标(113.5520229099, 22.1367949609)不在澳门陆地区域内，疑似位于海上"
357396874,2026-04-24T00:00:00,2026-04-24T12:04:00,False,22.1367949609,113.5520229099,Plantae,Plantae,Tracheophyta,Magnoliopsida,Asterales,Asteraceae,Bidens,Bidens alba,,"坐标(113.5520229099, 22.1367949609)不在澳门陆地区域内，疑似位于海上"
357396892,2026-04-24T00:00:00,2026-04-24T12:20:00,False,22.1367949609,113.5520229099,Aves,Animalia,Chordata,Aves,Charadriiformes,Laridae,Gelochelidon,Gelochelidon nilotica,,"坐标(113.5520229099, 22.1367949609)不在澳门陆地区域内，疑似位于海上"
357396898,2026-04-24T00:00:00,2026-04-24T12:23:00,False,22.1367949609,113.5520229099,Aves,Animalia,Chordata,Aves,Pelecaniformes,Ardeidae,Ardea,Ardea cinerea,,"坐标(113.5520229099, 22.1367949609)不在澳门陆地区域内，疑似位于海上"
358176722,2026-04-27T00:00:00,2026-04-27T09:29:49,False,22.1167388333,113.5508883333,Plantae,Plantae,Tracheophyta,Magnoliopsida,Lamiales,Verbenaceae,Lantana,Lantana camara,,"坐标(113.5508883333, 22.1167388333)不在澳门陆地区域内，疑似位于海上"
358179752,2026-04-26T00:00:00,2026-04-26T17:38:08,False,22.1188971667,113.5504216667,Aves,Animalia,Chordata,Aves,Gruiformes,Rallidae,Amaurornis,Amaurornis phoenicurus,,"坐标(113.5504216667, 22.1188971667)不在澳门陆地区域内，疑似位于海上"
358501861,2026-04-26T00:00:00,2026-04-26T01:29:00,False,22.1133479486,113.5498107308,Animalia,Animalia,Arthropoda,Malacostraca,Decapoda,Portunidae,Scylla,Scylla paramamosain,,"坐标(113.5498107308, 22.1133479486)不在澳门陆地区域内，疑似位于海上"
358501868,2026-04-26T00:00:00,2026-04-26T01:36:00,False,22.1133479486,113.5498107308,Actinopterygii,Animalia,Chordata,Actinopterygii,Gobiiformes,Oxudercidae,Mugilogobius,Mugilogobius abei,,"坐标(113.5498107308, 22.1133479486)不在澳门陆地区域内，疑似位于海上"
358501869,2026-04-26T00:00:00,2026-04-26T01:37:00,False,22.1133479486,113.5498107308,Animalia,Animalia,Arthropoda,Malacostraca,Decapoda,Sesarmidae,Parasesarma,Parasesarma pictum,,"坐标(113.5498107308, 22.1133479486)不在澳门陆地区域内，疑似位于海上"
358501874,2026-04-26T00:00:00,2026-04-26T01:37:00,False,22.1133479486,113.5498107308,Animalia,Animalia,Arthropoda,Malacostraca,Decapoda,Portunidae,Scylla,Scylla paramamosain,,"坐标(113.5498107308, 22.1133479486)不在澳门陆地区域内，疑似位于海上"
358501878,2026-04-26T00:00:00,2026-04-26T01:42:00,False,22.1133479486,113.5498107308,Animalia,Animalia,Arthropoda,Malacostraca,Decapoda,Grapsidae,Metopograpsus,Metopograpsus quadridentatus,,"坐标(113.5498107308, 22.1133479486)不在澳门陆地区域内，疑似位于海上"
358501879,2026-04-26T00:00:00,2026-04-26T01:42:00,False,22.1133479486,113.5498107308,Animalia,Animalia,Arthropoda,Malacostraca,Decapoda,Grapsidae,Metopograpsus,Metopograpsus quadridentatus,,"坐标(113.5498107308, 22.1133479486)不在澳门陆地区域内，疑似位于海上"
358501882,2026-04-26T00:00:00,2026-04-26T01:42:00,False,22.1133479486,113.5498107308,Animalia,Animalia,Arthropoda,Malacostraca,Decapoda,Sesarmidae,Parasesarma,Parasesarma continentale,,"坐标(113.5498107308, 22.1133479486)不在澳门陆地区域内，疑似位于海上"
358501886,2026-04-26T00:00:00,2026-04-26T01:45:00,False,22.1133479486,113.5498107308,Actinopterygii,Animalia,Chordata,Actinopterygii,Gobiiformes,Oxudercidae,Mugilogobius,Mugilogobius abei,,"坐标(113.5498107308, 22.1133479486)不在澳门陆地区域内，疑似位于海上"
358501889,2026-04-26T00:00:00,2026-04-26T01:46:00,False,22.1133479486,113.5498107308,Animalia,Animalia,Arthropoda,Malacostraca,Decapoda,Sesarmidae,Parasesarma,Parasesarma pictum,,"坐标(113.5498107308, 22.1133479486)不在澳门陆地区域内，疑似位于海上"
358501891,2026-04-26T00:00:00,2026-04-26T01:48:00,False,22.1133479486,113.5498107308,Animalia,Animalia,Arthropoda,Malacostraca,Decapoda,Sesarmidae,Parasesarma,Parasesarma pictum,,"坐标(113.5498107308, 22.1133479486)不在澳门陆地区域内，疑似位于海上"
358501893,2026-04-26T00:00:00,2026-04-26T01:49:00,False,22.1133479486,113.5498107308,Animalia,Animalia,Arthropoda,Malacostraca,Decapoda,Sesarmidae,Parasesarma,Parasesarma continentale,,"坐标(113.5498107308, 22.1133479486)不在澳门陆地区域内，疑似位于海上"
358501899,2026-04-26T00:00:00,2026-04-26T01:57:00,False,22.1133479486,113.5498107308,Actinopterygii,Animalia,Chordata,Actinopterygii,Gobiiformes,Oxudercidae,Periophthalmus,Periophthalmus modestus,,"坐标(113.5498107308, 22.1133479486)不在澳门陆地区域内，疑似位于海上"
358501903,2026-04-26T00:00:00,2026-04-26T02:01:00,False,22.1133479486,113.5498107308,Animalia,Animalia,Arthropoda,Malacostraca,Decapoda,Sesarmidae,Parasesarma,Parasesarma pictum,,"坐标(113.5498107308, 22.1133479486)不在澳门陆地区域内，疑似位于海上"
358501905,2026-04-26T00:00:00,2026-04-26T02:20:00,False,22.1133479486,113.5498107308,Actinopterygii,Animalia,Chordata,Actinopterygii,Gobiiformes,Gobiidae,Glossogobius,Glossogobius olivaceus,,"坐标(113.5498107308, 22.1133479486)不在澳门陆地区域内，疑似位于海上"
358501916,2026-04-26T00:00:00,2026-04-26T02:38:00,False,22.1133479486,113.5498107308,Insecta,Animalia,Arthropoda,Insecta,Coleoptera,Tenebrionidae,Strongylium,Strongylium erythrocephalum,,"坐标(113.5498107308, 22.1133479486)不在澳门陆地区域内，疑似位于海上"
358501922,2026-04-26T00:00:00,2026-04-26T02:41:00,False,22.1133479486,113.5498107308,Mollusca,Animalia,Mollusca,Gastropoda,Cycloneritida,Neritidae,Nerita,Nerita yoldii,,"坐标(113.5498107308, 22.1133479486)不在澳门陆地区域内，疑似位于海上"
358501924,2026-04-26T00:00:00,2026-04-26T02:41:00,False,22.1133479486,113.5498107308,Animalia,Animalia,Arthropoda,Malacostraca,Decapoda,Sesarmidae,Nanosesarma,Nanosesarma minutum,,"坐标(113.5498107308, 22.1133479486)不在澳门陆地区域内，疑似位于海上"
358501926,2026-04-26T00:00:00,2026-04-26T02:48:00,False,22.1133479486,113.5498107308,Animalia,Animalia,Arthropoda,Malacostraca,Decapoda,Camptandriidae,Baruna,Baruna sinensis,,"坐标(113.5498107308, 22.1133479486)不在澳门陆地区域内，疑似位于海上"
358501928,2026-04-26T00:00:00,2026-04-26T02:51:00,False,22.1133479486,113.5498107308,Animalia,Animalia,Arthropoda,Malacostraca,Decapoda,Sesarmidae,Nanosesarma,Nanosesarma minutum,,"坐标(113.5498107308, 22.1133479486)不在澳门陆地区域内，疑似位于海上"
358501930,2026-04-26T00:00:00,2026-04-26T02:54:00,False,22.1133479486,113.5498107308,Animalia,Animalia,Arthropoda,Malacostraca,Decapoda,Sesarmidae,Nanosesarma,Nanosesarma minutum,,"坐标(113.5498107308, 22.1133479486)不在澳门陆地区域内，疑似位于海上"
358501931,2026-04-26T00:00:00,2026-04-26T03:01:00,False,22.1133479486,113.5498107308,Animalia,Animalia,Arthropoda,Malacostraca,Decapoda,Varunidae,Hemigrapsus,Hemigrapsus takanoi,,"坐标(113.5498107308, 22.1133479486)不在澳门陆地区域内，疑似位于海上"
358501932,2026-04-26T00:00:00,2026-04-26T03:03:00,False,22.1133479486,113.5498107308,Animalia,Animalia,Arthropoda,Malacostraca,Decapoda,Varunidae,Hemigrapsus,Hemigrapsus takanoi,,"坐标(113.5498107308, 22.1133479486)不在澳门陆地区域内，疑似位于海上"
358501935,2026-04-26T00:00:00,2026-04-26T03:06:00,False,22.1133479486,113.5498107308,Animalia,Animalia,Arthropoda,Malacostraca,Decapoda,Sesarmidae,Parasesarma,Parasesarma pictum,,"坐标(113.5498107308, 22.1133479486)不在澳门陆地区域内，疑似位于海上"
358501938,2026-04-26T00:00:00,2026-04-26T03:07:00,False,22.1133479486,113.5498107308,Animalia,Animalia,Arthropoda,Malacostraca,Decapoda,Macrophthalmidae,Macrophthalmus,Macrophthalmus erato,,"坐标(113.5498107308, 22.1133479486)不在澳门陆地区域内，疑似位于海上"
358501941,2026-04-26T00:00:00,2026-04-26T03:13:00,False,22.1133479486,113.5498107308,Actinopterygii,Animalia,Chordata,Actinopterygii,Acanthuriformes,Sparidae,Rhabdosargus,Rhabdosargus sarba,,"坐标(113.5498107308, 22.1133479486)不在澳门陆地区域内，疑似位于海上"
358501942,2026-04-26T00:00:00,2026-04-26T03:14:00,False,22.1133479486,113.5498107308,Animalia,Animalia,Arthropoda,Malacostraca,Decapoda,Portunidae,Scylla,Scylla paramamosain,,"坐标(113.5498107308, 22.1133479486)不在澳门陆地区域内，疑似位于海上"
358501943,2026-04-26T00:00:00,2026-04-26T03:15:00,False,22.1133479486,113.5498107308,Actinopterygii,Animalia,Chordata,Actinopterygii,Acanthuriformes,Sparidae,Acanthopagrus,Acanthopagrus schlegelii,,"坐标(113.5498107308, 22.1133479486)不在澳门陆地区域内，疑似位于海上"
358501945,2026-04-26T00:00:00,2026-04-26T03:16:00,False,22.1133479486,113.5498107308,Actinopterygii,Animalia,Chordata,Actinopterygii,Acanthuriformes,Siganidae,Siganus,Siganus fuscescens,,"坐标(113.5498107308, 22.1133479486)不在澳门陆地区域内，疑似位于海上"
358501950,2026-04-26T00:00:00,2026-04-26T03:33:00,False,22.1133479486,113.5498107308,Actinopterygii,Animalia,Chordata,Actinopterygii,Acanthuriformes,Sparidae,Acanthopagrus,Acanthopagrus latus,,"坐标(113.5498107308, 22.1133479486)不在澳门陆地区域内，疑似位于海上"
358501954,2026-04-26T00:00:00,2026-04-26T03:39:00,False,22.1133479486,113.5498107308,Actinopterygii,Animalia,Chordata,Actinopterygii,Gobiiformes,Oxudercidae,Tridentiger,Tridentiger trigonocephalus,,"坐标(113.5498107308, 22.1133479486)不在澳门陆地区域内，疑似位于海上"
358501955,2026-04-26T00:00:00,2026-04-26T03:40:00,False,22.1133479486,113.5498107308,Actinopterygii,Animalia,Chordata,Actinopterygii,Gobiiformes,Gobiidae,Glossogobius,Glossogobius olivaceus,,"坐标(113.5498107308, 22.1133479486)不在澳门陆地区域内，疑似位于海上"
358501956,2026-04-26T00:00:00,2026-04-26T03:41:00,False,22.1133479486,113.5498107308,Mollusca,Animalia,Mollusca,Gastropoda,,Plakobranchidae,Elysia,Elysia hirasei,,"坐标(113.5498107308, 22.1133479486)不在澳门陆地区域内，疑似位于海上"
358501957,2026-04-26T00:00:00,2026-04-26T03:48:00,False,22.1133479486,113.5498107308,Animalia,Animalia,Arthropoda,Malacostraca,Decapoda,Paguridae,Pagurus,Pagurus minutus,,"坐标(113.5498107308, 22.1133479486)不在澳门陆地区域内，疑似位于海上"
358501959,2026-04-26T00:00:00,2026-04-26T03:49:00,False,22.1133479486,113.5498107308,Actinopterygii,Animalia,Chordata,Actinopterygii,Centrarchiformes,Terapontidae,Terapon,Terapon jarbua,,"坐标(113.5498107308, 22.1133479486)不在澳门陆地区域内，疑似位于海上"
358501967,2026-04-26T00:00:00,2026-04-26T04:15:00,False,22.1133479486,113.5498107308,Reptilia,Animalia,Chordata,Reptilia,Squamata,Gekkonidae,Hemidactylus,Hemidactylus brookii,,"坐标(113.5498107308, 22.1133479486)不在澳门陆地区域内，疑似位于海上"
358802537,2026-04-26T00:00:00,2026-04-26T17:07:00,False,22.1149263749,113.5503127212,Aves,Animalia,Chordata,Aves,Gruiformes,Rallidae,Amaurornis,Amaurornis phoenicurus,,"坐标(113.5503127212, 22.1149263749)不在澳门陆地区域内，疑似位于海上"
358802538,2026-04-26T00:00:00,2026-04-26T17:12:00,False,22.1149263749,113.5503127212,Aves,Animalia,Chordata,Aves,Passeriformes,Sturnidae,Gracupica,Gracupica nigricollis,,"坐标(113.5503127212, 22.1149263749)不在澳门陆地区域内，疑似位于海上"
358802540,2026-04-26T00:00:00,2026-04-26T17:19:00,False,22.1149263749,113.5503127212,Insecta,Animalia,Arthropoda,Insecta,Odonata,Coenagrionidae,Ischnura,Ischnura senegalensis,,"坐标(113.5503127212, 22.1149263749)不在澳门陆地区域内，疑似位于海上"
358802542,2026-04-26T00:00:00,2026-04-26T17:22:00,False,22.1149263749,113.5503127212,Actinopterygii,Animalia,Chordata,Actinopterygii,Cyprinodontiformes,Poeciliidae,Poecilia,Poecilia reticulata,,"坐标(113.5503127212, 22.1149263749)不在澳门陆地区域内，疑似位于海上"
358802547,2026-04-26T00:00:00,2026-04-26T18:23:00,False,22.1149263749,113.5503127212,Amphibia,Animalia,Chordata,Amphibia,Anura,Microhylidae,Microhyla,Microhyla fissipes,,"坐标(113.5503127212, 22.1149263749)不在澳门陆地区域内，疑似位于海上"
358933965,2026-04-26T00:00:00,2026-04-26T12:23:53,False,22.1816675775,113.5437588147,Insecta,Animalia,Arthropoda,Insecta,Lepidoptera,Nymphalidae,Neptis,Neptis hylas,,"坐标(113.5437588147, 22.1816675775)不在澳门陆地区域内，疑似位于海上"
358972837,2026-04-24T00:00:00,2026-04-24T14:05:43,False,22.1853383333,113.5351716667,Fungi,Fungi,Ascomycota,Arthoniomycetes,Arthoniales,Chrysotrichaceae,Chrysothrix,Chrysothrix xanthina,,"坐标(113.5351716667, 22.1853383333)不在澳门陆地区域内，疑似位于海上"
359179877,2026-04-26T00:00:00,2026-04-26T15:39:03,False,22.1621322631,113.5418548583,Plantae,Plantae,Tracheophyta,Magnoliopsida,Caryophyllales,Amaranthaceae,Amaranthus,Amaranthus tricolor,,"坐标(113.5418548583, 22.1621322631)不在澳门陆地区域内，疑似位于海上"
359182775,2026-04-26T00:00:00,2026-04-26T16:26:00,False,22.1600578824,113.5445641726,Plantae,Plantae,Tracheophyta,Magnoliopsida,Malvales,Malvaceae,Abelmoschus,Abelmoschus esculentus,,"坐标(113.5445641726, 22.1600578824)不在澳门陆地区域内，疑似位于海上"
359186365,2026-04-24T00:00:00,2026-04-24T22:39:35,False,22.1649908576,113.5942589284,Plantae,Plantae,Tracheophyta,Liliopsida,Pandanales,Pandanaceae,Pandanus,Pandanus tectorius,,"坐标(113.5942589284, 22.1649908576)不在澳门陆地区域内，疑似位于海上"
359186774,2026-04-24T00:00:00,2026-04-24T22:37:18,False,22.1098776066,113.562831339,Plantae,Plantae,Tracheophyta,Liliopsida,Poales,Poaceae,Lophatherum,Lophatherum gracile,,"坐标(113.562831339, 22.1098776066)不在澳门陆地区域内，疑似位于海上"
359187571,2026-04-24T00:00:00,2026-04-24T21:41:58,False,22.0852783994,113.5985219184,Amphibia,Animalia,Chordata,Amphibia,Anura,Rhacophoridae,Polypedates,Polypedates megacephalus,,"坐标(113.5985219184, 22.0852783994)不在澳门陆地区域内，疑似位于海上"
359188742,2026-04-24T00:00:00,2026-04-24T06:52:01,False,22.1548989776,113.5422562444,Plantae,Plantae,Tracheophyta,Magnoliopsida,Oxalidales,Oxalidaceae,Oxalis,Oxalis debilis,,"坐标(113.5422562444, 22.1548989776)不在澳门陆地区域内，疑似位于海上"
359189725,2026-04-24T00:00:00,2026-04-24T06:33:29,False,22.179231382,113.5943464687,Plantae,Plantae,Tracheophyta,Magnoliopsida,Laurales,Lauraceae,Cinnamomum,Cinnamomum burmanni,,"坐标(113.5943464687, 22.179231382)不在澳门陆地区域内，疑似位于海上"
359401063,2026-04-27T00:00:00,2026-04-27T14:21:00,False,22.1623992786,113.59105422,Insecta,Animalia,Arthropoda,Insecta,Odonata,Aeshnidae,Tetracanthagyna,Tetracanthagyna waterhousei,,"坐标(113.59105422, 22.1623992786)不在澳门陆地区域内，疑似位于海上"
359402503,2026-04-27T00:00:00,2026-04-27T18:40:00,False,22.1134722513,113.5736623024,Aves,Animalia,Chordata,Aves,Pelecaniformes,Ardeidae,Butorides,Butorides atricapilla,,"坐标(113.5736623024, 22.1134722513)不在澳门陆地区域内，疑似位于海上"
359402506,2026-04-27T00:00:00,2026-04-27T18:41:00,False,22.1134722513,113.5736623024,Aves,Animalia,Chordata,Aves,Coraciiformes,Alcedinidae,Halcyon,Halcyon smyrnensis,,"坐标(113.5736623024, 22.1134722513)不在澳门陆地区域内，疑似位于海上"
359786473,2026-04-26T00:00:00,2026-04-26T18:10:58,False,22.1822445043,113.596421869,Aves,Animalia,Chordata,Aves,Passeriformes,Motacillidae,Motacilla,Motacilla alba,,"坐标(113.596421869, 22.1822445043)不在澳门陆地区域内，疑似位于海上"
