scientific_name,chinese_name,matched_scientific_name,inaturalist_taxon_id,rank,record_count,iconic_taxon_name,taxon_kingdom_name,taxon_class_name,taxon_family_name,taxon_genus_name,observations_count,source,error,queried_at
Abelia chinensis,糯米条,Abelia chinensis,553157,species,2,Plantae,Plantae,Magnoliopsida,Caprifoliaceae,Abelia,2215,iNaturalist,,2026-06-16T18:48:12
Abelmoschus esculentus,秋葵,Abelmoschus esculentus,157765,species,1,Plantae,Plantae,Magnoliopsida,Malvaceae,Abelmoschus,5304,iNaturalist,,2026-06-16T18:48:12
Abelmoschus manihot,黄蜀葵,Abelmoschus manihot,157766,species,1,Plantae,Plantae,Magnoliopsida,Malvaceae,Abelmoschus,736,iNaturalist,,2026-06-16T18:48:12
Abelmoschus moschatus,黄葵,Abelmoschus moschatus,157767,species,3,Plantae,Plantae,Magnoliopsida,Malvaceae,Abelmoschus,1447,iNaturalist,,2026-06-16T18:48:12
Abelmoschus rhodopetalus,箭叶秋葵,Abelmoschus rhodopetalus,1516708,species,4,Plantae,Plantae,Magnoliopsida,Malvaceae,Abelmoschus,570,iNaturalist,,2026-06-16T18:48:12
Abisara echerius,蛇目褐蚬蝶,Abisara echerius,62317,species,34,Insecta,Animalia,Insecta,Riodinidae,Abisara,4643,iNaturalist,,2026-06-16T18:48:12
Abortiporus biennis,二年残孔菌,Abortiporus biennis,118041,species,1,Fungi,Fungi,Agaricomycetes,Podoscyphaceae,Abortiporus,10651,iNaturalist,,2026-06-16T18:48:12
Abraxas illuminata,金星尺蛾,Abraxas illuminata,194589,species,20,Insecta,Animalia,Insecta,Geometridae,Abraxas,1292,iNaturalist,,2026-06-16T18:48:12
Abrus precatorius,相思子,Abrus precatorius,122099,species,5,Plantae,Plantae,Magnoliopsida,Fabaceae,Abrus,9651,iNaturalist,,2026-06-16T18:48:12
Abutilon theophrasti,苘麻,Abutilon theophrasti,60214,species,1,Plantae,Plantae,Magnoliopsida,Malvaceae,Abutilon,20391,iNaturalist,,2026-06-16T18:48:12
Acacia auriculiformis,大叶相思,Acacia auriculiformis,52445,species,40,Plantae,Plantae,Magnoliopsida,Fabaceae,Acacia,5684,iNaturalist,,2026-06-16T18:48:12
Acacia confusa,台湾相思,Acacia confusa,47444,species,127,Plantae,Plantae,Magnoliopsida,Fabaceae,Acacia,8870,iNaturalist,,2026-06-16T18:48:12
Acacia mangium,马占相思,Acacia mangium,199319,species,10,Plantae,Plantae,Magnoliopsida,Fabaceae,Acacia,2473,iNaturalist,,2026-06-16T18:48:12
Acacia podalyriifolia,珍珠金合欢,Acacia podalyriifolia,75252,species,5,Plantae,Plantae,Magnoliopsida,Fabaceae,Acacia,3630,iNaturalist,,2026-06-16T18:48:12
Acacia terminalis,阳光相思,Acacia terminalis,157881,species,1,Plantae,Plantae,Magnoliopsida,Fabaceae,Acacia,4284,iNaturalist,,2026-06-16T18:48:12
Acacia uncifolia,,Acacia uncifolia,560392,species,1,Plantae,Plantae,Magnoliopsida,Fabaceae,Acacia,380,iNaturalist,,2026-06-16T18:48:12
Acalypha australis,铁苋菜,Acalypha australis,157889,species,20,Plantae,Plantae,Magnoliopsida,Euphorbiaceae,Acalypha,3401,iNaturalist,,2026-06-16T18:48:13
Acalypha herzogiana,红尾铁苋,Acalypha herzogiana,868716,species,7,Plantae,Plantae,Magnoliopsida,Euphorbiaceae,Acalypha,1903,iNaturalist,,2026-06-16T18:48:13
Acalypha hispida,红穗铁苋菜,Acalypha hispida,208742,species,101,Plantae,Plantae,Magnoliopsida,Euphorbiaceae,Acalypha,6477,iNaturalist,,2026-06-16T18:48:13
Acalypha indica,热带铁苋,Acalypha indica,157894,species,1,Plantae,Plantae,Magnoliopsida,Euphorbiaceae,Acalypha,5105,iNaturalist,,2026-06-16T18:48:13
Acalypha rhomboidea,北美铁苋,Acalypha rhomboidea,157903,species,1,Plantae,Plantae,Magnoliopsida,Euphorbiaceae,Acalypha,15963,iNaturalist,,2026-06-16T18:48:13
Acalypha siamensis,菱叶铁苋菜,Acalypha siamensis,344231,species,38,Plantae,Plantae,Magnoliopsida,Euphorbiaceae,Acalypha,507,iNaturalist,,2026-06-16T18:48:13
Acalypha wilkesiana,红桑,Acalypha wilkesiana,281562,species,60,Plantae,Plantae,Magnoliopsida,Euphorbiaceae,Acalypha,9210,iNaturalist,,2026-06-16T18:48:13
Acanthopagrus latus,黄鳍棘鲷,Acanthopagrus latus,245762,species,1,Actinopterygii,Animalia,Actinopterygii,Sparidae,Acanthopagrus,248,iNaturalist,,2026-06-16T18:48:13
Acanthopagrus schlegelii,黑棘鲷,Acanthopagrus schlegelii,354333,species,4,Actinopterygii,Animalia,Actinopterygii,Sparidae,Acanthopagrus,552,iNaturalist,,2026-06-16T18:48:14
Acanthosepion pharaonis,虎斑乌贼,Acanthosepion pharaonis,1500642,species,5,Mollusca,Animalia,Cephalopoda,Sepiidae,Acanthosepion,1002,iNaturalist,,2026-06-16T18:48:14
Acanthus ilicifolius,老鼠簕,Acanthus ilicifolius,188925,species,15,Plantae,Plantae,Magnoliopsida,Acanthaceae,Acanthus,2081,iNaturalist,,2026-06-16T18:48:14
Acarospora fuscata,暗黑微孢衣,Acarospora fuscata,182542,species,1,Fungi,Fungi,Lecanoromycetes,Acarosporaceae,Acarospora,3381,iNaturalist,,2026-06-16T18:48:14
Acer buergerianum,三角槭,Acer buergerianum,337792,species,2,Plantae,Plantae,Magnoliopsida,Sapindaceae,Acer,4808,iNaturalist,,2026-06-16T18:48:14
Acer palmatum,鸡爪槭,Acer palmatum,63512,species,25,Plantae,Plantae,Magnoliopsida,Sapindaceae,Acer,58925,iNaturalist,,2026-06-16T18:48:14
Acer serrulatum,台湾五裂枫,Acer serrulatum,704074,species,2,Plantae,Plantae,Magnoliopsida,Sapindaceae,Acer,3570,iNaturalist,,2026-06-16T18:48:14
Aceria tristriata,核桃绒毛瘿螨,Aceria tristriata,776436,species,1,Arachnida,Animalia,Arachnida,Eriophyidae,Aceria,405,iNaturalist,,2026-06-16T18:48:14
Achaea serva,人心果阿夜蛾,Achaea serva,244053,species,2,Insecta,Animalia,Insecta,Erebidae,Achaea,1069,iNaturalist,,2026-06-16T18:48:14
Acheron longus,锯角蝶角蛉,Acheron longus,1290471,species,23,Insecta,Animalia,Insecta,Myrmeleontidae,Acheron,893,iNaturalist,,2026-06-16T18:48:14
Acherontia lachesis,鬼脸天蛾,Acherontia lachesis,121837,species,2,Insecta,Animalia,Insecta,Sphingidae,Acherontia,2999,iNaturalist,,2026-06-16T18:48:14
Acheta domesticus,家蟋蟀,Acheta domesticus,133220,species,1,Insecta,Animalia,Insecta,Gryllidae,Acheta,4553,iNaturalist,,2026-06-16T18:48:14
Achimenes grandiflora,大花长筒花,Achimenes grandiflora,153062,species,2,Plantae,Plantae,Magnoliopsida,Gesneriaceae,Achimenes,648,iNaturalist,,2026-06-16T18:48:14
Achyranthes aspera,土牛膝,Achyranthes aspera,157960,species,1,Plantae,Plantae,Magnoliopsida,Amaranthaceae,Achyranthes,10048,iNaturalist,,2026-06-16T18:48:14
Acisoma panorpoides,锥腹蜻,Acisoma panorpoides,93195,species,7,Insecta,Animalia,Insecta,Libellulidae,Acisoma,6400,iNaturalist,,2026-06-16T18:48:14
Acmella uliginosa,沼生金纽扣,Acmella uliginosa,121285,species,2,Plantae,Plantae,Magnoliopsida,Asteraceae,Acmella,2128,iNaturalist,,2026-06-16T18:48:14
Acorus calamus,菖蒲,Acorus calamus,82306,species,5,Plantae,Plantae,Liliopsida,Acoraceae,Acorus,4144,iNaturalist,,2026-06-16T18:48:15
Acorus gramineus,金钱蒲,Acorus gramineus,327370,species,121,Plantae,Plantae,Liliopsida,Acoraceae,Acorus,1852,iNaturalist,,2026-06-16T18:48:15
Acosmeryx anceus,姬缺角天蛾,Acosmeryx anceus,121804,species,5,Insecta,Animalia,Insecta,Sphingidae,Acosmeryx,1234,iNaturalist,,2026-06-16T18:48:15
Acridotheres cristatellus,八哥,Acridotheres cristatellus,14872,species,274,Aves,Animalia,Aves,Sturnidae,Acridotheres,9943,iNaturalist,,2026-06-16T18:48:15
Acridotheres javanicus,爪哇八哥,Acridotheres javanicus,145095,species,2,Aves,Animalia,Aves,Sturnidae,Acridotheres,15824,iNaturalist,,2026-06-16T18:48:15
Acridotheres tristis,家八哥,Acridotheres tristis,204454,species,14,Aves,Animalia,Aves,Sturnidae,Acridotheres,65990,iNaturalist,,2026-06-16T18:48:15
Acrocephalus bistrigiceps,黑眉苇莺,Acrocephalus bistrigiceps,116795,species,2,Aves,Animalia,Aves,Acrocephalidae,Acrocephalus,1466,iNaturalist,,2026-06-16T18:48:15
Acrocephalus orientalis,东方大苇莺,Acrocephalus orientalis,144928,species,3,Aves,Animalia,Aves,Acrocephalidae,Acrocephalus,3108,iNaturalist,,2026-06-16T18:48:15
Acronychia pedunculata,山油柑,Acronychia pedunculata,556222,species,9,Plantae,Plantae,Magnoliopsida,Rutaceae,Acronychia,1051,iNaturalist,,2026-06-16T18:48:16
Acrostichum aureum,卤蕨,Acrostichum aureum,136915,species,19,Plantae,Plantae,Polypodiopsida,Pteridaceae,Acrostichum,2921,iNaturalist,,2026-06-16T18:48:16
Acrostichum speciosum,尖叶卤蕨,Acrostichum speciosum,196664,species,1,Plantae,Plantae,Polypodiopsida,Pteridaceae,Acrostichum,1002,iNaturalist,,2026-06-16T18:48:16
Actias ningpoana,宁波尾大蚕蛾,Actias ningpoana,68365,species,4,Insecta,Animalia,Insecta,Saturniidae,Actias,2481,iNaturalist,,2026-06-16T18:48:16
Actinidia chinensis,中华猕猴桃,Actinidia chinensis,55149,species,2,Plantae,Plantae,Magnoliopsida,Actinidiaceae,Actinidia,3053,iNaturalist,,2026-06-16T18:48:16
Actitis hypoleucos,矶鹬,Actitis hypoleucos,3978,species,13,Aves,Animalia,Aves,Scolopacidae,Actitis,61200,iNaturalist,,2026-06-16T18:48:16
Acusta redfieldi,细纹尖巴蜗牛,Acusta redfieldi,1080675,species,3,Mollusca,Animalia,Gastropoda,Camaenidae,Acusta,1419,iNaturalist,,2026-06-16T18:48:16
Acytolepis puspa,钮灰蝶,Acytolepis puspa,320002,species,4,Insecta,Animalia,Insecta,Lycaenidae,Acytolepis,10504,iNaturalist,,2026-06-16T18:48:16
Adenanthera microsperma,海红豆,Adenanthera microsperma,487648,species,3,Plantae,Plantae,Magnoliopsida,Fabaceae,Adenanthera,355,iNaturalist,,2026-06-16T18:48:16
Adenanthera pavonina,海红豆,Adenanthera pavonina,158007,species,7,Plantae,Plantae,Magnoliopsida,Fabaceae,Adenanthera,2965,iNaturalist,,2026-06-16T18:48:16
Adenopodia spicata,腺柄豆,Adenopodia spicata,579105,species,1,Plantae,Plantae,Magnoliopsida,Fabaceae,Adenopodia,444,iNaturalist,,2026-06-16T18:48:16
Adenosma glutinosum,毛麝香,Adenosma glutinosa,504103,species,1,Plantae,Plantae,Magnoliopsida,Plantaginaceae,Adenosma,591,iNaturalist,,2026-06-16T18:48:16
Adenostemma lavenia,下田菊,Adenostemma lavenia,158017,species,1,Plantae,Plantae,Magnoliopsida,Asteraceae,Adenostemma,735,iNaturalist,,2026-06-16T18:48:16
Adiantum capillus-veneris,铁线蕨,Adiantum capillus-veneris,63916,species,73,Plantae,Plantae,Polypodiopsida,Pteridaceae,Adiantum,24884,iNaturalist,,2026-06-16T18:48:16
Adiantum caudatum,鞭叶铁线蕨,Adiantum caudatum,158019,species,6,Plantae,Plantae,Polypodiopsida,Pteridaceae,Adiantum,1437,iNaturalist,,2026-06-16T18:48:16
Adiantum concinnum,,Adiantum concinnum,275606,species,1,Plantae,Plantae,Polypodiopsida,Pteridaceae,Adiantum,1302,iNaturalist,,2026-06-16T18:48:16
Adiantum flabellulatum,扇叶铁线蕨,Adiantum flabellulatum,427840,species,127,Plantae,Plantae,Polypodiopsida,Pteridaceae,Adiantum,2996,iNaturalist,,2026-06-16T18:48:17
Adiantum hispidulum,毛叶铁线蕨,Adiantum hispidulum,158020,species,4,Plantae,Plantae,Polypodiopsida,Pteridaceae,Adiantum,5331,iNaturalist,,2026-06-16T18:48:17
Adiantum malesianum,假鞭叶铁线蕨,Adiantum malesianum,502021,species,15,Plantae,Plantae,Polypodiopsida,Pteridaceae,Adiantum,833,iNaturalist,,2026-06-16T18:48:17
Adiantum philippense,半月形铁线蕨,Adiantum philippense,138352,species,7,Plantae,Plantae,Polypodiopsida,Pteridaceae,Adiantum,2379,iNaturalist,,2026-06-16T18:48:17
Adiantum raddianum,楔叶铁线蕨,Adiantum raddianum,158023,species,3,Plantae,Plantae,Polypodiopsida,Pteridaceae,Adiantum,3317,iNaturalist,,2026-06-16T18:48:17
Adiantum tenerum,脆铁线蕨,Adiantum tenerum,132645,species,10,Plantae,Plantae,Polypodiopsida,Pteridaceae,Adiantum,1770,iNaturalist,,2026-06-16T18:48:17
Adina pilulifera,水团花,Adina pilulifera,556248,species,4,Plantae,Plantae,Magnoliopsida,Rubiaceae,Adina,498,iNaturalist,,2026-06-16T18:48:17
Adinandra millettii,杨桐,Adinandra millettii,556510,species,1,Plantae,Plantae,Magnoliopsida,Pentaphylacaceae,Adinandra,257,iNaturalist,,2026-06-16T18:48:17
Adonis apennina,北侧金盏花,Adonis apennina,1291358,species,1,Plantae,Plantae,Magnoliopsida,Ranunculaceae,Adonis,1004,iNaturalist,,2026-06-16T18:48:18
Adoretus cribratus,,Adoretus cribratus,1113247,species,1,Insecta,Animalia,Insecta,Scarabaeidae,Adoretus,34,iNaturalist,,2026-06-16T18:48:18
Adoxophyes privatana,茶角纹小卷蛾,Adoxophyes privatana,204059,species,6,Insecta,Animalia,Insecta,Tortricidae,Adoxophyes,1517,iNaturalist,,2026-06-16T18:48:18
Adrisa magna,大鳖土蝽,Adrisa magna,343621,species,2,Insecta,Animalia,Insecta,Cydnidae,Adrisa,897,iNaturalist,,2026-06-16T18:48:18
Aechmea fasciata,美叶光萼荷,Aechmea fasciata,416202,species,5,Plantae,Plantae,Liliopsida,Bromeliaceae,Aechmea,3173,iNaturalist,,2026-06-16T18:48:18
Aechmea magdalenae,,Aechmea magdalenae,273939,species,1,Plantae,Plantae,Liliopsida,Bromeliaceae,Aechmea,399,iNaturalist,,2026-06-16T18:48:18
Aedes albopictus,白纹伊蚊,Aedes albopictus,62984,species,54,Insecta,Animalia,Insecta,Culicidae,Aedes,18462,iNaturalist,,2026-06-16T18:48:18
Aedia leucomelas,白斑烦夜蛾,Aedia leucomelas,339567,species,1,Insecta,Animalia,Insecta,Noctuidae,Aedia,3948,iNaturalist,,2026-06-16T18:48:18
Aegiceras corniculatum,蜡烛果,Aegiceras corniculatum,183233,species,39,Plantae,Plantae,Magnoliopsida,Primulaceae,Aegiceras,3297,iNaturalist,,2026-06-16T18:48:18
Aegolipton marginale,缘毛角天牛,Aegolipton marginale,490712,species,4,Insecta,Animalia,Insecta,Cerambycidae,Aegolipton,431,iNaturalist,,2026-06-16T18:48:18
Aethopyga christinae,叉尾太阳鸟,Aethopyga christinae,13428,species,4,Aves,Animalia,Aves,Nectariniidae,Aethopyga,2558,iNaturalist,,2026-06-16T18:48:18
Agama picticauda,纹尾鬣蜥,Agama picticauda,797597,species,1,Reptilia,Animalia,Reptilia,Agamidae,Agama,15657,iNaturalist,,2026-06-16T18:48:18
Agapanthus africanus,百子莲,Agapanthus africanus,56019,species,2,Plantae,Plantae,Liliopsida,Amaryllidaceae,Agapanthus,2789,iNaturalist,,2026-06-16T18:48:19
Agapanthus praecox,早花百子莲,Agapanthus praecox,199324,species,5,Plantae,Plantae,Liliopsida,Amaryllidaceae,Agapanthus,20108,iNaturalist,,2026-06-16T18:48:18
Agaricus arvensis,野蘑菇,Agaricus arvensis,58699,species,1,Fungi,Fungi,Agaricomycetes,Agaricaceae,Agaricus,9055,iNaturalist,,2026-06-16T18:48:19
Agathia lycaenaria,夹竹桃艳青尺蛾,Agathia lycaenaria,124246,species,2,Insecta,Animalia,Insecta,Geometridae,Agathia,576,iNaturalist,,2026-06-16T18:48:19
Agave americana,龙舌兰,Agave americana,64103,species,1,Plantae,Plantae,Liliopsida,Asparagaceae,Agave,40063,iNaturalist,,2026-06-16T18:48:19
Agave angustifolia,狭叶龙舌兰,Agave angustifolia,50821,species,18,Plantae,Plantae,Liliopsida,Asparagaceae,Agave,7338,iNaturalist,,2026-06-16T18:48:19
Agave decipiens,显茎龙舌兰,Agave decipiens,158088,species,3,Plantae,Plantae,Liliopsida,Asparagaceae,Agave,798,iNaturalist,,2026-06-16T18:48:19
Agave desmettiana,礼美龙舌兰,Agave desmetiana,158090,species,2,Plantae,Plantae,Liliopsida,Asparagaceae,Agave,4252,iNaturalist,,2026-06-16T18:48:19
Agave kerchovei,五色万代,Agave kerchovei,281040,species,1,Plantae,Plantae,Liliopsida,Asparagaceae,Agave,492,iNaturalist,,2026-06-16T18:48:19
Agave lophantha,单纹龙舌兰,Agave lophantha,158093,species,1,Plantae,Plantae,Liliopsida,Asparagaceae,Agave,1891,iNaturalist,,2026-06-16T18:48:19
Agave sisalana,剑麻,Agave sisalana,158103,species,4,Plantae,Plantae,Liliopsida,Asparagaceae,Agave,3492,iNaturalist,,2026-06-16T18:48:19
Agave vivipara,狭叶龙舌兰,Agave vivipara,204923,species,35,Plantae,Plantae,Liliopsida,Asparagaceae,Agave,3786,iNaturalist,,2026-06-16T18:48:19
Agenocimbex maculatus,朴童锤角叶蜂,Agenocimbex maculatus,1455037,species,1,Insecta,Animalia,Insecta,Cimbicidae,Agenocimbex,340,iNaturalist,,2026-06-16T18:48:20
Ageratum conyzoides,藿香蓟,Ageratum conyzoides,143422,species,24,Plantae,Plantae,Magnoliopsida,Asteraceae,Ageratum,13911,iNaturalist,,2026-06-16T18:48:20
Ageratum houstonianum,熊耳草,Ageratum houstonianum,120944,species,4,Plantae,Plantae,Magnoliopsida,Asteraceae,Ageratum,19995,iNaturalist,,2026-06-16T18:48:20
Aglaia elaeagnoidea,山椤,Aglaia elaeagnoidea,189024,species,1,Plantae,Plantae,Magnoliopsida,Meliaceae,Aglaia,208,iNaturalist,,2026-06-16T18:48:20
Aglaia odorata,米仔兰,Aglaia odorata,189056,species,129,Plantae,Plantae,Magnoliopsida,Meliaceae,Aglaia,4220,iNaturalist,,2026-06-16T18:48:20
Aglaonema commutatum,银后万年青,Aglaonema commutatum,158118,species,13,Plantae,Plantae,Liliopsida,Araceae,Aglaonema,4863,iNaturalist,,2026-06-16T18:48:20
Agriocnemis pygmaea,黄尾小蟌,Agriocnemis pygmaea,93558,species,9,Insecta,Animalia,Insecta,Coenagrionidae,Agriocnemis,8503,iNaturalist,,2026-06-16T18:48:20
Agrius convolvuli,甘薯天蛾,Agrius convolvuli,124031,species,5,Insecta,Animalia,Insecta,Sphingidae,Agrius,23604,iNaturalist,,2026-06-16T18:48:20
Agrocybe retigera,,Agrocybe retigera,179246,species,2,Fungi,Fungi,Agaricomycetes,Hymenogastraceae,Agrocybe,1164,iNaturalist,,2026-06-16T18:48:20
Agrotis ipsilon,小地老虎,Agrotis ipsilon,126276,species,1,Insecta,Animalia,Insecta,Noctuidae,Agrotis,31296,iNaturalist,,2026-06-16T18:48:21
Ahaetulla prasina,绿瘦蛇,Ahaetulla prasina,30187,species,1,Reptilia,Animalia,Reptilia,Colubridae,Ahaetulla,6250,iNaturalist,,2026-06-16T18:48:21
Ailanthus altissima,臭椿,Ailanthus altissima,57278,species,2,Plantae,Plantae,Magnoliopsida,Simaroubaceae,Ailanthus,114391,iNaturalist,,2026-06-16T18:48:21
Ailuropoda melanoleuca,大熊猫,Ailuropoda melanoleuca,41659,species,1,Mammalia,Animalia,Mammalia,Ursidae,Ailuropoda,1326,iNaturalist,,2026-06-16T18:48:21
Ajuga nipponensis,,,,,3,Plantae,Plantae,Magnoliopsida,Lamiaceae,Ajuga,,iNaturalist,HTTPError: HTTP Error 429: normal_throttling,2026-06-16T18:48:29
Albizia julibrissin,,,,,4,Plantae,Plantae,Magnoliopsida,Fabaceae,Albizia,,iNaturalist,HTTPError: HTTP Error 429: normal_throttling,2026-06-16T18:48:29
Albizia lebbeck,,,,,44,Plantae,Plantae,Magnoliopsida,Fabaceae,Albizia,,iNaturalist,HTTPError: HTTP Error 429: normal_throttling,2026-06-16T18:48:29
Albizia procera,黄豆树,Albizia procera,158144,species,5,Plantae,Plantae,Magnoliopsida,Fabaceae,Albizia,960,iNaturalist,,2026-06-16T18:48:21
Alcea rosea,,,,,4,Plantae,Plantae,Magnoliopsida,Malvaceae,Alcea,,iNaturalist,HTTPError: HTTP Error 429: normal_throttling,2026-06-16T18:48:30
Alcedo atthis,,,,,15,Aves,Animalia,Aves,Alcedinidae,Alcedo,,iNaturalist,HTTPError: HTTP Error 429: normal_throttling,2026-06-16T18:48:30
Alchornea trewioides,,,,,1,Plantae,Plantae,Magnoliopsida,Euphorbiaceae,Alchornea,,iNaturalist,HTTPError: HTTP Error 429: normal_throttling,2026-06-16T18:48:30
Alcippe hueti,,,,,2,Aves,Animalia,Aves,Leiothrichidae,Alcippe,,iNaturalist,HTTPError: HTTP Error 429: normal_throttling,2026-06-16T18:48:30
Aldrichetta forsteri,福氏厚唇鲻,Aldrichetta forsteri,322001,species,1,Actinopterygii,Animalia,Actinopterygii,Mugilidae,Aldrichetta,1308,iNaturalist,,2026-06-16T18:48:22
Aleurites moluccanus,石栗,Aleurites moluccanus,370011,species,69,Plantae,Plantae,Magnoliopsida,Euphorbiaceae,Aleurites,4344,iNaturalist,,2026-06-16T18:48:23
Alissonotum pauper,光背蔗犀金龟,Alissonotum pauper,461436,species,4,Insecta,Animalia,Insecta,Scarabaeidae,Alissonotum,190,iNaturalist,,2026-06-16T18:48:23
Allaeotes niger,黑异象,Allaeotes niger,1269653,species,2,Insecta,Animalia,Insecta,Curculionidae,Allaeotes,50,iNaturalist,,2026-06-16T18:48:24
Allamanda blanchetii,紫蝉花,Allamanda blanchetii,338131,species,23,Plantae,Plantae,Magnoliopsida,Apocynaceae,Allamanda,6183,iNaturalist,,2026-06-16T18:48:25
Allamanda cathartica,软枝黄蝉,Allamanda cathartica,62937,species,99,Plantae,Plantae,Magnoliopsida,Apocynaceae,Allamanda,19916,iNaturalist,,2026-06-16T18:48:25
Allamanda schottii,硬枝黄蝉,Allamanda schottii,327732,species,246,Plantae,Plantae,Magnoliopsida,Apocynaceae,Allamanda,3372,iNaturalist,,2026-06-16T18:48:26
Allium cepa,洋葱,Allium cepa,48592,species,2,Plantae,Plantae,Liliopsida,Amaryllidaceae,Allium,4968,iNaturalist,,2026-06-16T18:48:27
Allium fistulosum,葱,Allium fistulosum,126225,species,9,Plantae,Plantae,Liliopsida,Amaryllidaceae,Allium,1893,iNaturalist,,2026-06-16T18:48:27
Allium sativum,大蒜,Allium sativum,75363,species,1,Plantae,Plantae,Liliopsida,Amaryllidaceae,Allium,3282,iNaturalist,,2026-06-16T18:48:28
Allium tuberosum,韭,Allium tuberosum,122343,species,2,Plantae,Plantae,Liliopsida,Amaryllidaceae,Allium,8071,iNaturalist,,2026-06-16T18:48:29
Allocasuarina littoralis,海滨异木麻黄,Allocasuarina littoralis,323786,species,3,Plantae,Plantae,Magnoliopsida,Casuarinaceae,Allocasuarina,5509,iNaturalist,,2026-06-16T18:48:29
Allocasuarina nana,,,,,12,Plantae,Plantae,Magnoliopsida,Casuarinaceae,Allocasuarina,,iNaturalist,HTTPError: HTTP Error 429: normal_throttling,2026-06-16T18:48:38
Allopeas gracile,,,,,1,Mollusca,Animalia,Gastropoda,Achatinidae,Allopeas,,iNaturalist,HTTPError: HTTP Error 429: normal_throttling,2026-06-16T18:48:38
Allotraeus rufescens,,,,,3,Insecta,Animalia,Insecta,Cerambycidae,Allotraeus,,iNaturalist,HTTPError: HTTP Error 429: normal_throttling,2026-06-16T18:48:39
Alocasia cucullata,尖尾芋,Alocasia cucullata,69232,species,7,Plantae,Plantae,Liliopsida,Araceae,Alocasia,2219,iNaturalist,,2026-06-16T18:48:30
Alocasia longiloba,,,,,1,Plantae,Plantae,Liliopsida,Araceae,Alocasia,,iNaturalist,HTTPError: HTTP Error 429: normal_throttling,2026-06-16T18:48:39
Alocasia macrorrhizos,热亚海芋,Alocasia macrorrhizos,126165,species,68,Plantae,Plantae,Liliopsida,Araceae,Alocasia,7722,iNaturalist,,2026-06-16T19:08:55
Alocasia odora,海芋,Alocasia odora,362126,species,170,Plantae,Plantae,Liliopsida,Araceae,Alocasia,19218,iNaturalist,,2026-06-16T19:07:54
Aloe arborescens,,,,,1,Plantae,Plantae,Liliopsida,Asphodelaceae,Aloe,,iNaturalist,HTTPError: HTTP Error 429: normal_throttling,2026-06-16T18:48:39
Aloe juvenna,翡翠殿,Aloe juvenna,512266,species,1,Plantae,Plantae,Liliopsida,Asphodelaceae,Aloe,960,iNaturalist,,2026-06-16T18:48:31
Aloe vera,芦荟,Aloe vera,126882,species,29,Plantae,Plantae,Liliopsida,Asphodelaceae,Aloe,47087,iNaturalist,,2026-06-16T18:48:32
Aloysia citrodora,柠檬马鞭草,Aloysia citrodora,332455,species,1,Plantae,Plantae,Magnoliopsida,Verbenaceae,Aloysia,4124,iNaturalist,,2026-06-16T18:48:32
Alpinia galanga,大高良姜,Alpinia galanga,123732,species,20,Plantae,Plantae,Liliopsida,Zingiberaceae,Alpinia,1135,iNaturalist,,2026-06-16T18:48:33
Alpinia hainanensis,海南山姜,Alpinia hainanensis,363313,species,36,Plantae,Plantae,Liliopsida,Zingiberaceae,Alpinia,1177,iNaturalist,,2026-06-16T18:48:34
Alpinia officinarum,高良姜,Alpinia officinarum,785903,species,1,Plantae,Plantae,Liliopsida,Zingiberaceae,Alpinia,69,iNaturalist,,2026-06-16T18:48:34
Alpinia oxyphylla,益智,Alpinia oxyphylla,544838,species,1,Plantae,Plantae,Liliopsida,Zingiberaceae,Alpinia,44,iNaturalist,,2026-06-16T18:48:35
Alpinia purpurata,紫花山姜,Alpinia purpurata,154466,species,4,Plantae,Plantae,Liliopsida,Zingiberaceae,Alpinia,21028,iNaturalist,,2026-06-16T18:48:36
Alpinia uraiensis,大花山姜,Alpinia uraiensis,821121,species,7,Plantae,Plantae,Liliopsida,Zingiberaceae,Alpinia,2824,iNaturalist,,2026-06-16T18:48:36
Alpinia zerumbet,艳山姜,Alpinia zerumbet,154776,species,84,Plantae,Plantae,Liliopsida,Zingiberaceae,Alpinia,18549,iNaturalist,,2026-06-16T18:48:37
Alstonia constricta,,Alstonia constricta,155623,species,1,Plantae,Plantae,Magnoliopsida,Apocynaceae,Alstonia,1020,iNaturalist,,2026-06-16T18:48:38
Alstonia scholaris,糖胶树,Alstonia scholaris,189179,species,28,Plantae,Plantae,Magnoliopsida,Apocynaceae,Alstonia,8315,iNaturalist,,2026-06-16T18:48:38
Alternanthera bettzickiana,,,,,3,Plantae,Plantae,Magnoliopsida,Amaranthaceae,Alternanthera,,iNaturalist,HTTPError: HTTP Error 429: normal_throttling,2026-06-16T18:48:48
Alternanthera brasiliana,红龙苋,Alternanthera brasiliana,158226,species,52,Plantae,Plantae,Magnoliopsida,Amaranthaceae,Alternanthera,9372,iNaturalist,,2026-06-16T18:48:44
Alternanthera ficoidea,绿苋草,Alternanthera ficoidea,279260,species,2,Plantae,Plantae,Magnoliopsida,Amaranthaceae,Alternanthera,5755,iNaturalist,,2026-06-16T18:48:39
Alternanthera philoxeroides,空心莲子草,Alternanthera philoxeroides,75386,species,13,Plantae,Plantae,Magnoliopsida,Amaranthaceae,Alternanthera,15760,iNaturalist,,2026-06-16T18:48:41
Alternanthera pungens,刺花莲子草,Alternanthera pungens,158231,species,2,Plantae,Plantae,Magnoliopsida,Amaranthaceae,Alternanthera,4041,iNaturalist,,2026-06-16T18:48:45
Alternanthera sessilis,,,,,12,Plantae,Plantae,Magnoliopsida,Amaranthaceae,Alternanthera,,iNaturalist,HTTPError: HTTP Error 429: normal_throttling,2026-06-16T18:48:48
Altica birmanensis,,,,,1,Insecta,Animalia,Insecta,Chrysomelidae,Altica,,iNaturalist,HTTPError: HTTP Error 429: normal_throttling,2026-06-16T18:48:48
Altica cyanea,,,,,2,Insecta,Animalia,Insecta,Chrysomelidae,Altica,,iNaturalist,HTTPError: HTTP Error 429: normal_throttling,2026-06-16T18:48:48
Alysicarpus vaginalis,链荚豆,Alysicarpus vaginalis,131566,species,5,Plantae,Plantae,Magnoliopsida,Fabaceae,Alysicarpus,5574,iNaturalist,,2026-06-16T18:48:40
Alyxia sinensis,链珠藤,Alyxia sinensis,607656,species,2,Plantae,Plantae,Magnoliopsida,Apocynaceae,Alyxia,179,iNaturalist,,2026-06-16T18:48:41
Amaranthus blitum,,,,,29,Plantae,Plantae,Magnoliopsida,Amaranthaceae,Amaranthus,,iNaturalist,HTTPError: HTTP Error 429: normal_throttling,2026-06-16T18:48:50
Amaranthus deflexus,大果苋,Amaranthus deflexus,75393,species,3,Plantae,Plantae,Magnoliopsida,Amaranthaceae,Amaranthus,5263,iNaturalist,,2026-06-16T18:48:42
Amaranthus spinosus,刺苋,Amaranthus spinosus,62917,species,1,Plantae,Plantae,Magnoliopsida,Amaranthaceae,Amaranthus,4220,iNaturalist,,2026-06-16T18:48:43
Amaranthus tricolor,苋,Amaranthus tricolor,158256,species,9,Plantae,Plantae,Magnoliopsida,Amaranthaceae,Amaranthus,1023,iNaturalist,,2026-06-16T18:48:43
Amaranthus viridis,,,,,39,Plantae,Plantae,Magnoliopsida,Amaranthaceae,Amaranthus,,iNaturalist,HTTPError: HTTP Error 429: normal_throttling,2026-06-16T18:48:53
Amata grotei,,,,,2,Insecta,Animalia,Insecta,Erebidae,Amata,,iNaturalist,HTTPError: HTTP Error 429: normal_throttling,2026-06-16T18:48:53
Amata huebneri,明窗鹿蛾,Amata huebneri,354050,species,1,Insecta,Animalia,Insecta,Erebidae,Amata,6814,iNaturalist,,2026-06-16T18:48:45
Amata polymita,多纹鹿蛾,Amata polymita,326464,species,11,Insecta,Animalia,Insecta,Erebidae,Amata,1583,iNaturalist,,2026-06-16T18:48:46
Amata sperbius,南鹿蛾,Amata sperbius,199987,species,1,Insecta,Animalia,Insecta,Erebidae,Amata,2230,iNaturalist,,2026-06-16T18:48:47
Amaurornis phoenicurus,白胸苦恶鸟,Amaurornis phoenicurus,199,species,35,Aves,Animalia,Aves,Rallidae,Amaurornis,19517,iNaturalist,,2026-06-16T18:48:47
Ambigolimax valentianus,瓦伦西亚游荡蛞蝓,Ambigolimax valentianus,448331,species,1,Mollusca,Animalia,Gastropoda,Limacidae,Ambigolimax,8407,iNaturalist,,2026-06-16T18:48:48
Amblystegium serpens,柳叶藓,Amblystegium serpens,154122,species,1,Plantae,Plantae,Bryopsida,Amblystegiaceae,Amblystegium,6130,iNaturalist,,2026-06-16T18:48:50
Ambrosia artemisiifolia,豚草,Ambrosia artemisiifolia,53587,species,2,Plantae,Plantae,Magnoliopsida,Asteraceae,Ambrosia,79726,iNaturalist,,2026-06-16T18:48:49
Amegilla calceifera,,,,,7,Insecta,Animalia,Insecta,Apidae,Amegilla,,iNaturalist,HTTPError: HTTP Error 429: normal_throttling,2026-06-16T18:48:57
Ammannia latifolia,,,,,1,Plantae,Plantae,Magnoliopsida,Lythraceae,Ammannia,,iNaturalist,HTTPError: HTTP Error 429: normal_throttling,2026-06-16T18:48:57
Ammophila clavus,棒腹泥蜂,Ammophila clavus,502287,species,5,Insecta,Animalia,Insecta,Sphecidae,Ammophila,991,iNaturalist,,2026-06-16T18:48:51
Ampelopsis glandulosa,蛇葡萄,Ampelopsis glandulosa,204237,species,2,Plantae,Plantae,Magnoliopsida,Vitaceae,Ampelopsis,46204,iNaturalist,,2026-06-16T18:48:50
Ampelopteris prolifera,星毛蕨,Ampelopteris prolifera,369391,species,29,Plantae,Plantae,Polypodiopsida,Thelypteridaceae,Ampelopteris,1045,iNaturalist,,2026-06-16T18:48:52
Amphibalanus amphitrite,,,,,12,Animalia,Animalia,Hexanauplia,Balanidae,Amphibalanus,,iNaturalist,HTTPError: HTTP Error 429: normal_throttling,2026-06-16T18:48:59
Amphilophus citrinellus,橘色双冠丽鱼,Amphilophus citrinellus,208884,species,3,Actinopterygii,Animalia,Actinopterygii,Cichlidae,Amphilophus,777,iNaturalist,,2026-06-16T18:48:53
Amphilophus labiatus,厚唇双冠丽鱼,Amphilophus labiatus,357665,species,1,Actinopterygii,Animalia,Actinopterygii,Cichlidae,Amphilophus,257,iNaturalist,,2026-06-16T18:48:51
Amphipterygium adstringens,乳椿,Amphipterygium adstringens,209860,species,2,Plantae,Plantae,Magnoliopsida,Anacardiaceae,Amphipterygium,565,iNaturalist,,2026-06-16T18:48:54
Ampulex compressa,扁头泥蜂,Ampulex compressa,348362,species,1,Insecta,Animalia,Insecta,Ampulicidae,Ampulex,1721,iNaturalist,,2026-06-16T18:48:55
Amyris madrensis,,,,,1,Plantae,Plantae,Magnoliopsida,Rutaceae,Amyris,,iNaturalist,HTTPError: HTTP Error 429: normal_throttling,2026-06-16T18:49:02
Anadara kagoshimensis,毛蚶,Anadara kagoshimensis,544517,species,1,Mollusca,Animalia,Bivalvia,Arcidae,Anadara,1089,iNaturalist,,2026-06-16T18:48:53
Ananas comosus,,,,,17,Plantae,Plantae,Liliopsida,Bromeliaceae,Ananas,,iNaturalist,HTTPError: HTTP Error 429: normal_throttling,2026-06-16T18:49:02
Anarhynchus atrifrons,青藏沙鸻,Anarhynchus atrifrons,1505780,species,18,Aves,Animalia,Aves,Charadriidae,Anarhynchus,5130,iNaturalist,,2026-06-16T18:48:56
Anarhynchus dealbatus,白脸鸻,Anarhynchus dealbatus,1505650,species,2,Aves,Animalia,Aves,Charadriidae,Anarhynchus,433,iNaturalist,,2026-06-16T18:48:57
Anarhynchus leschenaultii,铁嘴沙鸻,Anarhynchus leschenaultii,1505629,species,2,Aves,Animalia,Aves,Charadriidae,Anarhynchus,4228,iNaturalist,,2026-06-16T18:48:55
Anas crecca,绿翅鸭,Anas crecca,6937,species,4,Aves,Animalia,Aves,Anatidae,Anas,124386,iNaturalist,,2026-06-16T18:48:58
Anax aurantiacus,黄伟蜓,Anax aurantiacus,1430511,species,1,Insecta,Animalia,Insecta,Aeshnidae,Anax,129,iNaturalist,,2026-06-16T18:48:59
Anax guttatus,斑伟蜓,Anax guttatus,51467,species,2,Insecta,Animalia,Insecta,Aeshnidae,Anax,1095,iNaturalist,,2026-06-16T18:48:57
Andesanthus lepidotus,安牡花,Andesanthus lepidotus,1263542,species,1,Plantae,Plantae,Magnoliopsida,Melastomataceae,Andesanthus,1740,iNaturalist,,2026-06-16T18:49:00
Andrographis paniculata,,,,,2,Plantae,Plantae,Magnoliopsida,Acanthaceae,Andrographis,,iNaturalist,HTTPError: HTTP Error 429: normal_throttling,2026-06-16T18:49:07
Anepsion maritatum,,,,,1,Arachnida,Animalia,Arachnida,Araneidae,Anepsion,,iNaturalist,HTTPError: HTTP Error 429: normal_throttling,2026-06-16T18:49:07
Anethum graveolens,莳萝,Anethum graveolens,75445,species,1,Plantae,Plantae,Magnoliopsida,Apiaceae,Anethum,4957,iNaturalist,,2026-06-16T18:49:01
Angaeus lenticulosus,扁丘安格蛛,Angaeus lenticulosus,819948,species,1,Arachnida,Animalia,Arachnida,Thomisidae,Angaeus,2,iNaturalist,,2026-06-16T18:48:59
Angelonia angustifolia,,,,,1,Plantae,Plantae,Magnoliopsida,Plantaginaceae,Angelonia,,iNaturalist,HTTPError: HTTP Error 429: normal_throttling,2026-06-16T18:49:08
Angelonia salicariifolia,,,,,7,Plantae,Plantae,Magnoliopsida,Plantaginaceae,Angelonia,,iNaturalist,HTTPError: HTTP Error 429: normal_throttling,2026-06-16T18:49:08
Angiopteris evecta,,,,,2,Plantae,Plantae,Polypodiopsida,Marattiaceae,Angiopteris,,iNaturalist,HTTPError: HTTP Error 429: normal_throttling,2026-06-16T18:49:09
Angonyx testacea,绒绿天蛾,Angonyx testacea,121841,species,1,Insecta,Animalia,Insecta,Sphingidae,Angonyx,500,iNaturalist,,2026-06-16T18:49:01
Anguilla marmorata,花鳗鲡,Anguilla marmorata,128424,species,1,Actinopterygii,Animalia,Actinopterygii,Anguillidae,Anguilla,687,iNaturalist,,2026-06-16T18:49:02
Ania hongkongensis,香港带唇兰,Ania hongkongensis,1050403,species,1,Plantae,Plantae,Liliopsida,Orchidaceae,Ania,284,iNaturalist,,2026-06-16T18:49:07
Anisomeles indica,广防风,Anisomeles indica,346175,species,1,Plantae,Plantae,Magnoliopsida,Lamiaceae,Anisomeles,1305,iNaturalist,,2026-06-16T18:49:03
Anisoneura salebrosa,乱纹夜蛾,Anisoneura salebrosa,194588,species,1,Insecta,Animalia,Insecta,Erebidae,Anisoneura,534,iNaturalist,,2026-06-16T18:49:08
Annona squamosa,番荔枝,Annona squamosa,69973,species,5,Plantae,Plantae,Magnoliopsida,Annonaceae,Annona,6416,iNaturalist,,2026-06-16T18:49:03
Anomala antiqua,桐黑丽金龟,Anomala antiqua,495737,species,10,Insecta,Animalia,Insecta,Scarabaeidae,Anomala,455,iNaturalist,,2026-06-16T18:49:04
Anomala rubripes,红脚异丽金龟,Anomala rubripes,914560,species,65,Insecta,Animalia,Insecta,Scarabaeidae,Anomala,705,iNaturalist,,2026-06-16T18:49:05
Anoplodesmus saussurii,萨氏无盾马陆,Anoplodesmus saussurii,349283,species,1,Animalia,Animalia,Diplopoda,Paradoxosomatidae,Anoplodesmus,4944,iNaturalist,,2026-06-16T18:49:05
Anoplolepis gracilipes,长足捷蚁,Anoplolepis gracilipes,123386,species,86,Insecta,Animalia,Insecta,Formicidae,Anoplolepis,8095,iNaturalist,,2026-06-16T18:49:06
Anoplophora chinensis,华星天牛,Anoplophora chinensis,199326,species,14,Insecta,Animalia,Insecta,Cerambycidae,Anoplophora,2932,iNaturalist,,2026-06-16T18:49:07
Anoplophora horsfieldii,,,,,1,Insecta,Animalia,Insecta,Cerambycidae,Anoplophora,,iNaturalist,HTTPError: HTTP Error 429: normal_throttling,2026-06-16T18:49:16
Anredera cordifolia,,,,,9,Plantae,Plantae,Magnoliopsida,Basellaceae,Anredera,,iNaturalist,HTTPError: HTTP Error 429: normal_throttling,2026-06-16T18:49:16
Anser albifrons,,,,,1,Aves,Animalia,Aves,Anatidae,Anser,,iNaturalist,HTTPError: HTTP Error 429: normal_throttling,2026-06-16T18:49:16
Anser anser,,,,,1,Aves,Animalia,Aves,Anatidae,Anser,,iNaturalist,HTTPError: HTTP Error 429: normal_throttling,2026-06-16T18:49:17
Antedon mediterranea,,Antedon mediterranea,326322,species,1,Animalia,Animalia,Crinoidea,Antedonidae,Antedon,602,iNaturalist,,2026-06-16T18:49:09
Anthemis chia,,,,,1,Plantae,Plantae,Magnoliopsida,Asteraceae,Anthemis,,iNaturalist,HTTPError: HTTP Error 429: normal_throttling,2026-06-16T18:49:18
Anthomyia illocata,,,,,27,Insecta,Animalia,Insecta,Anthomyiidae,Anthomyia,,iNaturalist,HTTPError: HTTP Error 429: normal_throttling,2026-06-16T18:49:18
Anthrax aygulus,安逸岩蜂虻,Anthrax aygulus,471124,species,2,Insecta,Animalia,Insecta,Bombyliidae,Anthrax,230,iNaturalist,,2026-06-16T18:49:09
Anthurium andraeanum,,,,,15,Plantae,Plantae,Liliopsida,Araceae,Anthurium,,iNaturalist,HTTPError: HTTP Error 429: normal_throttling,2026-06-16T18:49:18
Anthus hodgsoni,树鹨,Anthus hodgsoni,13724,species,1,Aves,Animalia,Aves,Motacillidae,Anthus,8320,iNaturalist,,2026-06-16T18:49:10
Anthus richardi,理氏鹨,Anthus richardi,13726,species,1,Aves,Animalia,Aves,Motacillidae,Anthus,2236,iNaturalist,,2026-06-16T18:49:11
Antidesma bunius,五月茶,Antidesma bunius,128637,species,4,Plantae,Plantae,Magnoliopsida,Phyllanthaceae,Antidesma,461,iNaturalist,,2026-06-16T18:49:11
Antidesma japonicum,日本五月茶,Antidesma japonicum,556896,species,3,Plantae,Plantae,Magnoliopsida,Phyllanthaceae,Antidesma,1022,iNaturalist,,2026-06-16T18:49:12
Antidesma montanum,山地五月茶,Antidesma montanum,340556,species,1,Plantae,Plantae,Magnoliopsida,Phyllanthaceae,Antidesma,1585,iNaturalist,,2026-06-16T18:49:13
Antigonon leptopus,珊瑚藤,Antigonon leptopus,48380,species,17,Plantae,Plantae,Magnoliopsida,Polygonaceae,Antigonon,21032,iNaturalist,,2026-06-16T18:49:14
Antilochus nigripes,黑足颈红蝽,Antilochus nigripes,362680,species,10,Insecta,Animalia,Insecta,Pyrrhocoridae,Antilochus,767,iNaturalist,,2026-06-16T18:49:14
Antirrhinum majus,金鱼草,Antirrhinum majus,48969,species,1,Plantae,Plantae,Magnoliopsida,Plantaginaceae,Antirrhinum,22216,iNaturalist,,2026-06-16T18:49:15
Anystis baccarum,圆果大赤螨,Anystis baccarum,262721,species,5,Arachnida,Animalia,Arachnida,Anystidae,Anystis,316,iNaturalist,,2026-06-16T18:49:16
Apalacris varicornis,异角胸斑蝗,Apalacris varicornis,545433,species,9,Insecta,Animalia,Insecta,Acrididae,Apalacris,1132,iNaturalist,,2026-06-16T18:49:16
Aphananthe aspera,,,,,2,Plantae,Plantae,Magnoliopsida,Cannabaceae,Aphananthe,,iNaturalist,HTTPError: HTTP Error 429: normal_throttling,2026-06-16T18:49:25
Aphis gossypii,,,,,2,Insecta,Animalia,Insecta,Aphididae,Aphis,,iNaturalist,HTTPError: HTTP Error 429: normal_throttling,2026-06-16T18:49:25
Aphis nerii,,,,,1,Insecta,Animalia,Insecta,Aphididae,Aphis,,iNaturalist,HTTPError: HTTP Error 429: normal_throttling,2026-06-16T18:49:25
Aphthona strigosa,细背侧刺跳甲,Aphthona strigosa,551340,species,15,Insecta,Animalia,Insecta,Chrysomelidae,Aphthona,539,iNaturalist,,2026-06-16T18:49:17
Apis cerana,东方蜜蜂,Apis cerana,338194,species,357,Insecta,Animalia,Insecta,Apidae,Apis,24472,iNaturalist,,2026-06-16T19:07:45
Apis florea,小蜜蜂,Apis florea,245956,species,2,Insecta,Animalia,Insecta,Apidae,Apis,6657,iNaturalist,,2026-06-16T18:49:18
Apis mellifera,西方蜜蜂,Apis mellifera,47219,species,4,Insecta,Animalia,Insecta,Apidae,Apis,681495,iNaturalist,,2026-06-16T18:49:23
Apium graveolens,旱芹,Apium graveolens,58788,species,1,Plantae,Plantae,Magnoliopsida,Apiaceae,Apium,5689,iNaturalist,,2026-06-16T18:49:18
Aplopelia larvata,,,,,1,Aves,Animalia,Aves,Columbidae,Aplopelia,,iNaturalist,HTTPError: HTTP Error 429: normal_throttling,2026-06-16T18:49:27
Apogonia cribricollis,筛阿鳃金龟,Apogonia cribricollis,551792,species,17,Insecta,Animalia,Insecta,Scarabaeidae,Apogonia,952,iNaturalist,,2026-06-16T18:49:19
Apogonia splendida,,,,,3,Insecta,Animalia,Insecta,Scarabaeidae,Apogonia,,iNaturalist,HTTPError: HTTP Error 429: normal_throttling,2026-06-16T18:49:28
Apomecyna longicollis,小瓜天牛,Apomecyna longicollis,895203,species,1,Insecta,Animalia,Insecta,Cerambycidae,Apomecyna,31,iNaturalist,,2026-06-16T18:49:20
Aporia crataegi,绢粉蝶,Aporia crataegi,61295,species,2,Insecta,Animalia,Insecta,Pieridae,Aporia,20307,iNaturalist,,2026-06-16T18:49:20
Aporosa octandra,大沙木,Aporosa octandra,425506,species,83,Plantae,Plantae,Magnoliopsida,Phyllanthaceae,Aporosa,1200,iNaturalist,,2026-06-16T18:49:21
Appolonius crassus,粗角长蝽,Appolonius crassus,566688,species,5,Insecta,Animalia,Insecta,Rhyparochromidae,Appolonius,213,iNaturalist,,2026-06-16T18:49:22
Apus nipalensis,小白腰雨燕,Apus nipalensis,6633,species,8,Aves,Animalia,Aves,Apodidae,Apus,2830,iNaturalist,,2026-06-16T18:49:22
Apus pacificus,,,,,2,Aves,Animalia,Aves,Apodidae,Apus,,iNaturalist,HTTPError: HTTP Error 429: normal_throttling,2026-06-16T18:49:32
Aquarius paludum,圆臀大黾蝽,Aquarius paludum,360902,species,25,Insecta,Animalia,Insecta,Gerridae,Aquarius,8496,iNaturalist,,2026-06-16T18:49:24
Aquilaria sinensis,土沉香,Aquilaria sinensis,189373,species,7,Plantae,Plantae,Magnoliopsida,Thymelaeaceae,Aquilaria,1516,iNaturalist,,2026-06-16T18:49:25
Ara ararauna,黄蓝金刚鹦鹉,Ara ararauna,19018,species,2,Aves,Animalia,Aves,Psittacidae,Ara,12653,iNaturalist,,2026-06-16T18:49:25
Ara macao,,,,,1,Aves,Animalia,Aves,Psittacidae,Ara,,iNaturalist,HTTPError: HTTP Error 429: normal_throttling,2026-06-16T18:49:34
Arabis hirsuta,硬毛南芥,Arabis hirsuta,119822,species,1,Plantae,Plantae,Magnoliopsida,Brassicaceae,Arabis,4153,iNaturalist,,2026-06-16T18:49:31
Arachis duranensis,,,,,4,Plantae,Plantae,Magnoliopsida,Fabaceae,Arachis,,iNaturalist,HTTPError: HTTP Error 429: normal_throttling,2026-06-16T18:49:34
Arachis hypogaea,落花生,Arachis hypogaea,63205,species,5,Plantae,Plantae,Magnoliopsida,Fabaceae,Arachis,2450,iNaturalist,,2026-06-16T18:49:26
Arachis pintoi,遍地黄金,Arachis pintoi,327712,species,10,Plantae,Plantae,Magnoliopsida,Fabaceae,Arachis,7294,iNaturalist,,2026-06-16T18:49:31
Arachnothryx leucophylla,白背郎德木,Arachnothryx leucophylla,286095,species,8,Plantae,Plantae,Magnoliopsida,Rubiaceae,Arachnothryx,2337,iNaturalist,,2026-06-16T18:49:27
Araecerus fasciculatus,咖啡豆象,Araecerus fasciculatus,214056,species,3,Insecta,Animalia,Insecta,Anthribidae,Araecerus,1110,iNaturalist,,2026-06-16T18:49:27
Aralia decaisneana,,,,,1,Plantae,Plantae,Magnoliopsida,Araliaceae,Aralia,,iNaturalist,HTTPError: HTTP Error 429: normal_throttling,2026-06-16T18:49:36
Araneus pratensis,,Araneus pratensis,153546,species,1,Arachnida,Animalia,Arachnida,Araneidae,Araneus,747,iNaturalist,,2026-06-16T18:49:28
Araneus ventricosus,,,,,4,Arachnida,Animalia,Arachnida,Araneidae,Araneus,,iNaturalist,HTTPError: HTTP Error 429: normal_throttling,2026-06-16T18:49:37
Araucaria columnaris,柱状南洋杉,Araucaria columnaris,53717,species,43,Plantae,Plantae,Pinopsida,Araucariaceae,Araucaria,10978,iNaturalist,,2026-06-16T18:49:29
Araucaria heterophylla,异叶南洋杉,Araucaria heterophylla,127890,species,28,Plantae,Plantae,Pinopsida,Araucariaceae,Araucaria,12112,iNaturalist,,2026-06-16T18:49:29
Arbutus andrachne,希腊浆果鹃,Arbutus andrachne,430676,species,1,Plantae,Plantae,Magnoliopsida,Ericaceae,Arbutus,1886,iNaturalist,,2026-06-16T18:49:30
Arcesis threnodes,,,,,1,Insecta,Animalia,Insecta,Tortricidae,Arcesis,,iNaturalist,HTTPError: HTTP Error 429: normal_throttling,2026-06-16T18:49:39
Archidendron clypearia,猴耳环,Archidendron clypearia,425499,species,7,Plantae,Plantae,Magnoliopsida,Fabaceae,Archidendron,580,iNaturalist,,2026-06-16T18:49:36
Archidendron lucidum,亮叶猴耳环,Archidendron lucidum,427929,species,4,Plantae,Plantae,Magnoliopsida,Fabaceae,Archidendron,1863,iNaturalist,,2026-06-16T18:49:32
Archontophoenix alexandrae,,,,,40,Plantae,Plantae,Liliopsida,Arecaceae,Archontophoenix,,iNaturalist,HTTPError: HTTP Error 429: normal_throttling,2026-06-16T18:49:41
Archontophoenix cunninghamiana,阔叶假槟榔,Archontophoenix cunninghamiana,83634,species,3,Plantae,Plantae,Liliopsida,Arecaceae,Archontophoenix,4016,iNaturalist,,2026-06-16T18:49:33
Arctioblepsis rubida,黑脉厚须螟,Arctioblepsis rubida,121809,species,1,Insecta,Animalia,Insecta,Pyralidae,Arctioblepsis,514,iNaturalist,,2026-06-16T18:49:34
Arctium lappa,牛蒡,Arctium lappa,75501,species,1,Plantae,Plantae,Magnoliopsida,Asteraceae,Arctium,38659,iNaturalist,,2026-06-16T18:49:34
Ardea alba,大白鹭,Ardea alba,144455,species,55,Aves,Animalia,Aves,Ardeidae,Ardea,398873,iNaturalist,,2026-06-16T18:49:35
Ardea cinerea,,,,,18,Aves,Animalia,Aves,Ardeidae,Ardea,,iNaturalist,HTTPError: HTTP Error 429: normal_throttling,2026-06-16T18:49:44
Ardea coromanda,,,,,7,Aves,Animalia,Aves,Ardeidae,Ardea,,iNaturalist,HTTPError: HTTP Error 429: normal_throttling,2026-06-16T18:49:44
Ardea intermedia,中白鹭,Ardea intermedia,558445,species,20,Aves,Animalia,Aves,Ardeidae,Ardea,12066,iNaturalist,,2026-06-16T18:49:36
Ardeola bacchus,池鹭,Ardeola bacchus,4990,species,126,Aves,Animalia,Aves,Ardeidae,Ardeola,9831,iNaturalist,,2026-06-16T19:08:01
Ardisia compressa,,,,,1,Plantae,Plantae,Magnoliopsida,Primulaceae,Ardisia,,iNaturalist,HTTPError: HTTP Error 429: normal_throttling,2026-06-16T18:49:45
Ardisia crenata,朱砂根,Ardisia crenata,158586,species,9,Plantae,Plantae,Magnoliopsida,Primulaceae,Ardisia,12397,iNaturalist,,2026-06-16T18:49:37
Ardisia elliptica,,,,,1,Plantae,Plantae,Magnoliopsida,Primulaceae,Ardisia,,iNaturalist,HTTPError: HTTP Error 429: normal_throttling,2026-06-16T18:49:46
Ardisia escallonioides,矮地茶,Ardisia escallonioides,131598,species,1,Plantae,Plantae,Magnoliopsida,Primulaceae,Ardisia,3968,iNaturalist,,2026-06-16T18:49:38
Ardisia japonica,紫金牛,Ardisia japonica,158589,species,1,Plantae,Plantae,Magnoliopsida,Primulaceae,Ardisia,1020,iNaturalist,,2026-06-16T18:49:38
Ardisia lindleyana,山血丹,Ardisia lindleyana,538663,species,2,Plantae,Plantae,Magnoliopsida,Primulaceae,Ardisia,603,iNaturalist,,2026-06-16T18:49:39
Ardisia pusilla,九节龙,Ardisia pusilla,741640,species,1,Plantae,Plantae,Magnoliopsida,Primulaceae,Ardisia,278,iNaturalist,,2026-06-16T18:49:40
Ardisia quinquegona,罗伞树,Ardisia quinquegona,570186,species,2,Plantae,Plantae,Magnoliopsida,Primulaceae,Ardisia,1970,iNaturalist,,2026-06-16T18:49:42
Ardisia squamulosa,东方紫金牛,Ardisia squamulosa,189436,species,2,Plantae,Plantae,Magnoliopsida,Primulaceae,Ardisia,5513,iNaturalist,,2026-06-16T18:49:41
Areca catechu,槟榔,Areca catechu,83108,species,8,Plantae,Plantae,Liliopsida,Arecaceae,Areca,2874,iNaturalist,,2026-06-16T18:49:41
Arenaria bryoides,,,,,1,Plantae,Plantae,Magnoliopsida,Caryophyllaceae,Arenaria,,iNaturalist,HTTPError: HTTP Error 429: normal_throttling,2026-06-16T18:49:50
Arenga engleri,,,,,49,Plantae,Plantae,Liliopsida,Arecaceae,Arenga,,iNaturalist,HTTPError: HTTP Error 429: normal_throttling,2026-06-16T18:49:51
Arge similis,杜鹃三节叶蜂,Arge similis,448082,species,15,Insecta,Animalia,Insecta,Argidae,Arge,2438,iNaturalist,,2026-06-16T18:49:43
Argiope aetheroides,中形金蛛,Argiope aetheroides,349001,species,1,Arachnida,Animalia,Arachnida,Araneidae,Argiope,2193,iNaturalist,,2026-06-16T18:49:43
Argopistes coccinelliformis,小褐偽瓢葉蚤,Argopistes coccinelliformis,334836,species,2,Insecta,Animalia,Insecta,Chrysomelidae,Argopistes,253,iNaturalist,,2026-06-16T18:49:44
Argyrodes miniaceus,,,,,3,Arachnida,Animalia,Arachnida,Theridiidae,Argyrodes,,iNaturalist,HTTPError: HTTP Error 429: normal_throttling,2026-06-16T18:49:53
Ariamnes cylindrogaster,,,,,2,Arachnida,Animalia,Arachnida,Theridiidae,Ariamnes,,iNaturalist,HTTPError: HTTP Error 429: normal_throttling,2026-06-16T18:49:53
Arippara indicator,盐肤木黑条枹螟,Arippara indicator,460892,species,8,Insecta,Animalia,Insecta,Pyralidae,Arippara,942,iNaturalist,,2026-06-16T18:49:45
Aristaloe aristata,木锉芦荟,Aristaloe aristata,580226,species,1,Plantae,Plantae,Liliopsida,Asphodelaceae,Aristaloe,1402,iNaturalist,,2026-06-16T18:49:45
Aristolochia acuminata,,,,,11,Plantae,Plantae,Magnoliopsida,Aristolochiaceae,Aristolochia,,iNaturalist,HTTPError: HTTP Error 429: normal_throttling,2026-06-16T18:49:54
Armadillidium vulgare,,,,,1,Animalia,Animalia,Malacostraca,Armadillidiidae,Armadillidium,,iNaturalist,HTTPError: HTTP Error 429: normal_throttling,2026-06-16T18:49:55
Armigeres subalbatus,骚扰阿蚊,Armigeres subalbatus,155302,species,5,Insecta,Animalia,Insecta,Culicidae,Armigeres,1830,iNaturalist,,2026-06-16T18:49:46
Arna bipunctapex,双斑黄毒蛾,Arna bipunctapex,204736,species,3,Insecta,Animalia,Insecta,Erebidae,Arna,1544,iNaturalist,,2026-06-16T18:49:47
Arocatus sericans,,,,,3,Insecta,Animalia,Insecta,Lygaeidae,Arocatus,,iNaturalist,HTTPError: HTTP Error 429: normal_throttling,2026-06-16T18:49:55
Arsacia rectalis,升夜蛾,Arsacia rectalis,200148,species,2,Insecta,Animalia,Insecta,Erebidae,Arsacia,309,iNaturalist,,2026-06-16T18:49:47
Artabotrys hexapetalus,鹰爪花,Artabotrys hexapetalus,427958,species,4,Plantae,Plantae,Magnoliopsida,Annonaceae,Artabotrys,1143,iNaturalist,,2026-06-16T18:49:48
Artaxa guttata,,Artaxa guttata,556271,species,3,Insecta,Animalia,Insecta,Erebidae,Artaxa,861,iNaturalist,,2026-06-16T18:49:49
Artemidorus pressus,缢身长蝽,Artemidorus pressus,415498,species,3,Insecta,Animalia,Insecta,Heterogastridae,Artemidorus,487,iNaturalist,,2026-06-16T18:49:50
Artemisia argyi,艾,Artemisia argyi,538143,species,1,Plantae,Plantae,Magnoliopsida,Asteraceae,Artemisia,523,iNaturalist,,2026-06-16T18:49:50
Artemisia capillaris,茵陈蒿,Artemisia capillaris,452402,species,8,Plantae,Plantae,Magnoliopsida,Asteraceae,Artemisia,1780,iNaturalist,,2026-06-16T18:49:51
Artemisia indica,,,,,8,Plantae,Plantae,Magnoliopsida,Asteraceae,Artemisia,,iNaturalist,HTTPError: HTTP Error 429: normal_throttling,2026-06-16T18:49:59
Artemisia verlotiorum,,,,,3,Plantae,Plantae,Magnoliopsida,Asteraceae,Artemisia,,iNaturalist,HTTPError: HTTP Error 429: normal_throttling,2026-06-16T18:50:00
Artipe eryx,绿灰蝶,Artipe eryx,149216,species,9,Insecta,Animalia,Insecta,Lycaenidae,Artipe,1037,iNaturalist,,2026-06-16T18:49:51
Artocarpus altilis,面包树,Artocarpus altilis,70027,species,8,Plantae,Plantae,Magnoliopsida,Moraceae,Artocarpus,9187,iNaturalist,,2026-06-16T18:49:52
Artocarpus heterophyllus,菠萝蜜,Artocarpus heterophyllus,123003,species,36,Plantae,Plantae,Magnoliopsida,Moraceae,Artocarpus,13858,iNaturalist,,2026-06-16T18:49:53
Artocarpus hypargyreus,白桂木,Artocarpus hypargyreus,189499,species,6,Plantae,Plantae,Magnoliopsida,Moraceae,Artocarpus,487,iNaturalist,,2026-06-16T18:49:54
Artocarpus parvus,,,,,3,Plantae,Plantae,Magnoliopsida,Moraceae,Artocarpus,,iNaturalist,HTTPError: HTTP Error 429: normal_throttling,2026-06-16T18:50:02
Artocarpus treculianus,,,,,20,Plantae,Plantae,Magnoliopsida,Moraceae,Artocarpus,,iNaturalist,HTTPError: HTTP Error 429: normal_throttling,2026-06-16T18:50:02
Arundina graminifolia,竹叶兰,Arundina graminifolia,117504,species,3,Plantae,Plantae,Liliopsida,Orchidaceae,Arundina,10317,iNaturalist,,2026-06-16T18:49:54
Arundo donax,芦竹,Arundo donax,64017,species,37,Plantae,Plantae,Liliopsida,Poaceae,Arundo,40285,iNaturalist,,2026-06-16T18:49:55
Ascalohybris subjacens,,,,,2,Insecta,Animalia,Insecta,Myrmeleontidae,Ascalohybris,,iNaturalist,HTTPError: HTTP Error 429: normal_throttling,2026-06-16T18:50:03
Asclepias curassavica,马利筋,Asclepias curassavica,75602,species,102,Plantae,Plantae,Magnoliopsida,Apocynaceae,Asclepias,40198,iNaturalist,,2026-06-16T19:08:27
Asota caricae,一点拟灯蛾,Asota caricae,52086,species,1,Insecta,Animalia,Insecta,Erebidae,Asota,4405,iNaturalist,,2026-06-16T18:49:56
Asparagus aethiopicus,,,,,53,Plantae,Plantae,Liliopsida,Asparagaceae,Asparagus,,iNaturalist,HTTPError: HTTP Error 429: normal_throttling,2026-06-16T18:50:05
Asparagus cochinchinensis,天门冬,Asparagus cochinchinensis,462199,species,26,Plantae,Plantae,Liliopsida,Asparagaceae,Asparagus,3061,iNaturalist,,2026-06-16T18:49:56
Asparagus densiflorus,狐尾天门冬,Asparagus densiflorus,127598,species,298,Plantae,Plantae,Liliopsida,Asparagaceae,Asparagus,13141,iNaturalist,,2026-06-16T18:49:57
Asparagus falcatus,柳叶天门冬,Asparagus falcatus,283326,species,3,Plantae,Plantae,Liliopsida,Asparagaceae,Asparagus,1118,iNaturalist,,2026-06-16T18:49:58
Asparagus setaceus,文竹,Asparagus setaceus,75604,species,3,Plantae,Plantae,Liliopsida,Asparagaceae,Asparagus,9325,iNaturalist,,2026-06-16T18:49:58
Asperifolia arguta,刺叶护蒴苔,Asperifolia arguta,1523575,species,2,Plantae,Plantae,Jungermanniopsida,Calypogeiaceae,Asperifolia,274,iNaturalist,,2026-06-16T18:49:59
Aspidistra attenuata,薄叶蜘蛛抱蛋,Aspidistra attenuata,1268000,species,1,Plantae,Plantae,Liliopsida,Asparagaceae,Aspidistra,269,iNaturalist,,2026-06-16T18:50:00
Aspidistra elatior,蜘蛛抱蛋,Aspidistra elatior,125396,species,72,Plantae,Plantae,Liliopsida,Asparagaceae,Aspidistra,4374,iNaturalist,,2026-06-16T19:08:52
Asplenium antiquum,大鳞巢蕨,Asplenium antiquum,363475,species,1,Plantae,Plantae,Polypodiopsida,Aspleniaceae,Asplenium,776,iNaturalist,,2026-06-16T18:50:00
Asplenium nidus,,,,,26,Plantae,Plantae,Polypodiopsida,Aspleniaceae,Asplenium,,iNaturalist,HTTPError: HTTP Error 429: normal_throttling,2026-06-16T18:50:09
Asplenium platyneuron,黑柄铁角蕨,Asplenium platyneuron,122056,species,1,Plantae,Plantae,Polypodiopsida,Aspleniaceae,Asplenium,34534,iNaturalist,,2026-06-16T18:50:01
Asplenium scolopendrium,欧洲对开蕨,Asplenium scolopendrium,129105,species,1,Plantae,Plantae,Polypodiopsida,Aspleniaceae,Asplenium,33018,iNaturalist,,2026-06-16T18:50:02
Asplenium trichomanes,铁角蕨,Asplenium trichomanes,75609,species,1,Plantae,Plantae,Polypodiopsida,Aspleniaceae,Asplenium,57093,iNaturalist,,2026-06-16T18:50:03
Astegopteryx bambusae,,,,,1,Insecta,Animalia,Insecta,Aphididae,Astegopteryx,,iNaturalist,HTTPError: HTTP Error 429: normal_throttling,2026-06-16T18:50:11
Astelia nervosa,,,,,2,Plantae,Plantae,Liliopsida,Asteliaceae,Astelia,,iNaturalist,HTTPError: HTTP Error 429: normal_throttling,2026-06-16T18:50:11
Aster baccharoides,白舌紫菀,Aster baccharoides,485134,species,4,Plantae,Plantae,Magnoliopsida,Asteraceae,Aster,401,iNaturalist,,2026-06-16T18:50:03
Aster taiwanensis,台湾紫菀,Aster taiwanensis,705685,species,1,Plantae,Plantae,Magnoliopsida,Asteraceae,Aster,1531,iNaturalist,,2026-06-16T18:50:04
Asterias amurensis,,,,,1,Animalia,Animalia,Asteroidea,Asteriidae,Asterias,,iNaturalist,HTTPError: HTTP Error 429: normal_throttling,2026-06-16T18:50:13
Astictopterus jama,腌翅弄蝶,Astictopterus jama,320926,species,2,Insecta,Animalia,Insecta,Hesperiidae,Astictopterus,1891,iNaturalist,,2026-06-16T18:50:05
Astronotus ocellatus,,,,,3,Actinopterygii,Animalia,Actinopterygii,Cichlidae,Astronotus,,iNaturalist,HTTPError: HTTP Error 429: normal_throttling,2026-06-16T18:50:13
Asystasia gangetica,宽叶十万错,Asystasia gangetica,159049,species,53,Plantae,Plantae,Magnoliopsida,Acanthaceae,Asystasia,11612,iNaturalist,,2026-06-16T18:50:05
Asystasia intrusa,,,,,4,Plantae,Plantae,Magnoliopsida,Acanthaceae,Asystasia,,iNaturalist,HTTPError: HTTP Error 429: normal_throttling,2026-06-16T18:50:14
Ataboruza lauta,东亚粉条巧夜蛾,Ataboruza lauta,557685,species,1,Insecta,Animalia,Insecta,Erebidae,Ataboruza,77,iNaturalist,,2026-06-16T18:50:06
Atalantia buxifolia,酒饼簕,Atalantia buxifolia,867549,species,10,Plantae,Plantae,Magnoliopsida,Rutaceae,Atalantia,2052,iNaturalist,,2026-06-16T18:50:07
Athelia arachnoidea,,Athelia arachnoidea,399803,species,1,Fungi,Fungi,Agaricomycetes,Atheliaceae,Athelia,2977,iNaturalist,,2026-06-16T18:50:07
Atheniella flavoalba,黄白小菇,Atheniella flavoalba,499704,species,7,Fungi,Fungi,Agaricomycetes,Porotheleaceae,Atheniella,2017,iNaturalist,,2026-06-16T18:50:08
Atherigona reversura,毛蹠芒蝇,Atherigona reversura,418263,species,1,Insecta,Animalia,Insecta,Muscidae,Atherigona,2231,iNaturalist,,2026-06-16T18:50:09
Athetis bremusa,,Athetis bremusa,343666,species,3,Insecta,Animalia,Insecta,Noctuidae,Athetis,552,iNaturalist,,2026-06-16T18:50:09
Athetis erigida,,,,,1,Insecta,Animalia,Insecta,Noctuidae,Athetis,,iNaturalist,HTTPError: HTTP Error 429: normal_throttling,2026-06-16T18:50:18
Athetis ochracea,,,,,2,Insecta,Animalia,Insecta,Noctuidae,Athetis,,iNaturalist,HTTPError: HTTP Error 429: normal_throttling,2026-06-16T18:50:18
Athetis terminata,,Athetis terminata,343675,species,2,Insecta,Animalia,Insecta,Noctuidae,Athetis,30,iNaturalist,,2026-06-16T18:50:10
Athetis thoracica,胸斑委夜蛾,Athetis thoracica,243792,species,2,Insecta,Animalia,Insecta,Noctuidae,Athetis,595,iNaturalist,,2026-06-16T18:50:11
Athyma nefte,相思带蛱蝶,Athyma nefte,130326,species,10,Insecta,Animalia,Insecta,Nymphalidae,Athyma,3230,iNaturalist,,2026-06-16T18:50:11
Atractomorpha sinensis,,,,,7,Insecta,Animalia,Insecta,Pyrgomorphidae,Atractomorpha,,iNaturalist,HTTPError: HTTP Error 429: normal_throttling,2026-06-16T18:50:21
Atteva wallengreni,,,,,1,Insecta,Animalia,Insecta,Attevidae,Atteva,,iNaturalist,HTTPError: HTTP Error 429: normal_throttling,2026-06-16T18:50:21
Aucuba japonica,青木,Aucuba japonica,56206,species,1,Plantae,Plantae,Magnoliopsida,Garryaceae,Aucuba,13097,iNaturalist,,2026-06-16T18:50:12
Auricularia auricula-judae,厚质木耳,Auricularia auricula-judae,50813,species,1,Fungi,Fungi,Agaricomycetes,Auriculariaceae,Auricularia,26709,iNaturalist,,2026-06-16T18:50:13
Auricularia cornea,角质木耳,Auricularia cornea,179230,species,1,Fungi,Fungi,Agaricomycetes,Auriculariaceae,Auricularia,10134,iNaturalist,,2026-06-16T18:50:18
Auricularia fuscosuccinea,琥珀木耳,Auricularia fuscosuccinea,328246,species,1,Fungi,Fungi,Agaricomycetes,Auriculariaceae,Auricularia,3758,iNaturalist,,2026-06-16T18:50:13
Auricularia nigricans,,,,,1,Fungi,Fungi,Agaricomycetes,Auriculariaceae,Auricularia,,iNaturalist,HTTPError: HTTP Error 429: normal_throttling,2026-06-16T18:50:22
Auricularia polytricha,毛木耳,Auricularia polytricha,326015,species,8,Fungi,Fungi,Agaricomycetes,Auriculariaceae,Auricularia,7291,iNaturalist,,2026-06-16T18:50:14
Austruca lactea,,,,,1,Animalia,Animalia,Malacostraca,Ocypodidae,Austruca,,iNaturalist,HTTPError: HTTP Error 429: normal_throttling,2026-06-16T18:50:23
Autosticha calceata,多斑列蛾,Autosticha calceata,543164,species,1,Insecta,Animalia,Insecta,Autostichidae,Autosticha,672,iNaturalist,,2026-06-16T18:50:15
Averrhoa carambola,洋桃,Averrhoa carambola,146977,species,26,Plantae,Plantae,Magnoliopsida,Oxalidaceae,Averrhoa,8870,iNaturalist,,2026-06-16T18:50:16
Avicennia marina,海榄雌,Avicennia marina,75723,species,8,Plantae,Plantae,Magnoliopsida,Acanthaceae,Avicennia,12345,iNaturalist,,2026-06-16T18:50:16
Avitta fasciosa,,Avitta fasciosa,578173,species,4,Insecta,Animalia,Insecta,Erebidae,Avitta,236,iNaturalist,,2026-06-16T18:50:17
Axonopus compressus,地毯草,Axonopus compressus,159110,species,110,Plantae,Plantae,Liliopsida,Poaceae,Axonopus,6860,iNaturalist,,2026-06-16T18:50:18
Axonopus fissifolius,类地毯草,Axonopus fissifolius,59769,species,1,Plantae,Plantae,Liliopsida,Poaceae,Axonopus,1439,iNaturalist,,2026-06-16T18:50:20
Azara integrifolia,,,,,1,Plantae,Plantae,Magnoliopsida,Salicaceae,Azara,,iNaturalist,HTTPError: HTTP Error 429: normal_throttling,2026-06-16T18:50:27
Azolla filiculoides,细叶满江红,Azolla filiculoides,58754,species,8,Plantae,Plantae,Polypodiopsida,Salviniaceae,Azolla,5979,iNaturalist,,2026-06-16T18:50:19
Azolla pinnata,满江红,Azolla pinnata,199418,species,1,Plantae,Plantae,Polypodiopsida,Salviniaceae,Azolla,1886,iNaturalist,,2026-06-16T18:50:21
Babylonia spirata,旋东风螺,Babylonia spirata,490805,species,2,Mollusca,Animalia,Gastropoda,Babyloniidae,Babylonia,466,iNaturalist,,2026-06-16T18:50:20
Bacopa monnieri,假马齿苋,Bacopa monnieri,75732,species,5,Plantae,Plantae,Magnoliopsida,Plantaginaceae,Bacopa,13020,iNaturalist,,2026-06-16T18:50:22
Bactrocera cucurbitae,,,,,1,Insecta,Animalia,Insecta,Tephritidae,Bactrocera,,iNaturalist,HTTPError: HTTP Error 429: normal_throttling,2026-06-16T18:50:29
Bactrocera dorsalis,桔小实蝇,Bactrocera dorsalis,358125,species,1,Insecta,Animalia,Insecta,Tephritidae,Bactrocera,2390,iNaturalist,,2026-06-16T18:50:26
Bambusa bambos,,,,,1,Plantae,Plantae,Liliopsida,Poaceae,Bambusa,,iNaturalist,HTTPError: HTTP Error 429: normal_throttling,2026-06-16T18:50:30
Bambusa multiplex,孝顺竹,Bambusa multiplex,159143,species,10,Plantae,Plantae,Liliopsida,Poaceae,Bambusa,801,iNaturalist,,2026-06-16T18:50:22
Bambusa oldhamii,,,,,9,Plantae,Plantae,Liliopsida,Poaceae,Bambusa,,iNaturalist,HTTPError: HTTP Error 429: normal_throttling,2026-06-16T18:50:31
Bambusa stenostachya,簕竹,Bambusa stenostachya,607265,species,41,Plantae,Plantae,Liliopsida,Poaceae,Bambusa,1917,iNaturalist,,2026-06-16T18:50:23
Bambusa tuldoides,青竿竹,Bambusa tuldoides,279677,species,62,Plantae,Plantae,Liliopsida,Poaceae,Bambusa,371,iNaturalist,,2026-06-16T18:50:25
Bambusa vulgaris,龙头竹,Bambusa vulgaris,122530,species,220,Plantae,Plantae,Liliopsida,Poaceae,Bambusa,13081,iNaturalist,,2026-06-16T18:50:24
Barbodes semifasciolatus,条纹四须䰾,Barbodes semifasciolatus,549770,species,18,Actinopterygii,Animalia,Actinopterygii,Cyprinidae,Barbodes,1093,iNaturalist,,2026-06-16T18:50:26
Barbonymus schwanefeldii,泰国鲫,Barbonymus schwanefeldii,1316689,species,1,Actinopterygii,Animalia,Actinopterygii,Cyprinidae,Barbonymus,357,iNaturalist,,2026-06-16T18:50:24
Barbula unguiculata,扭口藓,Barbula unguiculata,159173,species,6,Plantae,Plantae,Bryopsida,Pottiaceae,Barbula,5423,iNaturalist,,2026-06-16T18:50:27
Barleria cristata,假杜鹃,Barleria cristata,159175,species,4,Plantae,Plantae,Magnoliopsida,Acanthaceae,Barleria,2105,iNaturalist,,2026-06-16T18:50:28
Barnardia japonica,绵枣儿,Barnardia japonica,474363,species,1,Plantae,Plantae,Liliopsida,Asparagaceae,Barnardia,1185,iNaturalist,,2026-06-16T18:50:28
Barringtonia acutangula,红花玉蕊,Barringtonia acutangula,345950,species,35,Plantae,Plantae,Magnoliopsida,Lecythidaceae,Barringtonia,1409,iNaturalist,,2026-06-16T18:50:29
Barringtonia racemosa,,,,,5,Plantae,Plantae,Magnoliopsida,Lecythidaceae,Barringtonia,,iNaturalist,HTTPError: HTTP Error 429: normal_throttling,2026-06-16T18:50:36
Barringtonia reticulata,锐棱玉蕊,Barringtonia reticulata,345952,species,1,Plantae,Plantae,Magnoliopsida,Lecythidaceae,Barringtonia,18,iNaturalist,,2026-06-16T18:50:33
Barsine striata,,,,,1,Insecta,Animalia,Insecta,Erebidae,Barsine,,iNaturalist,HTTPError: HTTP Error 429: normal_throttling,2026-06-16T18:50:37
Barthea barthei,,,,,2,Plantae,Plantae,Magnoliopsida,Melastomataceae,Barthea,,iNaturalist,HTTPError: HTTP Error 429: normal_throttling,2026-06-16T18:50:37
Baruna sinensis,中华巴隆蟹,Baruna sinensis,783323,species,1,Animalia,Animalia,Malacostraca,Camptandriidae,Baruna,12,iNaturalist,,2026-06-16T18:50:29
Basella alba,落葵,Basella alba,159191,species,5,Plantae,Plantae,Magnoliopsida,Basellaceae,Basella,4203,iNaturalist,,2026-06-16T18:50:30
Bastilla joviana,,,,,3,Insecta,Animalia,Insecta,Erebidae,Bastilla,,iNaturalist,HTTPError: HTTP Error 429: normal_throttling,2026-06-16T18:50:39
Bastilla maturescens,,,,,1,Insecta,Animalia,Insecta,Erebidae,Bastilla,,iNaturalist,HTTPError: HTTP Error 429: normal_throttling,2026-06-16T18:50:39
Batocera rubus,榕八星天牛,Batocera rubus,209760,species,7,Insecta,Animalia,Insecta,Cerambycidae,Batocera,1617,iNaturalist,,2026-06-16T18:50:31
Batozonellus maculifrons,斑额棒带蛛蜂,Batozonellus maculifrons,359312,species,1,Insecta,Animalia,Insecta,Pompilidae,Batozonellus,145,iNaturalist,,2026-06-16T18:50:31
Bauhinia purpurea,羊蹄甲,Bauhinia purpurea,82135,species,73,Plantae,Plantae,Magnoliopsida,Fabaceae,Bauhinia,9449,iNaturalist,,2026-06-16T19:08:49
Bauhinia tomentosa,黄花羊蹄甲,Bauhinia tomentosa,340307,species,1,Plantae,Plantae,Magnoliopsida,Fabaceae,Bauhinia,1044,iNaturalist,,2026-06-16T18:50:32
Bauhinia variegata,,,,,54,Plantae,Plantae,Magnoliopsida,Fabaceae,Bauhinia,,iNaturalist,HTTPError: HTTP Error 429: normal_throttling,2026-06-16T18:50:41
Beaucarnea recurvata,酒瓶兰,Beaucarnea recurvata,206192,species,7,Plantae,Plantae,Liliopsida,Asparagaceae,Beaucarnea,4499,iNaturalist,,2026-06-16T18:50:34
Beauveria bassiana,球孢白僵菌,Beauveria bassiana,862160,species,1,Fungi,Fungi,Sordariomycetes,Cordycipitaceae,Beauveria,2951,iNaturalist,,2026-06-16T18:50:34
Begonia  erythrophylla,,,,,1,Plantae,Plantae,Magnoliopsida,Begoniaceae,Begonia,,iNaturalist,not_found,2026-06-16T18:50:35
Begonia bowerae,波氏秋海棠,Begonia bowerae,277626,species,1,Plantae,Plantae,Magnoliopsida,Begoniaceae,Begonia,518,iNaturalist,,2026-06-16T18:50:36
Begonia coccinea,大红秋海棠,Begonia coccinea,448517,species,1,Plantae,Plantae,Magnoliopsida,Begoniaceae,Begonia,9,iNaturalist,,2026-06-16T18:50:36
Begonia cucullata,,,,,3,Plantae,Plantae,Magnoliopsida,Begoniaceae,Begonia,,iNaturalist,HTTPError: HTTP Error 429: normal_throttling,2026-06-16T18:50:45
Begonia grandis,秋海棠,Begonia grandis,345985,species,1,Plantae,Plantae,Magnoliopsida,Begoniaceae,Begonia,1438,iNaturalist,,2026-06-16T18:50:37
Begonia masoniana,,,,,1,Plantae,Plantae,Magnoliopsida,Begoniaceae,Begonia,,iNaturalist,HTTPError: HTTP Error 429: normal_throttling,2026-06-16T18:50:46
Begonia palmata,裂叶秋海棠,Begonia palmata,509260,species,1,Plantae,Plantae,Magnoliopsida,Begoniaceae,Begonia,3132,iNaturalist,,2026-06-16T18:50:38
Begonia semperflorens-cultorum,,,,,7,Plantae,Plantae,Magnoliopsida,Begoniaceae,Begonia,,iNaturalist,HTTPError: HTTP Error 429: normal_throttling,2026-06-16T18:50:47
Benkara sinensis,簕茜,Benkara sinensis,785423,species,13,Plantae,Plantae,Magnoliopsida,Rubiaceae,Benkara,475,iNaturalist,,2026-06-16T18:50:38
Berberis fortunei,狭叶十大功劳,Berberis fortunei,924055,species,5,Plantae,Plantae,Magnoliopsida,Berberidaceae,Berberis,474,iNaturalist,,2026-06-16T18:50:39
Berberis haematocarpa,,,,,1,Plantae,Plantae,Magnoliopsida,Berberidaceae,Berberis,,iNaturalist,HTTPError: HTTP Error 429: normal_throttling,2026-06-16T18:50:48
Berberis nervosa,,,,,1,Plantae,Plantae,Magnoliopsida,Berberidaceae,Berberis,,iNaturalist,HTTPError: HTTP Error 429: normal_throttling,2026-06-16T18:50:48
Berchemia floribunda,多花勾儿茶,Berchemia floribunda,347977,species,3,Plantae,Plantae,Magnoliopsida,Rhamnaceae,Berchemia,533,iNaturalist,,2026-06-16T18:50:40
Berchemia lineata,铁包金,Berchemia lineata,641902,species,1,Plantae,Plantae,Magnoliopsida,Rhamnaceae,Berchemia,506,iNaturalist,,2026-06-16T18:50:40
Bergera koenigii,,,,,3,Plantae,Plantae,Magnoliopsida,Rutaceae,Bergera,,iNaturalist,HTTPError: HTTP Error 429: normal_throttling,2026-06-16T18:50:49
Bertula abjudicalis,黑带拟胸须夜蛾,Bertula abjudicalis,244672,species,1,Insecta,Animalia,Insecta,Erebidae,Bertula,732,iNaturalist,,2026-06-16T18:50:41
Beta vulgaris,甜菜,Beta vulgaris,54498,species,3,Plantae,Plantae,Magnoliopsida,Amaranthaceae,Beta,18524,iNaturalist,,2026-06-16T18:50:42
Betula humilis,,,,,1,Plantae,Plantae,Magnoliopsida,Betulaceae,Betula,,iNaturalist,HTTPError: HTTP Error 429: normal_throttling,2026-06-16T18:50:51
Betula occidentalis,水桦,Betula occidentalis,75764,species,1,Plantae,Plantae,Magnoliopsida,Betulaceae,Betula,6283,iNaturalist,,2026-06-16T18:50:43
Bidens alba,白花鬼针草,Bidens alba,1095846,species,273,Plantae,Plantae,Magnoliopsida,Asteraceae,Bidens,90726,iNaturalist,,2026-06-16T18:50:43
Bidens discoidea,,Bidens discoidea,116346,species,1,Plantae,Plantae,Magnoliopsida,Asteraceae,Bidens,1060,iNaturalist,,2026-06-16T18:50:44
Bidens odorata,芳香鬼针草,Bidens odorata,159260,species,7,Plantae,Plantae,Magnoliopsida,Asteraceae,Bidens,5837,iNaturalist,,2026-06-16T18:50:45
Bidens pilosa,鬼针草,Bidens pilosa,50203,species,14,Plantae,Plantae,Magnoliopsida,Asteraceae,Bidens,20334,iNaturalist,,2026-06-16T18:50:45
Bijoaraneus mitificus,黑斑园蛛,Bijoaraneus mitificus,1341474,species,4,Arachnida,Animalia,Arachnida,Araneidae,Bijoaraneus,2821,iNaturalist,,2026-06-16T18:50:46
Billbergia pyramidalis,,,,,7,Plantae,Plantae,Liliopsida,Bromeliaceae,Billbergia,,iNaturalist,HTTPError: HTTP Error 429: normal_throttling,2026-06-16T18:50:55
Billia rosea,,Billia rosea,461552,species,1,Plantae,Plantae,Magnoliopsida,Sapindaceae,Billia,442,iNaturalist,,2026-06-16T18:50:47
Bischofia javanica,秋枫,Bischofia javanica,156333,species,57,Plantae,Plantae,Magnoliopsida,Phyllanthaceae,Bischofia,13559,iNaturalist,,2026-06-16T19:09:18
Bismarckia nobilis,霸王棕,Bismarckia nobilis,154283,species,1,Plantae,Plantae,Liliopsida,Arecaceae,Bismarckia,4801,iNaturalist,,2026-06-16T18:50:47
Biston suppressaria,,,,,3,Insecta,Animalia,Insecta,Geometridae,Biston,,iNaturalist,HTTPError: HTTP Error 429: normal_throttling,2026-06-16T18:50:56
Bixa orellana,红木,Bixa orellana,127676,species,2,Plantae,Plantae,Magnoliopsida,Bixaceae,Bixa,8148,iNaturalist,,2026-06-16T18:50:48
Blasticorhinus rivulosa,锉夜蛾,Blasticorhinus rivulosa,202986,species,1,Insecta,Animalia,Insecta,Erebidae,Blasticorhinus,404,iNaturalist,,2026-06-16T18:50:49
Blattella asahinai,,,,,2,Insecta,Animalia,Insecta,Blattellidae,Blattella,,iNaturalist,HTTPError: HTTP Error 429: normal_throttling,2026-06-16T18:50:57
Blattella germanica,,,,,13,Insecta,Animalia,Insecta,Blattellidae,Blattella,,iNaturalist,HTTPError: HTTP Error 429: normal_throttling,2026-06-16T18:50:58
Blechnum orientale,乌毛蕨,Blechnum orientale,345928,species,219,Plantae,Plantae,Polypodiopsida,Blechnaceae,Blechnum,6063,iNaturalist,,2026-06-16T18:50:49
Blechnum penna-marina,,Blechnum penna-marina,218501,species,1,Plantae,Plantae,Polypodiopsida,Blechnaceae,Blechnum,4283,iNaturalist,,2026-06-16T18:50:50
Blenina quinaria,,,,,1,Insecta,Animalia,Insecta,Nolidae,Blenina,,iNaturalist,HTTPError: HTTP Error 429: normal_throttling,2026-06-16T18:50:59
Bletilla striata,白及,Bletilla striata,131245,species,1,Plantae,Plantae,Liliopsida,Orchidaceae,Bletilla,1414,iNaturalist,,2026-06-16T18:50:51
Blumea axillaris,柔毛艾纳香,Blumea axillaris,370030,species,2,Plantae,Plantae,Magnoliopsida,Asteraceae,Blumea,1134,iNaturalist,,2026-06-16T18:50:51
Blumea megacephala,,,,,5,Plantae,Plantae,Magnoliopsida,Asteraceae,Blumea,,iNaturalist,HTTPError: HTTP Error 429: normal_throttling,2026-06-16T18:51:00
Bocana manifestalis,曼波夜蛾,Bocana manifestalis,364088,species,1,Insecta,Animalia,Insecta,Erebidae,Bocana,1120,iNaturalist,,2026-06-16T18:50:52
Bocchoris inspersalis,白斑翅野螟,Bocchoris inspersalis,202668,species,1,Insecta,Animalia,Insecta,Crambidae,Bocchoris,1850,iNaturalist,,2026-06-16T18:50:53
Bocula marginata,完斑畸夜蛾,Bocula marginata,204664,species,1,Insecta,Animalia,Insecta,Erebidae,Bocula,387,iNaturalist,,2026-06-16T18:50:53
Boehmeria densiflora,密花苎麻,Boehmeria densiflora,545833,species,2,Plantae,Plantae,Magnoliopsida,Urticaceae,Boehmeria,4732,iNaturalist,,2026-06-16T18:50:54
Boehmeria nivea,苎麻,Boehmeria nivea,159288,species,57,Plantae,Plantae,Magnoliopsida,Urticaceae,Boehmeria,7941,iNaturalist,,2026-06-16T18:50:55
Boehmeria zollingeriana,,,,,1,Plantae,Plantae,Magnoliopsida,Urticaceae,Boehmeria,,iNaturalist,HTTPError: HTTP Error 429: normal_throttling,2026-06-16T18:51:04
Boerhavia diffusa,黄细心,Boerhavia diffusa,75835,species,3,Plantae,Plantae,Magnoliopsida,Nyctaginaceae,Boerhavia,5695,iNaturalist,,2026-06-16T18:50:55
Boerhavia repens,,,,,1,Plantae,Plantae,Magnoliopsida,Nyctaginaceae,Boerhavia,,iNaturalist,HTTPError: HTTP Error 429: normal_throttling,2026-06-16T18:51:04
Boiga multomaculata,繁花林蛇,Boiga multomaculata,27678,species,1,Reptilia,Animalia,Reptilia,Colubridae,Boiga,677,iNaturalist,,2026-06-16T18:50:56
Bolbitis subcordata,华南实蕨,Bolbitis subcordata,707075,species,1,Plantae,Plantae,Polypodiopsida,Dryopteridaceae,Bolbitis,786,iNaturalist,,2026-06-16T18:51:02
Bolbitius coprophilus,粪生粪伞,Bolbitius coprophilus,179228,species,1,Fungi,Fungi,Agaricomycetes,Bolbitiaceae,Bolbitius,2095,iNaturalist,,2026-06-16T18:50:57
Bolboschoenus planiculmis,扁秆荆三棱,Bolboschoenus planiculmis,717827,species,1,Plantae,Plantae,Liliopsida,Cyperaceae,Bolboschoenus,484,iNaturalist,,2026-06-16T18:50:58
Boleophthalmus pectinirostris,大弹涂鱼,Boleophthalmus pectinirostris,354395,species,2,Actinopterygii,Animalia,Actinopterygii,Oxudercidae,Boleophthalmus,1635,iNaturalist,,2026-06-16T18:51:03
Boltonia asteroides,竹叶菊,Boltonia asteroides,159305,species,1,Plantae,Plantae,Magnoliopsida,Asteraceae,Boltonia,2283,iNaturalist,,2026-06-16T18:50:58
Bombax ceiba,木棉,Bombax ceiba,68313,species,65,Plantae,Plantae,Magnoliopsida,Malvaceae,Bombax,7352,iNaturalist,,2026-06-16T18:51:00
Bombus eximius,萃熊蜂,Bombus eximius,473828,species,1,Insecta,Animalia,Insecta,Apidae,Bombus,880,iNaturalist,,2026-06-16T18:50:59
Bonnaya antipoda,泥花草,Bonnaya antipoda,1005916,species,1,Plantae,Plantae,Magnoliopsida,Linderniaceae,Bonnaya,1578,iNaturalist,,2026-06-16T18:51:04
Bonnaya ruelloides,旱田草,Bonnaya ruelloides,1245372,species,2,Plantae,Plantae,Magnoliopsida,Linderniaceae,Bonnaya,1081,iNaturalist,,2026-06-16T18:51:00
Borbo cinnara,,,,,1,Insecta,Animalia,Insecta,Hesperiidae,Borbo,,iNaturalist,HTTPError: HTTP Error 429: normal_throttling,2026-06-16T18:51:09
Borysthenes emarginatus,凹缘帛菱蜡蝉,Borysthenes emarginatus,1429338,species,3,Insecta,Animalia,Insecta,Borysthenidae,Borysthenes,302,iNaturalist,,2026-06-16T18:51:06
Borysthenes maculatus,斑帛菱蜡蝉,Borysthenes maculatus,325984,species,1,Insecta,Animalia,Insecta,Borysthenidae,Borysthenes,167,iNaturalist,,2026-06-16T18:51:01
Bos taurus,,,,,1,Mammalia,Animalia,Mammalia,Bovidae,Bos,,iNaturalist,HTTPError: HTTP Error 429: normal_throttling,2026-06-16T18:51:10
Botaurus flavicollis,黑鳽,Botaurus flavicollis,1583069,species,1,Aves,Animalia,Aves,Ardeidae,Botaurus,1120,iNaturalist,,2026-06-16T18:51:02
Botaurus sinensis,,,,,6,Aves,Animalia,Aves,Ardeidae,Botaurus,,iNaturalist,HTTPError: HTTP Error 429: normal_throttling,2026-06-16T18:51:11
Bothriochloa bladhii,臭根子草,Bothriochloa bladhii,159317,species,2,Plantae,Plantae,Liliopsida,Poaceae,Bothriochloa,2245,iNaturalist,,2026-06-16T18:51:04
Bothriospermum zeylanicum,,,,,3,Plantae,Plantae,Magnoliopsida,Boraginaceae,Bothriospermum,,iNaturalist,HTTPError: HTTP Error 429: normal_throttling,2026-06-16T18:51:13
Bougainvillea glabra,光叶子花,Bougainvillea glabra,159346,species,123,Plantae,Plantae,Magnoliopsida,Nyctaginaceae,Bougainvillea,30966,iNaturalist,,2026-06-16T19:08:07
Bougainvillea spectabilis,叶子花,Bougainvillea spectabilis,62949,species,229,Plantae,Plantae,Magnoliopsida,Nyctaginaceae,Bougainvillea,18756,iNaturalist,,2026-06-16T18:51:05
Brachychiton acerifolius,,,,,15,Plantae,Plantae,Magnoliopsida,Malvaceae,Brachychiton,,iNaturalist,HTTPError: HTTP Error 429: normal_throttling,2026-06-16T18:51:14
Brachycyttarus griseus,,,,,1,Insecta,Animalia,Insecta,Psychidae,Brachycyttarus,,iNaturalist,HTTPError: HTTP Error 429: normal_throttling,2026-06-16T18:51:14
Brachydiplax chalybea,蓝额疏脉蜻,Brachydiplax chalybea,95964,species,8,Insecta,Animalia,Insecta,Libellulidae,Brachydiplax,8317,iNaturalist,,2026-06-16T18:51:06
Brachymeria lasus,广大腿小蜂,Brachymeria lasus,901296,species,3,Insecta,Animalia,Insecta,Chalcididae,Brachymeria,293,iNaturalist,,2026-06-16T18:51:07
Brachymeria tibialis,,Brachymeria tibialis,560016,species,1,Insecta,Animalia,Insecta,Chalcididae,Brachymeria,217,iNaturalist,,2026-06-16T18:51:08
Brachymyrmex patagonicus,巴塔哥尼亚短蚁,Brachymyrmex patagonicus,356419,species,2,Insecta,Animalia,Insecta,Formicidae,Brachymyrmex,7581,iNaturalist,,2026-06-16T18:51:08
Brachyponera chinensis,中华短猛蚁,Brachyponera chinensis,367034,species,2,Insecta,Animalia,Insecta,Formicidae,Brachyponera,4526,iNaturalist,,2026-06-16T18:51:09
Brachythemis contaminata,,,,,36,Insecta,Animalia,Insecta,Libellulidae,Brachythemis,,iNaturalist,HTTPError: HTTP Error 429: normal_throttling,2026-06-16T18:51:18
Bradybaena similaris,同型巴蜗牛,Bradybaena similaris,215409,species,54,Mollusca,Animalia,Gastropoda,Camaenidae,Bradybaena,21759,iNaturalist,,2026-06-16T18:51:10
Brainea insignis,苏铁蕨,Brainea insignis,505260,species,20,Plantae,Plantae,Polypodiopsida,Blechnaceae,Brainea,386,iNaturalist,,2026-06-16T18:51:10
Brasenia schreberi,,,,,1,Plantae,Plantae,Magnoliopsida,Cabombaceae,Brasenia,,iNaturalist,HTTPError: HTTP Error 429: normal_throttling,2026-06-16T18:51:19
Brassica juncea,芥菜,Brassica juncea,64241,species,2,Plantae,Plantae,Magnoliopsida,Brassicaceae,Brassica,2841,iNaturalist,,2026-06-16T18:51:11
Brassica napus,西洋油菜,Brassica napus,75869,species,1,Plantae,Plantae,Magnoliopsida,Brassicaceae,Brassica,14234,iNaturalist,,2026-06-16T18:51:12
Brassica oleracea,甘蓝,Brassica oleracea,54516,species,1,Plantae,Plantae,Magnoliopsida,Brassicaceae,Brassica,21067,iNaturalist,,2026-06-16T18:51:14
Brassica rapa,油菜,Brassica rapa,53271,species,1,Plantae,Plantae,Magnoliopsida,Brassicaceae,Brassica,23796,iNaturalist,,2026-06-16T18:51:13
Breynia disticha,彩叶山漆茎,Breynia disticha,159426,species,60,Plantae,Plantae,Magnoliopsida,Phyllanthaceae,Breynia,2645,iNaturalist,,2026-06-16T18:51:13
Breynia fruticosa,黑面神,Breynia fruticosa,362778,species,33,Plantae,Plantae,Magnoliopsida,Phyllanthaceae,Breynia,816,iNaturalist,,2026-06-16T18:51:18
Breynia spatulifolia,,,,,2,Plantae,Plantae,Magnoliopsida,Phyllanthaceae,Breynia,,iNaturalist,HTTPError: HTTP Error 429: normal_throttling,2026-06-16T18:51:22
Breynia vitis-idaea,,,,,5,Plantae,Plantae,Magnoliopsida,Phyllanthaceae,Breynia,,iNaturalist,HTTPError: HTTP Error 429: normal_throttling,2026-06-16T18:51:23
Bridelia balansae,,,,,1,Plantae,Plantae,Magnoliopsida,Phyllanthaceae,Bridelia,,iNaturalist,HTTPError: HTTP Error 429: normal_throttling,2026-06-16T18:51:23
Bridelia tomentosa,土蜜树,Bridelia tomentosa,346163,species,28,Plantae,Plantae,Magnoliopsida,Phyllanthaceae,Bridelia,4928,iNaturalist,,2026-06-16T18:51:15
Brillantaisia owariensis,,,,,1,Plantae,Plantae,Magnoliopsida,Acanthaceae,Brillantaisia,,iNaturalist,HTTPError: HTTP Error 429: normal_throttling,2026-06-16T18:51:23
Broussonetia papyrifera,构树,Broussonetia papyrifera,128032,species,10,Plantae,Plantae,Magnoliopsida,Moraceae,Broussonetia,36348,iNaturalist,,2026-06-16T18:51:16
Brownea grandiceps,绣球宝冠木,Brownea grandiceps,343819,species,1,Plantae,Plantae,Magnoliopsida,Fabaceae,Brownea,886,iNaturalist,,2026-06-16T18:51:16
Brucea javanica,鸦胆子,Brucea javanica,184507,species,45,Plantae,Plantae,Magnoliopsida,Simaroubaceae,Brucea,702,iNaturalist,,2026-06-16T18:51:17
Brugmansia aurea,黄花木本曼陀罗,Brugmansia aurea,189941,species,1,Plantae,Plantae,Magnoliopsida,Solanaceae,Brugmansia,2893,iNaturalist,,2026-06-16T18:51:18
Bruguiera gymnorhiza,,,,,1,Plantae,Plantae,Magnoliopsida,Rhizophoraceae,Bruguiera,,iNaturalist,HTTPError: HTTP Error 429: normal_throttling,2026-06-16T18:51:27
Brunfelsia australis,番茉莉,Brunfelsia australis,430749,species,3,Plantae,Plantae,Magnoliopsida,Solanaceae,Brunfelsia,681,iNaturalist,,2026-06-16T18:51:21
Brunfelsia pauciflora,大花鸳鸯茉莉,Brunfelsia pauciflora,343971,species,20,Plantae,Plantae,Magnoliopsida,Solanaceae,Brunfelsia,4975,iNaturalist,,2026-06-16T18:51:19
Brunfelsia uniflora,番茉莉,Brunfelsia uniflora,491268,species,70,Plantae,Plantae,Magnoliopsida,Solanaceae,Brunfelsia,1289,iNaturalist,,2026-06-16T18:51:20
Brunia antica,代布土苔蛾,Brunia antica,126028,species,3,Insecta,Animalia,Insecta,Erebidae,Brunia,3258,iNaturalist,,2026-06-16T18:51:22
Bryum argenteum,,,,,3,Plantae,Plantae,Bryopsida,Bryaceae,Bryum,,iNaturalist,HTTPError: HTTP Error 429: normal_throttling,2026-06-16T18:51:29
Bryum dichotomum,双色真藓,Bryum dichotomum,159528,species,3,Plantae,Plantae,Bryopsida,Bryaceae,Bryum,1252,iNaturalist,,2026-06-16T18:51:21
Buchanania arborescens,,,,,1,Plantae,Plantae,Magnoliopsida,Anacardiaceae,Buchanania,,iNaturalist,HTTPError: HTTP Error 429: normal_throttling,2026-06-16T18:51:30
Buddleja asiatica,白背枫,Buddleja asiatica,159585,species,6,Plantae,Plantae,Magnoliopsida,Scrophulariaceae,Buddleja,2360,iNaturalist,,2026-06-16T18:51:23
Buddleja davidii,,,,,6,Plantae,Plantae,Magnoliopsida,Scrophulariaceae,Buddleja,,iNaturalist,HTTPError: HTTP Error 429: normal_throttling,2026-06-16T18:51:32
Buddleja salviifolia,鼠尾草叶醉鱼草,Buddleja salviifolia,211103,species,1,Plantae,Plantae,Magnoliopsida,Scrophulariaceae,Buddleja,3681,iNaturalist,,2026-06-16T18:51:23
Bulbine frutescens,,,,,9,Plantae,Plantae,Liliopsida,Asphodelaceae,Bulbine,,iNaturalist,HTTPError: HTTP Error 429: normal_throttling,2026-06-16T18:51:32
Bumetopia oscitans,,,,,3,Insecta,Animalia,Insecta,Cerambycidae,Bumetopia,,iNaturalist,HTTPError: HTTP Error 429: normal_throttling,2026-06-16T18:51:32
Bungarus multicinctus,银环蛇,Bungarus multicinctus,30442,species,2,Reptilia,Animalia,Reptilia,Elapidae,Bungarus,3450,iNaturalist,,2026-06-16T18:51:24
Burmattus albopunctatus,波氏缅蛛,Burmattus albopunctatus,814359,species,1,Arachnida,Animalia,Arachnida,Salticidae,Burmattus,864,iNaturalist,,2026-06-16T18:51:26
Butorides atricapilla,绿鹭,Butorides atricapilla,1636180,species,1,Aves,Animalia,Aves,Ardeidae,Butorides,18384,iNaturalist,,2026-06-16T18:51:25
Butorides striata,南美绿鹭,Butorides striata,62528,species,2,Aves,Animalia,Aves,Ardeidae,Butorides,11835,iNaturalist,,2026-06-16T18:51:25
Buxus bodinieri,雀舌黄杨,Buxus bodinieri,1047753,species,1,Plantae,Plantae,Magnoliopsida,Buxaceae,Buxus,85,iNaturalist,,2026-06-16T18:51:31
Buxus sinica,黄杨,Buxus sinica,1260679,species,2,Plantae,Plantae,Magnoliopsida,Buxaceae,Buxus,654,iNaturalist,,2026-06-16T18:51:27
Byrsonima crassifolia,厚叶金匙木,Byrsonima crassifolia,154528,species,1,Plantae,Plantae,Magnoliopsida,Malpighiaceae,Byrsonima,4697,iNaturalist,,2026-06-16T18:51:27
Cabomba caroliniana,,,,,2,Plantae,Plantae,Magnoliopsida,Cabombaceae,Cabomba,,iNaturalist,HTTPError: HTTP Error 429: normal_throttling,2026-06-16T18:51:36
Cacatua moluccensis,鲑色凤头鹦鹉,Cacatua moluccensis,117192,species,6,Aves,Animalia,Aves,Cacatuidae,Cacatua,393,iNaturalist,,2026-06-16T18:51:28
Cacomantis merulinus,八声杜鹃,Cacomantis merulinus,1856,species,21,Aves,Animalia,Aves,Cuculidae,Cacomantis,2555,iNaturalist,,2026-06-16T18:51:29
Caesalpinia pulcherrima,洋金凤,Caesalpinia pulcherrima,60439,species,21,Plantae,Plantae,Magnoliopsida,Fabaceae,Caesalpinia,28436,iNaturalist,,2026-06-16T18:51:30
Cairina moschata,疣鼻栖鸭,Cairina moschata,7120,species,1,Aves,Animalia,Aves,Anatidae,Cairina,94626,iNaturalist,,2026-06-16T18:51:32
Cajanus cajan,木豆,Cajanus cajan,139444,species,1,Plantae,Plantae,Magnoliopsida,Fabaceae,Cajanus,4036,iNaturalist,,2026-06-16T18:51:30
Caladium bicolor,,,,,18,Plantae,Plantae,Liliopsida,Araceae,Caladium,,iNaturalist,HTTPError: HTTP Error 429: normal_throttling,2026-06-16T18:51:40
Calamagrostis villosa,,Calamagrostis villosa,524188,species,1,Plantae,Plantae,Liliopsida,Poaceae,Calamagrostis,334,iNaturalist,,2026-06-16T18:51:33
Calamus melanochaetes,,,,,2,Plantae,Plantae,Liliopsida,Arecaceae,Calamus,,iNaturalist,HTTPError: HTTP Error 429: normal_throttling,2026-06-16T18:51:40
Calathea crotalifera,紫背竹芋,Calathea crotalifera,68031,species,1,Plantae,Plantae,Liliopsida,Marantaceae,Calathea,2112,iNaturalist,,2026-06-16T18:51:37
Calcipostia guttulata,油斑泊氏孔菌,Calcipostia guttulata,959318,species,1,Fungi,Fungi,Agaricomycetes,Fomitopsidaceae,Calcipostia,1595,iNaturalist,,2026-06-16T18:51:32
Callerya nitida,亮叶鸡血藤,Callerya nitida,736618,species,3,Plantae,Plantae,Magnoliopsida,Fabaceae,Callerya,529,iNaturalist,,2026-06-16T18:51:34
Calletaera subexpressa,,,,,2,Insecta,Animalia,Insecta,Geometridae,Calletaera,,iNaturalist,HTTPError: HTTP Error 429: normal_throttling,2026-06-16T18:51:41
Calliandra haematocephala,朱缨花,Calliandra haematocephala,47441,species,123,Plantae,Plantae,Magnoliopsida,Fabaceae,Calliandra,8892,iNaturalist,,2026-06-16T19:08:11
Calliandra pittieri,,Calliandra pittieri,549191,species,1,Plantae,Plantae,Magnoliopsida,Fabaceae,Calliandra,539,iNaturalist,,2026-06-16T18:51:34
Calliandra tergemina,,,,,1,Plantae,Plantae,Magnoliopsida,Fabaceae,Calliandra,,iNaturalist,HTTPError: HTTP Error 429: normal_throttling,2026-06-16T18:51:43
Callianthe picta,金铃花,Callianthe picta,570676,species,22,Plantae,Plantae,Magnoliopsida,Malvaceae,Callianthe,13899,iNaturalist,,2026-06-16T18:51:35
Callicarpa rubella,红紫珠,Callicarpa rubella,407652,species,1,Plantae,Plantae,Magnoliopsida,Lamiaceae,Callicarpa,391,iNaturalist,,2026-06-16T18:51:36
Calliope calliope,红喉歌鸲,Calliope calliope,145064,species,1,Aves,Animalia,Aves,Muscicapidae,Calliope,2852,iNaturalist,,2026-06-16T18:51:37
Calliphora vicina,红头丽蝇,Calliphora vicina,119115,species,2,Insecta,Animalia,Insecta,Calliphoridae,Calliphora,31404,iNaturalist,,2026-06-16T18:51:42
Callisia fragrans,香锦竹草,Callisia fragrans,159678,species,2,Plantae,Plantae,Liliopsida,Commelinaceae,Callisia,3817,iNaturalist,,2026-06-16T18:51:39
Callisia repens,铺地锦竹草,Callisia repens,159681,species,5,Plantae,Plantae,Liliopsida,Commelinaceae,Callisia,5239,iNaturalist,,2026-06-16T18:51:38
Callistephus chinensis,翠菊,Callistephus chinensis,159684,species,1,Plantae,Plantae,Magnoliopsida,Asteraceae,Callistephus,1901,iNaturalist,,2026-06-16T18:51:39
Calliteara grotei,,,,,3,Insecta,Animalia,Insecta,Erebidae,Calliteara,,iNaturalist,HTTPError: HTTP Error 429: normal_throttling,2026-06-16T18:51:48
Callitriche terrestris,,Callitriche terrestris,159690,species,3,Plantae,Plantae,Magnoliopsida,Plantaginaceae,Callitriche,1019,iNaturalist,,2026-06-16T18:51:40
Callosciurus caniceps,金背松鼠,Callosciurus caniceps,45941,species,1,Mammalia,Animalia,Mammalia,Sciuridae,Callosciurus,1460,iNaturalist,,2026-06-16T18:51:45
Callosciurus erythraeus,赤腹松鼠,Callosciurus erythraeus,45952,species,54,Mammalia,Animalia,Mammalia,Sciuridae,Callosciurus,13227,iNaturalist,,2026-06-16T18:51:41
Caloenas nicobarica,绿蓑鸠,Caloenas nicobarica,3643,species,2,Aves,Animalia,Aves,Columbidae,Caloenas,1031,iNaturalist,,2026-06-16T18:51:46
Calophyllum inophyllum,红厚壳,Calophyllum inophyllum,159698,species,1,Plantae,Plantae,Magnoliopsida,Calophyllaceae,Calophyllum,6073,iNaturalist,,2026-06-16T18:51:41
Calopogonium mucunoides,,,,,1,Plantae,Plantae,Magnoliopsida,Fabaceae,Calopogonium,,iNaturalist,HTTPError: HTTP Error 429: normal_throttling,2026-06-16T18:51:51
Calotes wangi,中国树蜥,Calotes wangi,1545905,species,40,Reptilia,Animalia,Reptilia,Agamidae,Calotes,6978,iNaturalist,,2026-06-16T18:51:44
Caltha natans,,,,,1,Plantae,Plantae,Magnoliopsida,Ranunculaceae,Caltha,,iNaturalist,HTTPError: HTTP Error 429: normal_throttling,2026-06-16T18:51:51
Calvatia craniiformis,头状秃马勃,Calvatia craniiformis,335466,species,1,Fungi,Fungi,Agaricomycetes,Lycoperdaceae,Calvatia,3548,iNaturalist,,2026-06-16T18:51:43
Calvatia lilacina,紫色秃马勃,Calvatia lilacina,381462,species,1,Fungi,Fungi,Agaricomycetes,Lycoperdaceae,Calvatia,685,iNaturalist,,2026-06-16T18:51:43
Calyptocarpus vialis,,,,,2,Plantae,Plantae,Magnoliopsida,Asteraceae,Calyptocarpus,,iNaturalist,HTTPError: HTTP Error 429: normal_throttling,2026-06-16T18:51:52
Calystegia sepium,,,,,1,Plantae,Plantae,Magnoliopsida,Convolvulaceae,Calystegia,,iNaturalist,HTTPError: HTTP Error 429: normal_throttling,2026-06-16T18:51:53
Camaena cicatricosa,皱疤坚螺,Camaena cicatricosa,417916,species,32,Mollusca,Animalia,Gastropoda,Camaenidae,Camaena,896,iNaturalist,,2026-06-16T18:51:45
Camaricus maugei,顶蟹蛛,Camaricus maugei,603221,species,1,Arachnida,Animalia,Arachnida,Thomisidae,Camaricus,551,iNaturalist,,2026-06-16T18:51:47
Camellia azalea,杜鹃叶山茶,Camellia azalea,343903,species,7,Plantae,Plantae,Magnoliopsida,Theaceae,Camellia,679,iNaturalist,,2026-06-16T18:51:48
Camellia hongkongensis,香港茶,Camellia hongkongensis,497309,species,1,Plantae,Plantae,Magnoliopsida,Theaceae,Camellia,100,iNaturalist,,2026-06-16T18:51:47
Camellia japonica,山茶花,Camellia japonica,83056,species,62,Plantae,Plantae,Magnoliopsida,Theaceae,Camellia,20115,iNaturalist,,2026-06-16T18:51:49
Camellia oleifera,油茶,Camellia oleifera,487657,species,3,Plantae,Plantae,Magnoliopsida,Theaceae,Camellia,1057,iNaturalist,,2026-06-16T18:51:50
Camellia sinensis,茶,Camellia sinensis,123005,species,1,Plantae,Plantae,Magnoliopsida,Theaceae,Camellia,4042,iNaturalist,,2026-06-16T18:51:48
Campanula medium,风铃草,Campanula medium,159761,species,2,Plantae,Plantae,Magnoliopsida,Campanulaceae,Campanula,2399,iNaturalist,,2026-06-16T18:51:50
Camphora kanahirae,牛樟,Camphora kanahirae,1589196,species,1,Plantae,Plantae,Magnoliopsida,Lauraceae,Camphora,453,iNaturalist,,2026-06-16T18:51:51
Camphora officinarum,樟,Camphora officinarum,1591063,species,50,Plantae,Plantae,Magnoliopsida,Lauraceae,Camphora,25401,iNaturalist,,2026-06-16T18:51:52
Campiglossa sororcula,莴苣长喙实蝇,Campiglossa sororcula,1360929,species,2,Insecta,Animalia,Insecta,Tephritidae,Campiglossa,964,iNaturalist,,2026-06-16T18:51:52
Camponotus carin,卡林弓背蚁,Camponotus carin,491950,species,2,Insecta,Animalia,Insecta,Formicidae,Camponotus,570,iNaturalist,,2026-06-16T18:51:53
Camponotus irritans,,,,,1,Insecta,Animalia,Insecta,Formicidae,Camponotus,,iNaturalist,HTTPError: HTTP Error 429: normal_throttling,2026-06-16T18:52:00
Camponotus japonicus,,,,,1,Insecta,Animalia,Insecta,Formicidae,Camponotus,,iNaturalist,HTTPError: HTTP Error 429: normal_throttling,2026-06-16T18:52:00
Camponotus mitis,,,,,2,Insecta,Animalia,Insecta,Formicidae,Camponotus,,iNaturalist,HTTPError: HTTP Error 429: normal_throttling,2026-06-16T18:52:00
Camponotus nicobarensis,尼科巴弓背蚁,Camponotus nicobarensis,362770,species,59,Insecta,Animalia,Insecta,Formicidae,Camponotus,2731,iNaturalist,,2026-06-16T18:51:54
Camponotus parius,,,,,13,Insecta,Animalia,Insecta,Formicidae,Camponotus,,iNaturalist,HTTPError: HTTP Error 429: normal_throttling,2026-06-16T18:52:01
Camponotus vitiosus,瑕疵弓背蚁,Camponotus vitiosus,707423,species,6,Insecta,Animalia,Insecta,Formicidae,Camponotus,811,iNaturalist,,2026-06-16T18:51:55
Campsis grandiflora,,,,,1,Plantae,Plantae,Magnoliopsida,Bignoniaceae,Campsis,,iNaturalist,HTTPError: HTTP Error 429: normal_throttling,2026-06-16T18:52:02
Campsomeriella collaris,领长腹土蜂,Campsomeriella collaris,366943,species,2,Insecta,Animalia,Insecta,Scoliidae,Campsomeriella,1567,iNaturalist,,2026-06-16T18:51:54
Campsosternus auratus,丽叩甲,Campsosternus auratus,424151,species,55,Insecta,Animalia,Insecta,Elateridae,Campsosternus,2092,iNaturalist,,2026-06-16T19:09:37
Canarium album,,,,,2,Plantae,Plantae,Magnoliopsida,Burseraceae,Canarium,,iNaturalist,HTTPError: HTTP Error 429: normal_throttling,2026-06-16T18:52:03
Canarium subulatum,毛叶榄,Canarium subulatum,604759,species,7,Plantae,Plantae,Magnoliopsida,Burseraceae,Canarium,628,iNaturalist,,2026-06-16T18:51:56
Canavalia cathartica,小刀豆,Canavalia cathartica,159808,species,1,Plantae,Plantae,Magnoliopsida,Fabaceae,Canavalia,815,iNaturalist,,2026-06-16T18:51:56
Candelaria concolor,同色黄烛衣,Candelaria concolor,69430,species,1,Fungi,Fungi,Lichinomycetes,Candelariaceae,Candelaria,22330,iNaturalist,,2026-06-16T18:51:57
Candelaria pacifica,,Candelaria pacifica,203098,species,2,Fungi,Fungi,Lichinomycetes,Candelariaceae,Candelaria,4328,iNaturalist,,2026-06-16T18:51:58
Candelariella aurella,金斑地衣,Candelariella aurella,155497,species,1,Fungi,Fungi,Lichinomycetes,Candelariaceae,Candelariella,4257,iNaturalist,,2026-06-16T18:51:58
Candelariella efflorescens,粉黄茶渍,Candelariella efflorescens,155092,species,9,Fungi,Fungi,Lichinomycetes,Candelariaceae,Candelariella,4136,iNaturalist,,2026-06-16T18:51:59
Candelolepiota sinica,滴泪白环蘑,Candelolepiota sinica,1612787,species,16,Fungi,Fungi,Agaricomycetes,Agaricaceae,Candelolepiota,814,iNaturalist,,2026-06-16T18:52:00
Canis familiaris,狗,Canis familiaris,47144,species,7,Mammalia,Animalia,Mammalia,Canidae,Canis,148738,iNaturalist,,2026-06-16T18:52:00
Canna flaccida,柔瓣美人蕉,Canna flaccida,127279,species,2,Plantae,Plantae,Liliopsida,Cannaceae,Canna,1586,iNaturalist,,2026-06-16T18:52:05
Canna glauca,粉美人蕉,Canna glauca,159818,species,68,Plantae,Plantae,Liliopsida,Cannaceae,Canna,1313,iNaturalist,,2026-06-16T19:08:59
Canna indica,美人蕉,Canna indica,146643,species,82,Plantae,Plantae,Liliopsida,Cannaceae,Canna,25804,iNaturalist,,2026-06-16T19:08:36
Cansjera rheedei,山柑藤,Cansjera rheedei,1076093,species,6,Plantae,Plantae,Magnoliopsida,Opiliaceae,Cansjera,264,iNaturalist,,2026-06-16T18:52:01
Cantao ocellatus,角盾蝽,Cantao ocellatus,145656,species,2,Insecta,Animalia,Insecta,Scutelleridae,Cantao,5127,iNaturalist,,2026-06-16T18:52:02
Caprimulgus affinis,,,,,1,Aves,Animalia,Aves,Caprimulgidae,Caprimulgus,,iNaturalist,HTTPError: HTTP Error 429: normal_throttling,2026-06-16T18:52:11
Capsella bursa-pastoris,荠,Capsella bursa-pastoris,56121,species,3,Plantae,Plantae,Magnoliopsida,Brassicaceae,Capsella,98995,iNaturalist,,2026-06-16T18:52:02
Capsicum annuum,,,,,4,Plantae,Plantae,Magnoliopsida,Solanaceae,Capsicum,,iNaturalist,HTTPError: HTTP Error 429: normal_throttling,2026-06-16T18:52:11
Capsicum frutescens,小米椒,Capsicum frutescens,122796,species,2,Plantae,Plantae,Magnoliopsida,Solanaceae,Capsicum,2907,iNaturalist,,2026-06-16T18:52:03
Capsicum rhomboideum,,,,,1,Plantae,Plantae,Magnoliopsida,Solanaceae,Capsicum,,iNaturalist,HTTPError: HTTP Error 429: normal_throttling,2026-06-16T18:52:12
Carallia brachiata,竹节树,Carallia brachiata,184314,species,17,Plantae,Plantae,Magnoliopsida,Rhizophoraceae,Carallia,978,iNaturalist,,2026-06-16T18:52:04
Caranx ignobilis,珍鲹,Caranx ignobilis,153280,species,2,Actinopterygii,Animalia,Actinopterygii,Carangidae,Caranx,1956,iNaturalist,,2026-06-16T18:52:06
Carassius auratus,鲫鱼,Carassius auratus,58612,species,33,Actinopterygii,Animalia,Actinopterygii,Cyprinidae,Carassius,16388,iNaturalist,,2026-06-16T18:52:05
Cardamine flexuosa,弯曲碎米荠,Cardamine flexuosa,69636,species,1,Plantae,Plantae,Magnoliopsida,Brassicaceae,Cardamine,12821,iNaturalist,,2026-06-16T18:52:10
Cardamine occulta,,,,,17,Plantae,Plantae,Magnoliopsida,Brassicaceae,Cardamine,,iNaturalist,HTTPError: HTTP Error 429: normal_throttling,2026-06-16T18:52:15
Cardiospermum halicacabum,倒地铃,Cardiospermum halicacabum,62944,species,4,Plantae,Plantae,Magnoliopsida,Sapindaceae,Cardiospermum,14032,iNaturalist,,2026-06-16T18:52:07
Carea angulata,白裙赭瘤蛾,Carea angulata,121851,species,1,Insecta,Animalia,Insecta,Nolidae,Carea,711,iNaturalist,,2026-06-16T18:52:08
Carebara diversa,全异盲切叶蚁,Carebara diversa,464748,species,16,Insecta,Animalia,Insecta,Formicidae,Carebara,1645,iNaturalist,,2026-06-16T18:52:08
Carex amplifolia,,Carex amplifolia,76011,species,1,Plantae,Plantae,Liliopsida,Cyperaceae,Carex,417,iNaturalist,,2026-06-16T18:52:09
Carex brunnea,褐果薹草,Carex brunnea,159898,species,2,Plantae,Plantae,Liliopsida,Cyperaceae,Carex,532,iNaturalist,,2026-06-16T18:52:10
Carex cruciata,,,,,6,Plantae,Plantae,Liliopsida,Cyperaceae,Carex,,iNaturalist,HTTPError: HTTP Error 429: normal_throttling,2026-06-16T18:52:19
Carex filicina,,,,,1,Plantae,Plantae,Liliopsida,Cyperaceae,Carex,,iNaturalist,HTTPError: HTTP Error 429: normal_throttling,2026-06-16T18:52:19
Carex siderosticta,,,,,2,Plantae,Plantae,Liliopsida,Cyperaceae,Carex,,iNaturalist,HTTPError: HTTP Error 429: normal_throttling,2026-06-16T18:52:19
Carica papaya,番木瓜,Carica papaya,62811,species,43,Plantae,Plantae,Magnoliopsida,Caricaceae,Carica,41185,iNaturalist,,2026-06-16T18:52:11
Caridina cantonensis,,,,,17,Animalia,Animalia,Malacostraca,Atyidae,Caridina,,iNaturalist,HTTPError: HTTP Error 429: normal_throttling,2026-06-16T18:52:20
Carissa macrocarpa,大花假虎刺,Carissa macrocarpa,130215,species,1,Plantae,Plantae,Magnoliopsida,Apocynaceae,Carissa,14152,iNaturalist,,2026-06-16T18:52:12
Carphalea kirondron,,,,,1,Plantae,Plantae,Magnoliopsida,Rubiaceae,Carphalea,,iNaturalist,HTTPError: HTTP Error 429: normal_throttling,2026-06-16T18:52:20
Carpobrotus dimidiatus,,Carpobrotus dimidiatus,578586,species,1,Plantae,Plantae,Magnoliopsida,Aizoaceae,Carpobrotus,713,iNaturalist,,2026-06-16T18:52:12
Carpodacus formosanus,,,,,1,Aves,Animalia,Aves,Fringillidae,Carpodacus,,iNaturalist,HTTPError: HTTP Error 429: normal_throttling,2026-06-16T18:52:21
Carrhotus sannio,角猫跳蛛,Carrhotus sannio,334660,species,2,Arachnida,Animalia,Arachnida,Salticidae,Carrhotus,2230,iNaturalist,,2026-06-16T18:52:13
Carrhotus viduus,白斑猫跳蛛,Carrhotus viduus,154610,species,1,Arachnida,Animalia,Arachnida,Salticidae,Carrhotus,4007,iNaturalist,,2026-06-16T18:52:14
Carya glabra,光叶山核桃,Carya glabra,54789,species,1,Plantae,Plantae,Magnoliopsida,Juglandaceae,Carya,20757,iNaturalist,,2026-06-16T18:52:14
Caryopteris incana,兰香草,Caryopteris incana,627199,species,2,Plantae,Plantae,Magnoliopsida,Lamiaceae,Caryopteris,1026,iNaturalist,,2026-06-16T18:52:15
Caryota maxima,,,,,35,Plantae,Plantae,Liliopsida,Arecaceae,Caryota,,iNaturalist,HTTPError: HTTP Error 429: normal_throttling,2026-06-16T18:52:24
Caryota mitis,短穗鱼尾葵,Caryota mitis,160169,species,60,Plantae,Plantae,Liliopsida,Arecaceae,Caryota,4010,iNaturalist,,2026-06-16T18:52:16
Caryota urens,董棕,Caryota urens,141359,species,12,Plantae,Plantae,Liliopsida,Arecaceae,Caryota,2446,iNaturalist,,2026-06-16T18:52:16
Cascabela thevetia,黄花夹竹桃,Cascabela thevetia,277115,species,20,Plantae,Plantae,Magnoliopsida,Apocynaceae,Cascabela,13404,iNaturalist,,2026-06-16T18:52:17
Cascabela thevetioides,橙花夹竹桃,Cascabela thevetioides,277116,species,1,Plantae,Plantae,Magnoliopsida,Apocynaceae,Cascabela,1213,iNaturalist,,2026-06-16T18:52:18
Casearia corymbosa,,Casearia corymbosa,284995,species,2,Plantae,Plantae,Magnoliopsida,Salicaceae,Casearia,1378,iNaturalist,,2026-06-16T18:52:19
Cassia bakeriana,绒果决明（泰国樱花）,Cassia bakeriana,428118,species,15,Plantae,Plantae,Magnoliopsida,Fabaceae,Cassia,1440,iNaturalist,,2026-06-16T18:52:19
Cassia fistula,,,,,9,Plantae,Plantae,Magnoliopsida,Fabaceae,Cassia,,iNaturalist,HTTPError: HTTP Error 429: normal_throttling,2026-06-16T18:52:28
Cassia grandis,大果铁刀木,Cassia grandis,160171,species,2,Plantae,Plantae,Magnoliopsida,Fabaceae,Cassia,1346,iNaturalist,,2026-06-16T18:52:21
Cassytha filiformis,,,,,11,Plantae,Plantae,Magnoliopsida,Lauraceae,Cassytha,,iNaturalist,HTTPError: HTTP Error 429: normal_throttling,2026-06-16T18:52:28
Castanopsis carlesii,米槠,Castanopsis carlesii,556549,species,3,Plantae,Plantae,Magnoliopsida,Fagaceae,Castanopsis,1568,iNaturalist,,2026-06-16T18:52:20
Castanopsis faberi,,,,,6,Plantae,Plantae,Magnoliopsida,Fagaceae,Castanopsis,,iNaturalist,HTTPError: HTTP Error 429: normal_throttling,2026-06-16T18:52:29
Castanopsis fissa,黧蒴锥,Castanopsis fissa,428286,species,32,Plantae,Plantae,Magnoliopsida,Fagaceae,Castanopsis,734,iNaturalist,,2026-06-16T18:52:21
Castanopsis hystrix,,,,,1,Plantae,Plantae,Magnoliopsida,Fagaceae,Castanopsis,,iNaturalist,HTTPError: HTTP Error 429: normal_throttling,2026-06-16T18:52:29
Castanospermum australe,,,,,1,Plantae,Plantae,Magnoliopsida,Fabaceae,Castanospermum,,iNaturalist,HTTPError: HTTP Error 429: normal_throttling,2026-06-16T18:52:30
Casuarina cunninghamiana,细枝木麻黄,Casuarina cunninghamiana,160233,species,7,Plantae,Plantae,Magnoliopsida,Casuarinaceae,Casuarina,10748,iNaturalist,,2026-06-16T18:52:22
Casuarina equisetifolia,木麻黄,Casuarina equisetifolia,62888,species,114,Plantae,Plantae,Magnoliopsida,Casuarinaceae,Casuarina,22032,iNaturalist,,2026-06-16T19:08:17
Catharanthus roseus,长春花,Catharanthus roseus,62924,species,114,Plantae,Plantae,Magnoliopsida,Apocynaceae,Catharanthus,70072,iNaturalist,,2026-06-16T18:52:23
Catopsilia pomona,迁粉蝶,Catopsilia pomona,133443,species,4,Insecta,Animalia,Insecta,Pieridae,Catopsilia,25281,iNaturalist,,2026-06-16T18:52:23
Catopsilia pyranthe,梨花迁粉蝶,Catopsilia pyranthe,143076,species,3,Insecta,Animalia,Insecta,Pieridae,Catopsilia,9499,iNaturalist,,2026-06-16T18:52:24
Catunaregam spinosa,,,,,3,Plantae,Plantae,Magnoliopsida,Rubiaceae,Catunaregam,,iNaturalist,HTTPError: HTTP Error 429: normal_throttling,2026-06-16T18:52:33
Causonis corniculata,角花乌蔹莓,Causonis corniculata,1376237,species,7,Plantae,Plantae,Magnoliopsida,Vitaceae,Causonis,2796,iNaturalist,,2026-06-16T18:52:25
Causonis japonica,乌蔹莓,Causonis japonica,795186,species,50,Plantae,Plantae,Magnoliopsida,Vitaceae,Causonis,8308,iNaturalist,,2026-06-16T18:52:25
Causonis trifolia,三叶乌蔹莓,Causonis trifolia,867069,species,2,Plantae,Plantae,Magnoliopsida,Vitaceae,Causonis,1765,iNaturalist,,2026-06-16T18:52:26
Cavia porcellus,豚鼠,Cavia porcellus,119405,species,4,Mammalia,Animalia,Mammalia,Caviidae,Cavia,5245,iNaturalist,,2026-06-16T18:52:27
Cedrela montana,,Cedrela montana,513937,species,1,Plantae,Plantae,Magnoliopsida,Meliaceae,Cedrela,1164,iNaturalist,,2026-06-16T18:52:28
Ceiba insignis,白花丝木棉,Ceiba insignis,847117,species,2,Plantae,Plantae,Magnoliopsida,Malvaceae,Ceiba,177,iNaturalist,,2026-06-16T18:52:28
Ceiba pentandra,,,,,12,Plantae,Plantae,Magnoliopsida,Malvaceae,Ceiba,,iNaturalist,HTTPError: HTTP Error 429: normal_throttling,2026-06-16T18:52:37
Ceiba speciosa,美丽异木棉,Ceiba speciosa,154290,species,17,Plantae,Plantae,Magnoliopsida,Malvaceae,Ceiba,12906,iNaturalist,,2026-06-16T18:52:29
Celastrina lavendularis,熏衣琉璃灰蝶,Celastrina lavendularis,319044,species,1,Insecta,Animalia,Insecta,Lycaenidae,Celastrina,1794,iNaturalist,,2026-06-16T18:52:31
Celastrus hindsii,青江藤,Celastrus hindsii,855939,species,7,Plantae,Plantae,Magnoliopsida,Celastraceae,Celastrus,481,iNaturalist,,2026-06-16T18:52:30
Cellana toreuma,嫁䗩,Cellana toreuma,464979,species,1,Mollusca,Animalia,Gastropoda,Nacellidae,Cellana,813,iNaturalist,,2026-06-16T18:52:35
Celosia argentea,青葙,Celosia argentea,160259,species,3,Plantae,Plantae,Magnoliopsida,Amaranthaceae,Celosia,21920,iNaturalist,,2026-06-16T18:52:30
Celosia spicata,鸡冠花,Celosia spicata,466451,species,5,Plantae,Plantae,Magnoliopsida,Amaranthaceae,Celosia,3262,iNaturalist,,2026-06-16T18:52:32
Celtis australis,,,,,1,Plantae,Plantae,Magnoliopsida,Cannabaceae,Celtis,,iNaturalist,HTTPError: HTTP Error 429: normal_throttling,2026-06-16T18:52:39
Celtis biondii,紫弹朴,Celtis biondii,525125,species,4,Plantae,Plantae,Magnoliopsida,Cannabaceae,Celtis,441,iNaturalist,,2026-06-16T18:52:33
Celtis sinensis,朴树,Celtis sinensis,76204,species,76,Plantae,Plantae,Magnoliopsida,Cannabaceae,Celtis,11407,iNaturalist,,2026-06-16T19:08:43
Celtis tetrandra,台湾朴树,Celtis tetrandra,638135,species,3,Plantae,Plantae,Magnoliopsida,Cannabaceae,Celtis,2186,iNaturalist,,2026-06-16T18:52:31
Celtis timorensis,假玉桂,Celtis timorensis,556204,species,15,Plantae,Plantae,Magnoliopsida,Cannabaceae,Celtis,231,iNaturalist,,2026-06-16T18:52:34
Cenchrus alopecuroides,,,,,5,Plantae,Plantae,Liliopsida,Poaceae,Cenchrus,,iNaturalist,HTTPError: HTTP Error 429: normal_throttling,2026-06-16T18:52:41
Cenchrus clandestinus,铺地狼尾草,Cenchrus clandestinus,60298,species,1,Plantae,Plantae,Liliopsida,Poaceae,Cenchrus,10656,iNaturalist,,2026-06-16T18:52:33
Cenchrus echinatus,,,,,3,Plantae,Plantae,Liliopsida,Poaceae,Cenchrus,,iNaturalist,HTTPError: HTTP Error 429: normal_throttling,2026-06-16T18:52:42
Cenchrus longisetus,,,,,1,Plantae,Plantae,Liliopsida,Poaceae,Cenchrus,,iNaturalist,HTTPError: HTTP Error 429: normal_throttling,2026-06-16T18:52:43
Cenchrus orientalis,,,,,3,Plantae,Plantae,Liliopsida,Poaceae,Cenchrus,,iNaturalist,HTTPError: HTTP Error 429: normal_throttling,2026-06-16T18:52:43
Cenchrus purpureus,象草,Cenchrus purpureus,370562,species,9,Plantae,Plantae,Liliopsida,Poaceae,Cenchrus,7019,iNaturalist,,2026-06-16T18:52:35
Cenchrus setaceus,羽绒狼尾草,Cenchrus setaceus,430581,species,32,Plantae,Plantae,Liliopsida,Poaceae,Cenchrus,29829,iNaturalist,,2026-06-16T18:52:36
Cenchrus setosus,牧地狼尾草,Cenchrus setosus,1373967,species,52,Plantae,Plantae,Liliopsida,Poaceae,Cenchrus,2531,iNaturalist,,2026-06-16T18:52:37
Cenostigma pluviosum,,Cenostigma pluviosum,916728,species,1,Plantae,Plantae,Magnoliopsida,Fabaceae,Cenostigma,1241,iNaturalist,,2026-06-16T18:52:38
Centaurea cyanus,,,,,1,Plantae,Plantae,Magnoliopsida,Asteraceae,Centaurea,,iNaturalist,HTTPError: HTTP Error 429: normal_throttling,2026-06-16T18:52:46
Centella asiatica,积雪草,Centella asiatica,160294,species,18,Plantae,Plantae,Magnoliopsida,Apiaceae,Centella,10318,iNaturalist,,2026-06-16T18:52:38
Centipeda minima,石胡荽,Centipeda minima,634406,species,3,Plantae,Plantae,Magnoliopsida,Asteraceae,Centipeda,929,iNaturalist,,2026-06-16T18:52:39
Centotheca lappacea,酸模芒,Centotheca lappacea,346870,species,4,Plantae,Plantae,Liliopsida,Poaceae,Centotheca,526,iNaturalist,,2026-06-16T18:52:40
Centranthus ruber,红缬草,Centranthus ruber,57283,species,1,Plantae,Plantae,Magnoliopsida,Caprifoliaceae,Centranthus,49234,iNaturalist,,2026-06-16T18:52:42
Centrochelys sulcata,苏卡达陆龟,Centrochelys sulcata,40089,species,4,Reptilia,Animalia,Reptilia,Testudinidae,Centrochelys,4845,iNaturalist,,2026-06-16T18:52:40
Centropus sinensis,褐翅鸦鹃,Centropus sinensis,1677,species,14,Aves,Animalia,Aves,Cuculidae,Centropus,10186,iNaturalist,,2026-06-16T18:52:42
Centrosema pubescens,距瓣豆,Centrosema pubescens,127682,species,4,Plantae,Plantae,Magnoliopsida,Fabaceae,Centrosema,4130,iNaturalist,,2026-06-16T18:52:41
Ceodes umbellifera,,,,,3,Plantae,Plantae,Magnoliopsida,Nyctaginaceae,Ceodes,,iNaturalist,HTTPError: HTTP Error 429: normal_throttling,2026-06-16T18:52:50
Cephaleuros virescens,,,,,2,Plantae,Plantae,Ulvophyceae,Trentepohliaceae,Cephaleuros,,iNaturalist,HTTPError: HTTP Error 429: normal_throttling,2026-06-16T18:52:51
Cephonodes hylas,,,,,4,Insecta,Animalia,Insecta,Sphingidae,Cephonodes,,iNaturalist,HTTPError: HTTP Error 429: normal_throttling,2026-06-16T18:52:51
Cepora nerissa,黑脉园粉蝶,Cepora nerissa,51791,species,3,Insecta,Animalia,Insecta,Pieridae,Cepora,7482,iNaturalist,,2026-06-16T18:52:43
Ceracris fasciata,,,,,4,Insecta,Animalia,Insecta,Acrididae,Ceracris,,iNaturalist,HTTPError: HTTP Error 429: normal_throttling,2026-06-16T18:52:52
Cerastium glomeratum,,,,,1,Plantae,Plantae,Magnoliopsida,Caryophyllaceae,Cerastium,,iNaturalist,HTTPError: HTTP Error 429: normal_throttling,2026-06-16T18:52:52
Ceratina smaragdula,绿芦蜂,Ceratina smaragdula,497753,species,1,Insecta,Animalia,Insecta,Apidae,Ceratina,937,iNaturalist,,2026-06-16T18:52:44
Ceratophaga vastellus,,,,,1,Insecta,Animalia,Insecta,Tineidae,Ceratophaga,,iNaturalist,HTTPError: HTTP Error 429: normal_throttling,2026-06-16T18:52:53
Ceratopteris thalictroides,水蕨,Ceratopteris thalictroides,160357,species,5,Plantae,Plantae,Polypodiopsida,Pteridaceae,Ceratopteris,2163,iNaturalist,,2026-06-16T18:52:44
Cerbera manghas,海杧果,Cerbera manghas,336787,species,15,Plantae,Plantae,Magnoliopsida,Apocynaceae,Cerbera,4774,iNaturalist,,2026-06-16T18:52:45
Cerbera odollam,海檬树,Cerbera odollam,343758,species,1,Plantae,Plantae,Magnoliopsida,Apocynaceae,Cerbera,2018,iNaturalist,,2026-06-16T18:52:46
Ceresium elongatum,瘦躯姬天牛,Ceresium elongatum,794173,species,2,Insecta,Animalia,Insecta,Cerambycidae,Ceresium,57,iNaturalist,,2026-06-16T18:52:46
Ceresium sinicum,,,,,4,Insecta,Animalia,Insecta,Cerambycidae,Ceresium,,iNaturalist,HTTPError: HTTP Error 429: normal_throttling,2026-06-16T18:52:56
Ceresium zeylanicum,锡兰蜡天牛,Ceresium zeylanicum,709862,species,4,Insecta,Animalia,Insecta,Cerambycidae,Ceresium,156,iNaturalist,,2026-06-16T18:52:47
Cereus repandus,秘鲁天轮柱,Cereus repandus,320319,species,3,Plantae,Plantae,Magnoliopsida,Cactaceae,Cereus,2442,iNaturalist,,2026-06-16T18:52:48
Ceriagrion auranticum,翠胸黄蟌,Ceriagrion auranticum,97053,species,26,Insecta,Animalia,Insecta,Coenagrionidae,Ceriagrion,5685,iNaturalist,,2026-06-16T18:52:49
Ceroplastes rusci,无花果蜡蚧,Ceroplastes rusci,330198,species,3,Insecta,Animalia,Insecta,Coccidae,Ceroplastes,834,iNaturalist,,2026-06-16T18:52:49
Cestrum laevigatum,平滑夜香树,Cestrum laevigatum,581993,species,1,Plantae,Plantae,Magnoliopsida,Solanaceae,Cestrum,2063,iNaturalist,,2026-06-16T18:52:50
Cestrum nocturnum,夜香树,Cestrum nocturnum,76225,species,14,Plantae,Plantae,Magnoliopsida,Solanaceae,Cestrum,6099,iNaturalist,,2026-06-16T18:52:51
Chabulina onychinalis,,,,,1,Insecta,Animalia,Insecta,Crambidae,Chabulina,,iNaturalist,HTTPError: HTTP Error 429: normal_throttling,2026-06-16T18:52:59
Chaetophiloscia elongata,,Chaetophiloscia elongata,656549,species,1,Animalia,Animalia,Malacostraca,Philosciidae,Chaetophiloscia,540,iNaturalist,,2026-06-16T18:52:51
Chalciope mygdon,,,,,4,Insecta,Animalia,Insecta,Erebidae,Chalciope,,iNaturalist,HTTPError: HTTP Error 429: normal_throttling,2026-06-16T18:53:00
Chalcophaps indica,,,,,2,Aves,Animalia,Aves,Columbidae,Chalcophaps,,iNaturalist,HTTPError: HTTP Error 429: normal_throttling,2026-06-16T18:53:00
Chalybion bengalense,蓝泥蜂,Chalybion bengalense,356075,species,1,Insecta,Animalia,Insecta,Sphecidae,Chalybion,1983,iNaturalist,,2026-06-16T18:52:52
Chalybion japonicum,,,,,1,Insecta,Animalia,Insecta,Sphecidae,Chalybion,,iNaturalist,HTTPError: HTTP Error 429: normal_throttling,2026-06-16T18:53:01
Chamaecyparis obtusa,扁柏,Chamaecyparis obtusa,133369,species,1,Plantae,Plantae,Pinopsida,Cupressaceae,Chamaecyparis,4782,iNaturalist,,2026-06-16T18:52:53
Chamaedorea elegans,袖珍椰,Chamaedorea elegans,283400,species,7,Plantae,Plantae,Liliopsida,Arecaceae,Chamaedorea,2741,iNaturalist,,2026-06-16T18:52:55
Chamaedorea ernesti-augusti,二裂坎棕,Chamaedorea ernesti-augusti,206279,species,1,Plantae,Plantae,Liliopsida,Arecaceae,Chamaedorea,438,iNaturalist,,2026-06-16T18:52:53
Champereia manillana,台湾山柚,Champereia manillana,371323,species,1,Plantae,Plantae,Magnoliopsida,Opiliaceae,Champereia,4004,iNaturalist,,2026-06-16T18:52:55
Channa argus,乌鳢,Channa argus,128487,species,1,Actinopterygii,Animalia,Actinopterygii,Channidae,Channa,1457,iNaturalist,,2026-06-16T18:52:54
Channa asiatica,月鳢,Channa asiatica,187219,species,1,Actinopterygii,Animalia,Actinopterygii,Channidae,Channa,296,iNaturalist,,2026-06-16T18:52:56
Channa striata,线鳢,Channa striata,97280,species,19,Actinopterygii,Animalia,Actinopterygii,Channidae,Channa,3608,iNaturalist,,2026-06-16T18:52:57
Chaptalia nutans,,Chaptalia nutans,274158,species,1,Plantae,Plantae,Magnoliopsida,Asteraceae,Chaptalia,2087,iNaturalist,,2026-06-16T18:52:56
Charaxes bernardus,白带螯蛱蝶,Charaxes bernardus,146665,species,7,Insecta,Animalia,Insecta,Nymphalidae,Charaxes,3851,iNaturalist,,2026-06-16T18:53:01
Charybdis annulata,环纹蟳,Charybdis annulata,524940,species,1,Animalia,Animalia,Malacostraca,Portunidae,Charybdis,812,iNaturalist,,2026-06-16T18:52:58
Cheilanthes tenuifolia,薄叶碎米蕨,Cheilanthes tenuifolia,209395,species,32,Plantae,Plantae,Polypodiopsida,Pteridaceae,Cheilanthes,587,iNaturalist,,2026-06-16T18:52:59
Cheilomenes sexmaculata,六斑月瓢虫,Cheilomenes sexmaculata,319910,species,107,Insecta,Animalia,Insecta,Coccinellidae,Cheilomenes,18449,iNaturalist,,2026-06-16T18:52:58
Cheiracanthium inclusum,,,,,1,Arachnida,Animalia,Arachnida,Cheiracanthiidae,Cheiracanthium,,iNaturalist,HTTPError: HTTP Error 429: normal_throttling,2026-06-16T18:53:07
Chelidonichthys kumu,,,,,3,Actinopterygii,Animalia,Actinopterygii,Triglidae,Chelidonichthys,,iNaturalist,HTTPError: HTTP Error 429: normal_throttling,2026-06-16T18:53:08
Chelonibia testudinaria,龟藤壶,Chelonibia testudinaria,261201,species,1,Animalia,Animalia,Hexanauplia,Chelonibiidae,Chelonibia,724,iNaturalist,,2026-06-16T18:53:00
Chelydra serpentina,,,,,1,Reptilia,Animalia,Reptilia,Chelydridae,Chelydra,,iNaturalist,HTTPError: HTTP Error 429: normal_throttling,2026-06-16T18:53:09
Cheniella corymbosa,首冠藤,Cheniella corymbosa,1156897,species,15,Plantae,Plantae,Magnoliopsida,Fabaceae,Cheniella,364,iNaturalist,,2026-06-16T18:53:01
Cheniella glauca,,,,,20,Plantae,Plantae,Magnoliopsida,Fabaceae,Cheniella,,iNaturalist,HTTPError: HTTP Error 429: normal_throttling,2026-06-16T18:53:09
Chenopodium album,,,,,2,Plantae,Plantae,Magnoliopsida,Amaranthaceae,Chenopodium,,iNaturalist,HTTPError: HTTP Error 429: normal_throttling,2026-06-16T18:53:09
Chenopodium ficifolium,,,,,4,Plantae,Plantae,Magnoliopsida,Amaranthaceae,Chenopodium,,iNaturalist,HTTPError: HTTP Error 429: normal_throttling,2026-06-16T18:53:10
Chiagosnius obscuripes,,,,,25,Insecta,Animalia,Insecta,Elateridae,Chiagosnius,,iNaturalist,HTTPError: HTTP Error 429: normal_throttling,2026-06-16T18:53:10
Chiagosnius sulcicollis,沟胸重脊叩甲,Chiagosnius sulcicollis,1236020,species,1,Insecta,Animalia,Insecta,Elateridae,Chiagosnius,351,iNaturalist,,2026-06-16T18:53:02
Chiasmia emersaria,晰奇尺蛾,Chiasmia emersaria,203868,species,7,Insecta,Animalia,Insecta,Geometridae,Chiasmia,3159,iNaturalist,,2026-06-16T18:53:03
Chikunia nigra,黑千国蛛,Chikunia nigra,602676,species,4,Arachnida,Animalia,Arachnida,Theridiidae,Chikunia,683,iNaturalist,,2026-06-16T18:53:03
Chilades lajus,紫灰蝶,Chilades lajus,146696,species,2,Insecta,Animalia,Insecta,Lycaenidae,Chilades,6690,iNaturalist,,2026-06-16T18:53:04
Chionanthus retusus,流苏树,Chionanthus retusus,452213,species,2,Plantae,Plantae,Magnoliopsida,Oleaceae,Chionanthus,6579,iNaturalist,,2026-06-16T18:53:05
Chlaenius bioculatus,双斑青步甲,Chlaenius bioculatus,349302,species,1,Insecta,Animalia,Insecta,Carabidae,Chlaenius,426,iNaturalist,,2026-06-16T18:53:05
Chlaenius costiger,脊青步甲,Chlaenius costiger,490503,species,4,Insecta,Animalia,Insecta,Carabidae,Chlaenius,396,iNaturalist,,2026-06-16T18:53:06
Chlaenius tetragonoderus,方胸青步甲,Chlaenius tetragonoderus,363805,species,4,Insecta,Animalia,Insecta,Carabidae,Chlaenius,133,iNaturalist,,2026-06-16T18:53:07
Chlaenius virgulifer,逗斑青步甲,Chlaenius virgulifer,560616,species,1,Insecta,Animalia,Insecta,Carabidae,Chlaenius,181,iNaturalist,,2026-06-16T18:53:07
Chlidonias hybrida,,,,,4,Aves,Animalia,Aves,Laridae,Chlidonias,,iNaturalist,HTTPError: HTTP Error 429: normal_throttling,2026-06-16T18:53:16
Chloranthus spicatus,金粟兰,Chloranthus spicatus,886874,species,2,Plantae,Plantae,Magnoliopsida,Chloranthaceae,Chloranthus,292,iNaturalist,,2026-06-16T18:53:08
Chloris barbata,,,,,9,Plantae,Plantae,Liliopsida,Poaceae,Chloris,,iNaturalist,HTTPError: HTTP Error 429: normal_throttling,2026-06-16T18:53:17
Chloris formosana,台湾虎尾草,Chloris formosana,567018,species,1,Plantae,Plantae,Liliopsida,Poaceae,Chloris,322,iNaturalist,,2026-06-16T18:53:09
Chloris sinica,,,,,1,Aves,Animalia,Aves,Fringillidae,Chloris,,iNaturalist,HTTPError: HTTP Error 429: normal_throttling,2026-06-16T18:53:18
Chlorophorus annularis,竹绿虎天牛,Chlorophorus annularis,210295,species,2,Insecta,Animalia,Insecta,Cerambycidae,Chlorophorus,1346,iNaturalist,,2026-06-16T18:53:09
Chlorophyllum brunneum,,,,,1,Fungi,Fungi,Agaricomycetes,Agaricaceae,Chlorophyllum,,iNaturalist,HTTPError: HTTP Error 429: normal_throttling,2026-06-16T18:53:18
Chlorophyllum hortense,庭院青褶伞,Chlorophyllum hortense,179126,species,1,Fungi,Fungi,Agaricomycetes,Agaricaceae,Chlorophyllum,2097,iNaturalist,,2026-06-16T18:53:10
Chlorophyllum molybdites,大青褶伞,Chlorophyllum molybdites,117308,species,2,Fungi,Fungi,Agaricomycetes,Agaricaceae,Chlorophyllum,47535,iNaturalist,,2026-06-16T18:53:12
Chlorophytum comosum,,,,,43,Plantae,Plantae,Liliopsida,Asparagaceae,Chlorophytum,,iNaturalist,HTTPError: HTTP Error 429: normal_throttling,2026-06-16T18:53:19
Chlorophytum laxum,小花吊兰,Chlorophytum laxum,428703,species,24,Plantae,Plantae,Liliopsida,Asparagaceae,Chlorophytum,880,iNaturalist,,2026-06-16T18:53:11
Chlorophytum saundersiae,丝叶吊兰,Chlorophytum saundersiae,582216,species,1,Plantae,Plantae,Liliopsida,Asparagaceae,Chlorophytum,747,iNaturalist,,2026-06-16T18:53:13
Chlumetia transversa,横线尾夜蛾,Chlumetia transversa,319646,species,1,Insecta,Animalia,Insecta,Euteliidae,Chlumetia,420,iNaturalist,,2026-06-16T18:53:11
Choerospondias axillaris,南酸枣,Choerospondias axillaris,428144,species,1,Plantae,Plantae,Magnoliopsida,Anacardiaceae,Choerospondias,343,iNaturalist,,2026-06-16T18:53:14
Choisya ternata,墨西哥橘,Choisya ternata,287309,species,1,Plantae,Plantae,Magnoliopsida,Rutaceae,Choisya,5723,iNaturalist,,2026-06-16T18:53:15
Choloepus didactylus,二趾树懒,Choloepus didactylus,47100,species,1,Mammalia,Animalia,Mammalia,Choloepodidae,Choloepus,924,iNaturalist,,2026-06-16T18:53:13
Chondracris rosea,棉蝗,Chondracris rosea,363737,species,2,Insecta,Animalia,Insecta,Acrididae,Chondracris,4396,iNaturalist,,2026-06-16T18:53:16
Chondromorpha xanthotricha,金毛瘤马陆,Chondromorpha xanthotricha,370979,species,2,Animalia,Animalia,Diplopoda,Paradoxosomatidae,Chondromorpha,1448,iNaturalist,,2026-06-16T18:53:17
Choreutis achyrodes,褐桑舞蛾,Choreutis achyrodes,210966,species,1,Insecta,Animalia,Insecta,Choreutidae,Choreutis,283,iNaturalist,,2026-06-16T18:53:15
Choreutis basalis,基纹桑舞蛾,Choreutis basalis,564926,species,1,Insecta,Animalia,Insecta,Choreutidae,Choreutis,1071,iNaturalist,,2026-06-16T18:53:18
Choreutis ophiosema,雾纹桑舞蛾,Choreutis ophiosema,371621,species,4,Insecta,Animalia,Insecta,Choreutidae,Choreutis,844,iNaturalist,,2026-06-16T18:53:19
Choreutis sexfasciella,,,,,17,Insecta,Animalia,Insecta,Choreutidae,Choreutis,,iNaturalist,HTTPError: HTTP Error 429: normal_throttling,2026-06-16T18:53:25
Chorsia albiscripta,白迹赫夜蛾,Chorsia albiscripta,204671,species,2,Insecta,Animalia,Insecta,Erebidae,Chorsia,300,iNaturalist,,2026-06-16T18:53:17
Chremistica ochracea,,,,,6,Insecta,Animalia,Insecta,Cicadidae,Chremistica,,iNaturalist,HTTPError: HTTP Error 429: normal_throttling,2026-06-16T18:53:26
Christella acuminata,渐尖毛蕨,Christella acuminata,341841,species,5,Plantae,Plantae,Polypodiopsida,Thelypteridaceae,Christella,3957,iNaturalist,,2026-06-16T18:53:20
Christella dentata,齿牙毛蕨,Christella dentata,369851,species,68,Plantae,Plantae,Polypodiopsida,Thelypteridaceae,Christella,9855,iNaturalist,,2026-06-16T18:53:21
Christella parasitica,华南毛蕨,Christella parasitica,369396,species,98,Plantae,Plantae,Polypodiopsida,Thelypteridaceae,Christella,9461,iNaturalist,,2026-06-16T19:08:33
Chromodoris orientalis,,,,,1,Mollusca,Animalia,Gastropoda,Chromodorididae,Chromodoris,,iNaturalist,HTTPError: HTTP Error 429: normal_throttling,2026-06-16T18:53:28
Chromolaena odorata,飞机草,Chromolaena odorata,199400,species,3,Plantae,Plantae,Magnoliopsida,Asteraceae,Chromolaena,22713,iNaturalist,,2026-06-16T18:53:19
Chrysalidocarpus lutescens,,,,,21,Plantae,Plantae,Liliopsida,Arecaceae,Chrysalidocarpus,,iNaturalist,HTTPError: HTTP Error 429: normal_throttling,2026-06-16T18:53:28
Chrysanthemum indicum,野菊,Chrysanthemum indicum,346848,species,17,Plantae,Plantae,Magnoliopsida,Asteraceae,Chrysanthemum,2332,iNaturalist,,2026-06-16T18:53:22
Chrysanthemum morifolium,,,,,11,Plantae,Plantae,Magnoliopsida,Asteraceae,Chrysanthemum,,iNaturalist,not_found,2026-06-16T18:53:22
Chrysis angolensis,安哥拉青蜂,Chrysis fuscipennis,1686333,species,1,Insecta,Animalia,Insecta,Chrysididae,Chrysis,7251,iNaturalist,,2026-06-16T18:53:21
Chrysocephalum apiculatum,金麴草,Chrysocephalum apiculatum,244345,species,1,Plantae,Plantae,Magnoliopsida,Asteraceae,Chrysocephalum,6556,iNaturalist,,2026-06-16T18:53:24
Chrysocoris stollii,紫蓝丽盾蝽,Chrysocoris stollii,196553,species,6,Insecta,Animalia,Insecta,Scutelleridae,Chrysocoris,1974,iNaturalist,,2026-06-16T18:53:24
Chrysocraspeda faganaria,黃邊赤姬尺蛾,Chrysocraspeda faganaria,479989,species,1,Insecta,Animalia,Insecta,Geometridae,Chrysocraspeda,442,iNaturalist,,2026-06-16T18:53:23
Chrysodeixis eriosoma,,,,,7,Insecta,Animalia,Insecta,Noctuidae,Chrysodeixis,,iNaturalist,HTTPError: HTTP Error 429: normal_throttling,2026-06-16T18:53:32
Chrysolophus pictus,,,,,1,Aves,Animalia,Aves,Phasianidae,Chrysolophus,,iNaturalist,HTTPError: HTTP Error 429: normal_throttling,2026-06-16T18:53:33
Chrysomya megacephala,大头金蝇,Chrysomya megacephala,329781,species,54,Insecta,Animalia,Insecta,Calliphoridae,Chrysomya,11865,iNaturalist,,2026-06-16T18:53:25
Chrysomya rufifacies,绯颜裸金蝇,Chrysomya rufifacies,387588,species,17,Insecta,Animalia,Insecta,Calliphoridae,Chrysomya,2736,iNaturalist,,2026-06-16T18:53:26
Chrysophyllum cainito,,,,,2,Plantae,Plantae,Magnoliopsida,Sapotaceae,Chrysophyllum,,iNaturalist,HTTPError: HTTP Error 429: normal_throttling,2026-06-16T18:53:35
Chrysopogon aciculatus,竹节草,Chrysopogon aciculatus,160547,species,6,Plantae,Plantae,Liliopsida,Poaceae,Chrysopogon,1072,iNaturalist,,2026-06-16T18:53:26
Chrysosoma globiferum,,,,,17,Insecta,Animalia,Insecta,Dolichopodidae,Chrysosoma,,iNaturalist,HTTPError: HTTP Error 429: normal_throttling,2026-06-16T18:53:35
Chrysosoma leucopogon,毛饰金长足虻,Chrysosoma leucopogon,342861,species,3,Insecta,Animalia,Insecta,Dolichopodidae,Chrysosoma,2297,iNaturalist,,2026-06-16T18:53:27
Chrysothrix xanthina,黄金絮衣,Chrysothrix xanthina,345245,species,12,Fungi,Fungi,Arthoniomycetes,Chrysotrichaceae,Chrysothrix,3391,iNaturalist,,2026-06-16T18:53:28
Chukrasia tabularis,,,,,40,Plantae,Plantae,Magnoliopsida,Meliaceae,Chukrasia,,iNaturalist,HTTPError: HTTP Error 429: normal_throttling,2026-06-16T18:53:36
Cibotium barometz,,,,,1,Plantae,Plantae,Polypodiopsida,Cibotiaceae,Cibotium,,iNaturalist,HTTPError: HTTP Error 429: normal_throttling,2026-06-16T18:53:37
Cinnagrostis viridiflavescens,,Cinnagrostis viridiflavescens,1549072,species,1,Plantae,Plantae,Liliopsida,Poaceae,Cinnagrostis,169,iNaturalist,,2026-06-16T18:53:29
Cinnamomum burmanni,阴香,Cinnamomum burmanni,160583,species,125,Plantae,Plantae,Magnoliopsida,Lauraceae,Cinnamomum,5008,iNaturalist,,2026-06-16T19:08:04
Cinnamomum iners,大叶桂,Cinnamomum iners,344847,species,2,Plantae,Plantae,Magnoliopsida,Lauraceae,Cinnamomum,737,iNaturalist,,2026-06-16T18:53:29
Cinnamomum osmophloeum,台湾土肉桂,Cinnamomum osmophloeum,190593,species,1,Plantae,Plantae,Magnoliopsida,Lauraceae,Cinnamomum,1034,iNaturalist,,2026-06-16T18:53:30
Cinnamomum parthenoxylon,黄樟,Cinnamomum parthenoxylon,190594,species,1,Plantae,Plantae,Magnoliopsida,Lauraceae,Cinnamomum,110,iNaturalist,,2026-06-16T18:53:31
Cinnamomum verum,锡兰肉桂,Cinnamomum verum,122777,species,7,Plantae,Plantae,Magnoliopsida,Lauraceae,Cinnamomum,1266,iNaturalist,,2026-06-16T18:53:31
Cinnyris frenatus,莎湖花蜜鸟,Cinnyris frenatus,1504995,species,1,Aves,Animalia,Aves,Nectariniidae,Cinnyris,3465,iNaturalist,,2026-06-16T18:53:32
Cirrhochrista brizoalis,圆斑黄缘禾螟,Cirrhochrista brizoalis,334906,species,1,Insecta,Animalia,Insecta,Crambidae,Cirrhochrista,1047,iNaturalist,,2026-06-16T18:53:33
Cissus repens,,,,,4,Plantae,Plantae,Magnoliopsida,Vitaceae,Cissus,,iNaturalist,HTTPError: HTTP Error 429: normal_throttling,2026-06-16T18:53:42
Citrullus lanatus,西瓜,Citrullus lanatus,70054,species,5,Plantae,Plantae,Magnoliopsida,Cucurbitaceae,Citrullus,6453,iNaturalist,,2026-06-16T18:53:34
Citrus deliciosa,地中海红橘,Citrus deliciosa,765426,species,9,Plantae,Plantae,Magnoliopsida,Rutaceae,Citrus,9931,iNaturalist,,2026-06-16T18:53:36
Citrus hystrix,马蜂橙,Citrus hystrix,123741,species,2,Plantae,Plantae,Magnoliopsida,Rutaceae,Citrus,5374,iNaturalist,,2026-06-16T18:53:34
Citrus japonica,金柑,Citrus japonica,343817,species,8,Plantae,Plantae,Magnoliopsida,Rutaceae,Citrus,3410,iNaturalist,,2026-06-16T18:53:35
Citrus maxima,柚子,Citrus maxima,54299,species,11,Plantae,Plantae,Magnoliopsida,Rutaceae,Citrus,6493,iNaturalist,,2026-06-16T18:53:40
Cladophora glomerata,团集刚毛藻,Cladophora glomerata,345244,species,1,Plantae,Plantae,Ulvophyceae,Cladophoraceae,Cladophora,3635,iNaturalist,,2026-06-16T18:53:38
Clamator coromandus,红翅凤头鹃,Clamator coromandus,1788,species,4,Aves,Animalia,Aves,Cuculidae,Clamator,579,iNaturalist,,2026-06-16T18:53:41
Claopodium rostratum,,Claopodium rostratum,1138518,species,1,Plantae,Plantae,Bryopsida,Brachytheciaceae,Claopodium,2208,iNaturalist,,2026-06-16T18:53:36
Claoxylon indicum,白桐树,Claoxylon indicum,344862,species,14,Plantae,Plantae,Magnoliopsida,Euphorbiaceae,Claoxylon,312,iNaturalist,,2026-06-16T18:53:37
Clarias gariepinus,,,,,1,Actinopterygii,Animalia,Actinopterygii,Clariidae,Clarias,,iNaturalist,HTTPError: HTTP Error 429: normal_throttling,2026-06-16T18:53:46
Clausena excavata,,,,,2,Plantae,Plantae,Magnoliopsida,Rutaceae,Clausena,,iNaturalist,HTTPError: HTTP Error 429: normal_throttling,2026-06-16T18:53:46
Clausena lansium,,,,,54,Plantae,Plantae,Magnoliopsida,Rutaceae,Clausena,,iNaturalist,HTTPError: HTTP Error 429: normal_throttling,2026-06-16T18:53:46
Clematis crassifolia,厚叶铁线莲,Clematis crassifolia,705592,species,1,Plantae,Plantae,Magnoliopsida,Ranunculaceae,Clematis,735,iNaturalist,,2026-06-16T18:53:43
Clematis formosana,台湾铁线莲,Clematis formosana,705658,species,1,Plantae,Plantae,Magnoliopsida,Ranunculaceae,Clematis,1095,iNaturalist,,2026-06-16T18:53:38
Clematis grata,秀丽铁线莲,Clematis grata,568988,species,1,Plantae,Plantae,Magnoliopsida,Ranunculaceae,Clematis,5604,iNaturalist,,2026-06-16T18:53:39
Clematis meyeniana,毛柱铁线莲,Clematis meyeniana,633590,species,2,Plantae,Plantae,Magnoliopsida,Ranunculaceae,Clematis,687,iNaturalist,,2026-06-16T18:53:40
Cleome gynandra,,,,,3,Plantae,Plantae,Magnoliopsida,Cleomaceae,Cleome,,iNaturalist,HTTPError: HTTP Error 429: normal_throttling,2026-06-16T18:53:49
Cleome houtteana,,,,,2,Plantae,Plantae,Magnoliopsida,Cleomaceae,Cleome,,iNaturalist,HTTPError: HTTP Error 429: normal_throttling,2026-06-16T18:53:50
Cleome rutidosperma,皱子白花菜,Cleome rutidosperma,160705,species,14,Plantae,Plantae,Magnoliopsida,Cleomaceae,Cleome,9979,iNaturalist,,2026-06-16T18:53:42
Cleome viscosa,黄花草,Cleome viscosa,160710,species,1,Plantae,Plantae,Magnoliopsida,Cleomaceae,Cleome,7883,iNaturalist,,2026-06-16T18:53:47
Cleora fraterna,黑腰霜尺蛾,Cleora fraterna,127105,species,2,Insecta,Animalia,Insecta,Geometridae,Cleora,859,iNaturalist,,2026-06-16T18:53:42
Clerodendrum bungei,,,,,4,Plantae,Plantae,Magnoliopsida,Lamiaceae,Clerodendrum,,iNaturalist,HTTPError: HTTP Error 429: normal_throttling,2026-06-16T18:53:52
Clerodendrum canescens,灰毛大青,Clerodendrum canescens,604252,species,14,Plantae,Plantae,Magnoliopsida,Lamiaceae,Clerodendrum,1113,iNaturalist,,2026-06-16T18:53:44
Clerodendrum chinense,重瓣臭茉莉,Clerodendrum chinense,335157,species,1,Plantae,Plantae,Magnoliopsida,Lamiaceae,Clerodendrum,2212,iNaturalist,,2026-06-16T18:53:44
Clerodendrum cyrtophyllum,大青,Clerodendrum cyrtophyllum,472981,species,8,Plantae,Plantae,Magnoliopsida,Lamiaceae,Clerodendrum,3080,iNaturalist,,2026-06-16T18:53:45
Clerodendrum fortunatum,白花灯笼,Clerodendrum fortunatum,474009,species,2,Plantae,Plantae,Magnoliopsida,Lamiaceae,Clerodendrum,584,iNaturalist,,2026-06-16T18:53:46
Clerodendrum japonicum,赪桐,Clerodendrum japonicum,160742,species,27,Plantae,Plantae,Magnoliopsida,Lamiaceae,Clerodendrum,6015,iNaturalist,,2026-06-16T18:53:51
Clerodendrum laevifolium,南垂茉莉,Clerodendrum laevifolium,344726,species,14,Plantae,Plantae,Magnoliopsida,Lamiaceae,Clerodendrum,786,iNaturalist,,2026-06-16T18:53:47
Clerodendrum paniculatum,,,,,2,Plantae,Plantae,Magnoliopsida,Lamiaceae,Clerodendrum,,iNaturalist,HTTPError: HTTP Error 429: normal_throttling,2026-06-16T18:53:55
Clerodendrum quadriloculare,,,,,2,Plantae,Plantae,Magnoliopsida,Lamiaceae,Clerodendrum,,iNaturalist,HTTPError: HTTP Error 429: normal_throttling,2026-06-16T18:53:55
Clerodendrum schmidtii,,,,,1,Plantae,Plantae,Magnoliopsida,Lamiaceae,Clerodendrum,,iNaturalist,HTTPError: HTTP Error 429: normal_throttling,2026-06-16T18:53:56
Clerodendrum speciosissimum,爪哇赪桐,Clerodendrum speciosissimum,160745,species,1,Plantae,Plantae,Magnoliopsida,Lamiaceae,Clerodendrum,817,iNaturalist,,2026-06-16T18:53:48
Clerodendrum splendens,华丽龙吐珠,Clerodendrum splendens,428169,species,15,Plantae,Plantae,Magnoliopsida,Lamiaceae,Clerodendrum,870,iNaturalist,,2026-06-16T18:53:49
Clerodendrum thomsoniae,龙吐珠,Clerodendrum thomsoniae,278703,species,16,Plantae,Plantae,Magnoliopsida,Lamiaceae,Clerodendrum,6419,iNaturalist,,2026-06-16T18:53:49
Clerodendrum trichotomum,,,,,2,Plantae,Plantae,Magnoliopsida,Lamiaceae,Clerodendrum,,iNaturalist,HTTPError: HTTP Error 429: normal_throttling,2026-06-16T18:53:58
Clethra mexicana,,Clethra mexicana,284812,species,1,Plantae,Plantae,Magnoliopsida,Clethraceae,Clethra,1050,iNaturalist,,2026-06-16T18:53:50
Clibanarius infraspinatus,,,,,1,Animalia,Animalia,Malacostraca,Diogenidae,Clibanarius,,iNaturalist,HTTPError: HTTP Error 429: normal_throttling,2026-06-16T18:53:59
Clinacanthus nutans,优顿草,Clinacanthus nutans,347718,species,1,Plantae,Plantae,Magnoliopsida,Acanthaceae,Clinacanthus,659,iNaturalist,,2026-06-16T18:53:51
Clinopodium chinense,,,,,1,Plantae,Plantae,Magnoliopsida,Lamiaceae,Clinopodium,,iNaturalist,HTTPError: HTTP Error 429: normal_throttling,2026-06-16T18:54:00
Clinopodium gracile,细风轮菜,Clinopodium gracile,160757,species,4,Plantae,Plantae,Magnoliopsida,Lamiaceae,Clinopodium,5321,iNaturalist,,2026-06-16T18:53:52
Clithon oualaniense,,,,,2,Mollusca,Animalia,Gastropoda,Neritidae,Clithon,,iNaturalist,HTTPError: HTTP Error 429: normal_throttling,2026-06-16T18:54:01
Clitopilus crispus,皱纹斜盖伞,Clitopilus crispus,707723,species,13,Fungi,Fungi,Agaricomycetes,Entolomataceae,Clitopilus,387,iNaturalist,,2026-06-16T18:53:53
Clitoria ternatea,蓝蝶豆,Clitoria ternatea,160759,species,1,Plantae,Plantae,Magnoliopsida,Fabaceae,Clitoria,14437,iNaturalist,,2026-06-16T18:53:53
Clogmia albipunctata,白斑蛾蚋,Clogmia albipunctata,258813,species,33,Insecta,Animalia,Insecta,Psychodidae,Clogmia,44209,iNaturalist,,2026-06-16T18:53:54
Cnaphalocrocis medinalis,稻纵卷叶螟,Cnaphalocrocis medinalis,52045,species,1,Insecta,Animalia,Insecta,Crambidae,Cnaphalocrocis,5095,iNaturalist,,2026-06-16T18:53:55
Coccinella septempunctata,七星瓢虫,Coccinella septempunctata,51702,species,2,Insecta,Animalia,Insecta,Coccinellidae,Coccinella,289116,iNaturalist,,2026-06-16T18:53:56
Coccinia grandis,,,,,46,Plantae,Plantae,Magnoliopsida,Cucurbitaceae,Coccinia,,iNaturalist,HTTPError: HTTP Error 429: normal_throttling,2026-06-16T18:54:05
Cocculus laurifolius,樟叶木防己,Cocculus laurifolius,135341,species,1,Plantae,Plantae,Magnoliopsida,Menispermaceae,Cocculus,261,iNaturalist,,2026-06-16T18:53:56
Cocos nucifera,,,,,2,Plantae,Plantae,Liliopsida,Arecaceae,Cocos,,iNaturalist,HTTPError: HTTP Error 429: normal_throttling,2026-06-16T18:54:05
Codiaeum variegatum,变叶木,Codiaeum variegatum,127387,species,212,Plantae,Plantae,Magnoliopsida,Euphorbiaceae,Codiaeum,46944,iNaturalist,,2026-06-16T19:07:48
Codium fragile,刺松藻,Codium fragile,67555,species,1,Plantae,Plantae,Ulvophyceae,Codiaceae,Codium,12021,iNaturalist,,2026-06-16T18:53:57
Coelophora biplagiata,双带盘瓢虫,Coelophora biplagiata,872198,species,4,Insecta,Animalia,Insecta,Coccinellidae,Coelophora,986,iNaturalist,,2026-06-16T18:53:58
Coix lacryma-jobi,薏苡,Coix lacryma-jobi,145588,species,1,Plantae,Plantae,Liliopsida,Poaceae,Coix,2278,iNaturalist,,2026-06-16T18:53:58
Colasposoma viridicoeruleum,甘薯猿金花虫,Colasposoma viridicoeruleum,501512,species,1,Insecta,Animalia,Insecta,Chrysomelidae,Colasposoma,792,iNaturalist,,2026-06-16T18:53:59
Coleosoma floridanum,,,,,4,Arachnida,Animalia,Arachnida,Theridiidae,Coleosoma,,iNaturalist,HTTPError: HTTP Error 429: normal_throttling,2026-06-16T18:54:07
Coleus amboinicus,到手香,Coleus amboinicus,963468,species,14,Plantae,Plantae,Magnoliopsida,Lamiaceae,Coleus,10750,iNaturalist,,2026-06-16T18:54:04
Coleus barbatus,毛喉鞘蕊花,Coleus barbatus,157127,species,1,Plantae,Plantae,Magnoliopsida,Lamiaceae,Coleus,4734,iNaturalist,,2026-06-16T18:54:00
Coleus hadiensis,碰碰香,Coleus hadiensis,1278874,species,4,Plantae,Plantae,Magnoliopsida,Lamiaceae,Coleus,2502,iNaturalist,,2026-06-16T18:54:00
Coleus scutellarioides,,,,,27,Plantae,Plantae,Magnoliopsida,Lamiaceae,Coleus,,iNaturalist,HTTPError: HTTP Error 429: normal_throttling,2026-06-16T18:54:09
Colobopsis minus,小体平头蚁,Colobopsis minus,1653413,species,3,Insecta,Animalia,Insecta,Formicidae,Colobopsis,124,iNaturalist,,2026-06-16T18:54:01
Colocasia esculenta,野芋,Colocasia esculenta,122835,species,66,Plantae,Plantae,Liliopsida,Araceae,Colocasia,24233,iNaturalist,,2026-06-16T19:09:02
Colubrina asiatica,蛇藤,Colubrina asiatica,51593,species,1,Plantae,Plantae,Magnoliopsida,Rhamnaceae,Colubrina,1221,iNaturalist,,2026-06-16T18:54:02
Columba livia,原鸽,Columba livia,3017,species,282,Aves,Animalia,Aves,Columbidae,Columba,429871,iNaturalist,,2026-06-16T18:54:02
Combretum indicum,使君子,Combretum indicum,284831,species,39,Plantae,Plantae,Magnoliopsida,Combretaceae,Combretum,9450,iNaturalist,,2026-06-16T18:54:03
Commelina auriculata,耳苞鸭跖草,Commelina auriculata,736453,species,1,Plantae,Plantae,Liliopsida,Commelinaceae,Commelina,1274,iNaturalist,,2026-06-16T18:54:04
Commelina benghalensis,饭包草,Commelina benghalensis,76425,species,9,Plantae,Plantae,Liliopsida,Commelinaceae,Commelina,7133,iNaturalist,,2026-06-16T18:54:06
Commelina communis,鸭跖草,Commelina communis,52927,species,1,Plantae,Plantae,Liliopsida,Commelinaceae,Commelina,41714,iNaturalist,,2026-06-16T18:54:05
Commelina cyanea,,,,,1,Plantae,Plantae,Liliopsida,Commelinaceae,Commelina,,iNaturalist,HTTPError: HTTP Error 429: normal_throttling,2026-06-16T18:54:14
Commelina diffusa,,,,,16,Plantae,Plantae,Liliopsida,Commelinaceae,Commelina,,iNaturalist,HTTPError: HTTP Error 429: normal_throttling,2026-06-16T18:54:14
Comocladia macrophylla,,Comocladia macrophylla,531617,species,1,Plantae,Plantae,Magnoliopsida,Anacardiaceae,Comocladia,569,iNaturalist,,2026-06-16T18:54:06
Condaliopsis obtusifolia,鈍葉拉美棗,Condaliopsis obtusifolia,1563799,species,1,Plantae,Plantae,Magnoliopsida,Rhamnaceae,Condaliopsis,5972,iNaturalist,,2026-06-16T18:54:08
Condica illecta,,,,,2,Insecta,Animalia,Insecta,Noctuidae,Condica,,iNaturalist,HTTPError: HTTP Error 429: normal_throttling,2026-06-16T18:54:15
Coneuplecta calculosa,,Coneuplecta calculosa,368235,species,1,Mollusca,Animalia,Gastropoda,Euconulidae,Coneuplecta,565,iNaturalist,,2026-06-16T18:54:07
Coniogramme intermedia,,,,,1,Plantae,Plantae,Polypodiopsida,Pteridaceae,Coniogramme,,iNaturalist,HTTPError: HTTP Error 429: normal_throttling,2026-06-16T18:54:16
Conocephalus maculatus,,,,,5,Insecta,Animalia,Insecta,Tettigoniidae,Conocephalus,,iNaturalist,HTTPError: HTTP Error 429: normal_throttling,2026-06-16T18:54:17
Conocephalus melaenus,悦鸣草螽,Conocephalus melaenus,372673,species,1,Insecta,Animalia,Insecta,Tettigoniidae,Conocephalus,7042,iNaturalist,,2026-06-16T18:54:08
Conocybe apala,阿帕锥盖伞,Conocybe apala,117227,species,7,Fungi,Fungi,Agaricomycetes,Bolbitiaceae,Conocybe,21903,iNaturalist,,2026-06-16T18:54:09
Conocybe tenera,柔锥盖伞,Conocybe tenera,121765,species,3,Fungi,Fungi,Agaricomycetes,Bolbitiaceae,Conocybe,6801,iNaturalist,,2026-06-16T18:54:10
Convolvulus angustissimus,,,,,1,Plantae,Plantae,Magnoliopsida,Convolvulaceae,Convolvulus,,iNaturalist,HTTPError: HTTP Error 429: normal_throttling,2026-06-16T18:54:18
Copera marginipes,黄狭扇蟌,Copera marginipes,98382,species,12,Insecta,Animalia,Insecta,Platycnemididae,Copera,9126,iNaturalist,,2026-06-16T18:54:10
Coprinellus aureogranulatus,,,,,5,Fungi,Fungi,Agaricomycetes,Psathyrellaceae,Coprinellus,,iNaturalist,HTTPError: HTTP Error 429: normal_throttling,2026-06-16T18:54:19
Coprinellus disseminatus,簇生鬼伞,Coprinellus disseminatus,56314,species,6,Fungi,Fungi,Agaricomycetes,Psathyrellaceae,Coprinellus,37838,iNaturalist,,2026-06-16T18:54:11
Coprinellus radians,辐毛小鬼伞,Coprinellus radians,154734,species,1,Fungi,Fungi,Agaricomycetes,Psathyrellaceae,Coprinellus,1978,iNaturalist,,2026-06-16T18:54:12
Coprinopsis romagnesiana,,Coprinopsis romagnesiana,371747,species,3,Fungi,Fungi,Agaricomycetes,Psathyrellaceae,Coprinopsis,2423,iNaturalist,,2026-06-16T18:54:13
Coprinopsis strossmayeri,斯特罗耶拟鬼伞,Coprinopsis strossmayeri,851570,species,1,Fungi,Fungi,Agaricomycetes,Psathyrellaceae,Coprinopsis,709,iNaturalist,,2026-06-16T18:54:13
Copsychus saularis,鹊鸲,Copsychus saularis,204491,species,445,Aves,Animalia,Aves,Muscicapidae,Copsychus,39954,iNaturalist,,2026-06-16T18:54:14
Coptodon zillii,,,,,14,Actinopterygii,Animalia,Actinopterygii,Cichlidae,Coptodon,,iNaturalist,HTTPError: HTTP Error 429: normal_throttling,2026-06-16T18:54:23
Coptops lichenea,榄仁瘤象天牛,Coptops lichenea,335538,species,4,Insecta,Animalia,Insecta,Cerambycidae,Coptops,226,iNaturalist,,2026-06-16T18:54:15
Coptotermes formosanus,,,,,2,Insecta,Animalia,Insecta,Heterotermitidae,Coptotermes,,iNaturalist,HTTPError: HTTP Error 429: normal_throttling,2026-06-16T18:54:23
Corbicula fluminea,河蚬,Corbicula fluminea,64006,species,1,Mollusca,Animalia,Bivalvia,Cyrenidae,Corbicula,29482,iNaturalist,,2026-06-16T18:54:15
Corchorus aestuans,甜麻,Corchorus aestuans,160865,species,1,Plantae,Plantae,Magnoliopsida,Malvaceae,Corchorus,1718,iNaturalist,,2026-06-16T18:54:17
Cordia dichotoma,破布木,Cordia dichotoma,160874,species,2,Plantae,Plantae,Magnoliopsida,Boraginaceae,Cordia,3455,iNaturalist,,2026-06-16T18:54:16
Cordyline fruticosa,朱蕉,Cordyline fruticosa,123572,species,229,Plantae,Plantae,Liliopsida,Asparagaceae,Cordyline,39096,iNaturalist,,2026-06-16T18:54:17
Cordyline manners-suttoniae,,,,,1,Plantae,Plantae,Liliopsida,Asparagaceae,Cordyline,,iNaturalist,HTTPError: HTTP Error 429: normal_throttling,2026-06-16T18:54:26
Cordyline petiolaris,,,,,2,Plantae,Plantae,Liliopsida,Asparagaceae,Cordyline,,iNaturalist,HTTPError: HTTP Error 429: normal_throttling,2026-06-16T18:54:26
Cordyline rubra,,,,,2,Plantae,Plantae,Liliopsida,Asparagaceae,Cordyline,,iNaturalist,HTTPError: HTTP Error 429: normal_throttling,2026-06-16T18:54:26
Coriandrum sativum,芫荽,Coriandrum sativum,67759,species,6,Plantae,Plantae,Magnoliopsida,Apiaceae,Coriandrum,7024,iNaturalist,,2026-06-16T18:54:18
Corinnomma severum,严肃心颚蛛,Corinnomma severum,703902,species,16,Arachnida,Animalia,Arachnida,Corinnidae,Corinnomma,2373,iNaturalist,,2026-06-16T18:54:19
Cornus capitata,头状四照花,Cornus capitata,337814,species,1,Plantae,Plantae,Magnoliopsida,Cornaceae,Cornus,2684,iNaturalist,,2026-06-16T18:54:21
Cornus florida,大花四照花,Cornus florida,54777,species,1,Plantae,Plantae,Magnoliopsida,Cornaceae,Cornus,68650,iNaturalist,,2026-06-16T18:54:20
Cortaderia selloana,,,,,1,Plantae,Plantae,Liliopsida,Poaceae,Cortaderia,,iNaturalist,HTTPError: HTTP Error 429: normal_throttling,2026-06-16T18:54:29
Corvus macrorhynchos,大嘴乌鸦,Corvus macrorhynchos,8026,species,21,Aves,Animalia,Aves,Corvidae,Corvus,26922,iNaturalist,,2026-06-16T18:54:20
Corvus splendens,,,,,1,Aves,Animalia,Aves,Corvidae,Corvus,,iNaturalist,HTTPError: HTTP Error 429: normal_throttling,2026-06-16T18:54:29
Corvus torquatus,白颈鸦,Corvus torquatus,8005,species,2,Aves,Animalia,Aves,Corvidae,Corvus,1703,iNaturalist,,2026-06-16T18:54:22
Corymbia citriodora,柠檬桉,Corymbia citriodora,334772,species,3,Plantae,Plantae,Magnoliopsida,Myrtaceae,Corymbia,3374,iNaturalist,,2026-06-16T18:54:22
Corynocarpus laevigatus,毛利果,Corynocarpus laevigatus,160928,species,1,Plantae,Plantae,Magnoliopsida,Corynocarpaceae,Corynocarpus,5828,iNaturalist,,2026-06-16T18:54:23
Corypha umbraculifera,贝叶棕,Corypha umbraculifera,365068,species,1,Plantae,Plantae,Liliopsida,Arecaceae,Corypha,389,iNaturalist,,2026-06-16T18:54:24
Corythucha ciliata,,,,,1,Insecta,Animalia,Insecta,Tingidae,Corythucha,,iNaturalist,HTTPError: HTTP Error 429: normal_throttling,2026-06-16T18:54:32
Cosmodela aurulenta,,,,,24,Insecta,Animalia,Insecta,Cicindelidae,Cosmodela,,iNaturalist,HTTPError: HTTP Error 429: normal_throttling,2026-06-16T18:54:32
Cosmos bipinnatus,大波斯菊,Cosmos bipinnatus,68562,species,2,Plantae,Plantae,Magnoliopsida,Asteraceae,Cosmos,32416,iNaturalist,,2026-06-16T18:54:24
Cosmos sulphureus,黄花波斯菊,Cosmos sulphureus,48651,species,3,Plantae,Plantae,Magnoliopsida,Asteraceae,Cosmos,22034,iNaturalist,,2026-06-16T18:54:25
Costus comosus,丛毛宝塔姜,Costus comosus,273822,species,1,Plantae,Plantae,Liliopsida,Costaceae,Costus,1610,iNaturalist,,2026-06-16T18:54:26
Costus woodsonii,红闭鞘姜,Costus woodsonii,345571,species,19,Plantae,Plantae,Liliopsida,Costaceae,Costus,6627,iNaturalist,,2026-06-16T18:54:28
Cotoneaster hjelmqvistii,粗壮栒子,Cotoneaster hjelmqvistii,498832,species,1,Plantae,Plantae,Magnoliopsida,Rosaceae,Cotoneaster,1360,iNaturalist,,2026-06-16T18:54:26
Cotoneaster horizontalis,,,,,1,Plantae,Plantae,Magnoliopsida,Rosaceae,Cotoneaster,,iNaturalist,HTTPError: HTTP Error 429: normal_throttling,2026-06-16T18:54:35
Cotoneaster pannosus,,,,,1,Plantae,Plantae,Magnoliopsida,Rosaceae,Cotoneaster,,iNaturalist,HTTPError: HTTP Error 429: normal_throttling,2026-06-16T18:54:35
Couroupita guianensis,炮弹树,Couroupita guianensis,48163,species,1,Plantae,Plantae,Magnoliopsida,Lecythidaceae,Couroupita,8501,iNaturalist,,2026-06-16T18:54:28
Cranopygia vitticollis,带盔螋,Cranopygia vitticollis,901856,species,12,Insecta,Animalia,Insecta,Pygidicranidae,Cranopygia,197,iNaturalist,,2026-06-16T18:54:30
Craspedophorus sapaensis,,Craspedophorus sapaensis,1375517,species,3,Insecta,Animalia,Insecta,Carabidae,Craspedophorus,71,iNaturalist,,2026-06-16T18:54:29
Crassula multicava,矶松,Crassula multicava,76464,species,1,Plantae,Plantae,Magnoliopsida,Crassulaceae,Crassula,6116,iNaturalist,,2026-06-16T18:54:34
Crassula perforata,星之王子,Crassula perforata,524336,species,1,Plantae,Plantae,Magnoliopsida,Crassulaceae,Crassula,2545,iNaturalist,,2026-06-16T18:54:29
Crataegus germanica,,,,,1,Plantae,Plantae,Magnoliopsida,Rosaceae,Crataegus,,iNaturalist,HTTPError: HTTP Error 429: normal_throttling,2026-06-16T18:54:39
Crateva adansonii,,,,,5,Plantae,Plantae,Magnoliopsida,Capparaceae,Crateva,,iNaturalist,HTTPError: HTTP Error 429: normal_throttling,2026-06-16T18:54:39
Crateva religiosa,鱼木,Crateva religiosa,427391,species,11,Plantae,Plantae,Magnoliopsida,Capparaceae,Crateva,441,iNaturalist,,2026-06-16T18:54:31
Crateva unilocularis,树头菜,Crateva unilocularis,428329,species,158,Plantae,Plantae,Magnoliopsida,Capparaceae,Crateva,1146,iNaturalist,,2026-06-16T18:54:31
Cratoxylum cochinchinense,黄牛木,Cratoxylum cochinchinense,183979,species,49,Plantae,Plantae,Magnoliopsida,Hypericaceae,Cratoxylum,1079,iNaturalist,,2026-06-16T18:54:32
Creatonotos transiens,八点灰灯蛾,Creatonotos transiens,125258,species,6,Insecta,Animalia,Insecta,Erebidae,Creatonotos,6490,iNaturalist,,2026-06-16T18:54:33
Crematogaster rogenhoferi,,,,,35,Insecta,Animalia,Insecta,Formicidae,Crematogaster,,iNaturalist,HTTPError: HTTP Error 429: normal_throttling,2026-06-16T18:54:41
Creophilus flavipennis,,,,,1,Insecta,Animalia,Insecta,Staphylinidae,Creophilus,,iNaturalist,HTTPError: HTTP Error 429: normal_throttling,2026-06-16T18:54:42
Crepidiastrum denticulatum,黄瓜菜,Crepidiastrum denticulatum,480254,species,8,Plantae,Plantae,Magnoliopsida,Asteraceae,Crepidiastrum,1368,iNaturalist,,2026-06-16T18:54:34
Crepidomanes parvulum,,,,,1,Plantae,Plantae,Polypodiopsida,Hymenophyllaceae,Crepidomanes,,iNaturalist,HTTPError: HTTP Error 429: normal_throttling,2026-06-16T18:54:43
Crescentia alata,叉叶木,Crescentia alata,147260,species,1,Plantae,Plantae,Magnoliopsida,Bignoniaceae,Crescentia,2545,iNaturalist,,2026-06-16T18:54:35
Crinipellis scabella,毛皮伞,Crinipellis scabella,118282,species,1,Fungi,Fungi,Agaricomycetes,Marasmiaceae,Crinipellis,808,iNaturalist,,2026-06-16T18:54:36
Crinum asiaticum,,,,,8,Plantae,Plantae,Liliopsida,Amaryllidaceae,Crinum,,iNaturalist,HTTPError: HTTP Error 429: normal_throttling,2026-06-16T18:54:44
Criotettix bispinosus,,,,,2,Insecta,Animalia,Insecta,Tetrigidae,Criotettix,,iNaturalist,HTTPError: HTTP Error 429: normal_throttling,2026-06-16T18:54:44
Crithagra mozambica,黄额丝雀,Crithagra mozambica,558601,species,1,Aves,Animalia,Aves,Fringillidae,Crithagra,5602,iNaturalist,,2026-06-16T18:54:36
Crithote pallivaga,,Crithote pallivaga,1247324,species,1,Insecta,Animalia,Insecta,Erebidae,Crithote,487,iNaturalist,,2026-06-16T18:54:37
Crocothemis servilia,红蜻,Crocothemis servilia,52055,species,1,Insecta,Animalia,Insecta,Libellulidae,Crocothemis,29995,iNaturalist,,2026-06-16T18:54:38
Crossandra infundibuliformis,十字爵床,Crossandra infundibuliformis,344178,species,169,Plantae,Plantae,Magnoliopsida,Acanthaceae,Crossandra,5993,iNaturalist,,2026-06-16T18:54:38
Crossostephium chinense,芙蓉菊,Crossostephium chinense,355020,species,8,Plantae,Plantae,Magnoliopsida,Asteraceae,Crossostephium,2306,iNaturalist,,2026-06-16T18:54:39
Croton hirtus,,,,,1,Plantae,Plantae,Magnoliopsida,Euphorbiaceae,Croton,,iNaturalist,HTTPError: HTTP Error 429: normal_throttling,2026-06-16T18:54:48
Croton verreauxii,,,,,1,Plantae,Plantae,Magnoliopsida,Euphorbiaceae,Croton,,iNaturalist,HTTPError: HTTP Error 429: normal_throttling,2026-06-16T18:54:48
Cryptocarya concinna,黄果厚壳桂,Cryptocarya concinna,736726,species,1,Plantae,Plantae,Magnoliopsida,Lauraceae,Cryptocarya,320,iNaturalist,,2026-06-16T18:54:40
Cryptocephalus trifasciatus,三带隐头叶甲,Cryptocephalus trifasciatus,424148,species,3,Insecta,Animalia,Insecta,Chrysomelidae,Cryptocephalus,808,iNaturalist,,2026-06-16T18:54:40
Cryptogonus orbiculus,变斑隐势瓢虫,Cryptogonus orbiculus,551383,species,1,Insecta,Animalia,Insecta,Coccinellidae,Cryptogonus,199,iNaturalist,,2026-06-16T18:54:41
Cryptolepis sinensis,白叶藤,Cryptolepis sinensis,700768,species,1,Plantae,Plantae,Magnoliopsida,Apocynaceae,Cryptolepis,460,iNaturalist,,2026-06-16T18:54:42
Cryptomeria japonica,,,,,6,Plantae,Plantae,Pinopsida,Cupressaceae,Cryptomeria,,iNaturalist,HTTPError: HTTP Error 429: normal_throttling,2026-06-16T18:54:51
Cryptophlebia ombrodelta,,,,,1,Insecta,Animalia,Insecta,Tortricidae,Cryptophlebia,,iNaturalist,HTTPError: HTTP Error 429: normal_throttling,2026-06-16T18:54:51
Cryptothecia striata,无彩轮衣,Cryptothecia striata,205079,species,1,Fungi,Fungi,Arthoniomycetes,Arthoniaceae,Cryptothecia,3630,iNaturalist,,2026-06-16T18:54:42
Cryptotympana atrata,黑蚱蝉,Cryptotympana atrata,319989,species,1,Insecta,Animalia,Insecta,Cicadidae,Cryptotympana,3360,iNaturalist,,2026-06-16T18:54:43
Cryptotympana holsti,,,,,1,Insecta,Animalia,Insecta,Cicadidae,Cryptotympana,,iNaturalist,HTTPError: HTTP Error 429: normal_throttling,2026-06-16T18:54:52
Cryptotympana mandarina,黄蚱蝉,Cryptotympana mandarina,711158,species,37,Insecta,Animalia,Insecta,Cicadidae,Cryptotympana,945,iNaturalist,,2026-06-16T18:54:44
Ctenanthe burle-marxii,方角栉花竹芋,Ctenanthe burle-marxii,480528,species,10,Plantae,Plantae,Liliopsida,Marantaceae,Ctenanthe,816,iNaturalist,,2026-06-16T18:54:45
Ctenanthe kummeriana,,,,,1,Plantae,Plantae,Liliopsida,Marantaceae,Ctenanthe,,iNaturalist,HTTPError: HTTP Error 429: normal_throttling,2026-06-16T18:54:54
Ctenocephalides felis,,,,,4,Insecta,Animalia,Insecta,Pulicidae,Ctenocephalides,,iNaturalist,HTTPError: HTTP Error 429: normal_throttling,2026-06-16T18:54:54
Ctenolepisma longicaudatum,灰衣鱼,Ctenolepisma longicaudatum,546132,species,2,Insecta,Animalia,Insecta,Lepismatidae,Ctenolepisma,13186,iNaturalist,,2026-06-16T18:54:45
Ctenopharyngodon idella,草鱼,Ctenopharyngodon idella,128500,species,6,Actinopterygii,Animalia,Actinopterygii,Xenocyprididae,Ctenopharyngodon,3121,iNaturalist,,2026-06-16T18:54:46
Cubaris murina,鼠古巴虫,Cubaris murina,296056,species,1,Animalia,Animalia,Malacostraca,Armadillidae,Cubaris,1863,iNaturalist,,2026-06-16T18:54:47
Cuculus micropterus,四声杜鹃,Cuculus micropterus,1904,species,5,Aves,Animalia,Aves,Cuculidae,Cuculus,1263,iNaturalist,,2026-06-16T18:54:47
Cucumis melo,甜瓜,Cucumis melo,76538,species,1,Plantae,Plantae,Magnoliopsida,Cucurbitaceae,Cucumis,8834,iNaturalist,,2026-06-16T18:54:48
Cucumis sativus,黄瓜,Cucumis sativus,54919,species,4,Plantae,Plantae,Magnoliopsida,Cucurbitaceae,Cucumis,6795,iNaturalist,,2026-06-16T18:54:54
Cucurbita moschata,,,,,4,Plantae,Plantae,Magnoliopsida,Cucurbitaceae,Cucurbita,,iNaturalist,HTTPError: HTTP Error 429: normal_throttling,2026-06-16T18:54:57
Cucurbita pepo,西葫芦,Cucurbita pepo,76541,species,1,Plantae,Plantae,Magnoliopsida,Cucurbitaceae,Cucurbita,12863,iNaturalist,,2026-06-16T18:54:49
Culex quinquefasciatus,致倦库蚊,Culex quinquefasciatus,155309,species,5,Insecta,Animalia,Insecta,Culicidae,Culex,3139,iNaturalist,,2026-06-16T18:54:50
Culladia hastiferalis,刺突卡拉草螟,Culladia hastiferalis,209320,species,9,Insecta,Animalia,Insecta,Crambidae,Culladia,1080,iNaturalist,,2026-06-16T18:54:50
Cupha erymanthis,黄襟蛱蝶,Cupha erymanthis,155512,species,4,Insecta,Animalia,Insecta,Nymphalidae,Cupha,9259,iNaturalist,,2026-06-16T18:54:51
Cuphea hyssopifolia,细叶萼距花,Cuphea hyssopifolia,161257,species,28,Plantae,Plantae,Magnoliopsida,Lythraceae,Cuphea,11812,iNaturalist,,2026-06-16T18:54:56
Curculigo capitulata,大叶仙茅,Curculigo capitulata,1476503,species,9,Plantae,Plantae,Liliopsida,Hypoxidaceae,Curculigo,2669,iNaturalist,,2026-06-16T18:54:52
Curculigo orchioides,,,,,8,Plantae,Plantae,Liliopsida,Hypoxidaceae,Curculigo,,iNaturalist,HTTPError: HTTP Error 429: normal_throttling,2026-06-16T18:55:00
Curcuma alismatifolia,暹逻郁金,Curcuma alismatifolia,436068,species,1,Plantae,Plantae,Liliopsida,Zingiberaceae,Curcuma,848,iNaturalist,,2026-06-16T18:54:52
Curcuma longa,姜黄,Curcuma longa,119386,species,2,Plantae,Plantae,Liliopsida,Zingiberaceae,Curcuma,3536,iNaturalist,,2026-06-16T18:54:58
Cuscuta campestris,平原菟丝子,Cuscuta campestris,76545,species,5,Plantae,Plantae,Magnoliopsida,Convolvulaceae,Cuscuta,8601,iNaturalist,,2026-06-16T18:54:53
Cuscuta japonica,,,,,1,Plantae,Plantae,Magnoliopsida,Convolvulaceae,Cuscuta,,iNaturalist,HTTPError: HTTP Error 429: normal_throttling,2026-06-16T18:55:02
Cyanoderma ruficeps,红头穗鹛,Cyanoderma ruficeps,339784,species,1,Aves,Animalia,Aves,Timaliidae,Cyanoderma,1461,iNaturalist,,2026-06-16T18:54:54
Cyanoptila cyanomelana,,,,,1,Aves,Animalia,Aves,Muscicapidae,Cyanoptila,,iNaturalist,HTTPError: HTTP Error 429: normal_throttling,2026-06-16T18:55:03
Cyanthillium cinereum,夜香牛,Cyanthillium cinereum,130374,species,155,Plantae,Plantae,Magnoliopsida,Asteraceae,Cyanthillium,22879,iNaturalist,,2026-06-16T19:07:58
Cyathula prostrata,杯苋,Cyathula prostrata,208765,species,3,Plantae,Plantae,Magnoliopsida,Amaranthaceae,Cyathula,1242,iNaturalist,,2026-06-16T18:54:55
Cybistax antisyphilitica,棱瓜木,Cybistax antisyphilitica,461865,species,1,Plantae,Plantae,Magnoliopsida,Bignoniaceae,Cybistax,366,iNaturalist,,2026-06-16T18:54:56
Cycas revoluta,,,,,30,Plantae,Plantae,Cycadopsida,Cycadaceae,Cycas,,iNaturalist,HTTPError: HTTP Error 429: normal_throttling,2026-06-16T18:55:05
Cyclea barbata,毛叶轮环藤,Cyclea barbata,347715,species,5,Plantae,Plantae,Magnoliopsida,Menispermaceae,Cyclea,197,iNaturalist,,2026-06-16T18:54:57
Cyclea gracillima,土防己,Cyclea gracillima,736957,species,1,Plantae,Plantae,Magnoliopsida,Menispermaceae,Cyclea,370,iNaturalist,,2026-06-16T18:55:03
Cyclophorus punctatus,,,,,6,Mollusca,Animalia,Gastropoda,Cyclophoridae,Cyclophorus,,iNaturalist,HTTPError: HTTP Error 429: normal_throttling,2026-06-16T18:55:06
Cyclosa mulmeinensis,角腹艾蛛,Cyclosa mulmeinensis,556362,species,3,Arachnida,Animalia,Arachnida,Araneidae,Cyclosa,744,iNaturalist,,2026-06-16T18:54:58
Cyclosia panthona,豹点锦斑蛾,Cyclosia panthona,203995,species,2,Insecta,Animalia,Insecta,Zygaenidae,Cyclosia,421,iNaturalist,,2026-06-16T18:54:59
Cyclosia papilionaris,蝶形锦斑蛾,Cyclosia papilionaris,326018,species,38,Insecta,Animalia,Insecta,Zygaenidae,Cyclosia,1941,iNaturalist,,2026-06-16T18:55:00
Cyclosorus interruptus,毛蕨,Cyclosorus interruptus,369393,species,6,Plantae,Plantae,Polypodiopsida,Thelypteridaceae,Cyclosorus,4125,iNaturalist,,2026-06-16T18:55:01
Cyclospermum leptophyllum,,,,,1,Plantae,Plantae,Magnoliopsida,Apiaceae,Cyclospermum,,iNaturalist,HTTPError: HTTP Error 429: normal_throttling,2026-06-16T18:55:09
Cygnus atratus,黑天鹅,Cygnus atratus,6914,species,2,Aves,Animalia,Aves,Anatidae,Cygnus,36942,iNaturalist,,2026-06-16T18:55:01
Cylas formicarius,甘薯蚁象,Cylas formicarius,305678,species,1,Insecta,Animalia,Insecta,Brentidae,Cylas,1647,iNaturalist,,2026-06-16T18:55:02
Cymbidium aloifolium,,,,,2,Plantae,Plantae,Liliopsida,Orchidaceae,Cymbidium,,iNaturalist,HTTPError: HTTP Error 429: normal_throttling,2026-06-16T18:55:11
Cymbidium finlaysonianum,马来兰,Cymbidium finlaysonianum,362034,species,1,Plantae,Plantae,Liliopsida,Orchidaceae,Cymbidium,628,iNaturalist,,2026-06-16T18:55:05
Cymbopogon citratus,香茅草,Cymbopogon citratus,123728,species,37,Plantae,Plantae,Liliopsida,Poaceae,Cymbopogon,9486,iNaturalist,,2026-06-16T18:55:03
Cymbopogon nardus,,,,,1,Plantae,Plantae,Liliopsida,Poaceae,Cymbopogon,,iNaturalist,HTTPError: HTTP Error 429: normal_throttling,2026-06-16T18:55:12
Cymbopogon tortilis,,,,,1,Plantae,Plantae,Liliopsida,Poaceae,Cymbopogon,,iNaturalist,HTTPError: HTTP Error 429: normal_throttling,2026-06-16T18:55:12
Cynodon dactylon,狗牙根,Cynodon dactylon,58371,species,25,Plantae,Plantae,Liliopsida,Poaceae,Cynodon,30474,iNaturalist,,2026-06-16T18:55:04
Cynopterus sphinx,,,,,4,Mammalia,Animalia,Mammalia,Pteropodidae,Cynopterus,,iNaturalist,HTTPError: HTTP Error 429: normal_throttling,2026-06-16T18:55:13
Cyornis hainanus,海南蓝仙鹟,Cyornis hainanus,12858,species,3,Aves,Animalia,Aves,Muscicapidae,Cyornis,1192,iNaturalist,,2026-06-16T18:55:05
Cyperus alternifolius,野生风车草,Cyperus alternifolius,208766,species,121,Plantae,Plantae,Liliopsida,Cyperaceae,Cyperus,16864,iNaturalist,,2026-06-16T19:08:14
Cyperus aromaticus,水蜈蚣,Cyperus aromaticus,779116,species,1,Plantae,Plantae,Liliopsida,Cyperaceae,Cyperus,1474,iNaturalist,,2026-06-16T18:55:06
Cyperus brevifolius,短叶水蜈蚣,Cyperus brevifolius,489795,species,34,Plantae,Plantae,Liliopsida,Cyperaceae,Cyperus,5775,iNaturalist,,2026-06-16T18:55:07
Cyperus compressus,,,,,8,Plantae,Plantae,Liliopsida,Cyperaceae,Cyperus,,iNaturalist,HTTPError: HTTP Error 429: normal_throttling,2026-06-16T18:55:16
Cyperus cyperoides,砖子苗,Cyperus cyperoides,370159,species,5,Plantae,Plantae,Liliopsida,Cyperaceae,Cyperus,2868,iNaturalist,,2026-06-16T18:55:07
Cyperus diffusus,多脉莎草,Cyperus diffusus,290515,species,2,Plantae,Plantae,Liliopsida,Cyperaceae,Cyperus,311,iNaturalist,,2026-06-16T18:55:08
Cyperus iria,碎米莎草,Cyperus iria,76589,species,3,Plantae,Plantae,Liliopsida,Cyperaceae,Cyperus,3877,iNaturalist,,2026-06-16T18:55:09
Cyperus mindorensis,单穗水蜈蚣,Cyperus mindorensis,507628,species,78,Plantae,Plantae,Liliopsida,Cyperaceae,Cyperus,6313,iNaturalist,,2026-06-16T18:55:09
Cyperus odoratus,断节莎,Cyperus odoratus,63329,species,1,Plantae,Plantae,Liliopsida,Cyperaceae,Cyperus,10832,iNaturalist,,2026-06-16T18:55:10
Cyperus papyrus,,,,,2,Plantae,Plantae,Liliopsida,Cyperaceae,Cyperus,,iNaturalist,HTTPError: HTTP Error 429: normal_throttling,2026-06-16T18:55:19
Cyperus pedunculatus,海滨莎,Cyperus pedunculatus,362619,species,1,Plantae,Plantae,Liliopsida,Cyperaceae,Cyperus,763,iNaturalist,,2026-06-16T18:55:11
Cyperus polystachyos,多枝扁莎,Cyperus polystachyos,161476,species,2,Plantae,Plantae,Liliopsida,Cyperaceae,Cyperus,6723,iNaturalist,,2026-06-16T18:55:11
Cyperus prolifer,矮纸莎草,Cyperus prolifer,161477,species,2,Plantae,Plantae,Liliopsida,Cyperaceae,Cyperus,1400,iNaturalist,,2026-06-16T18:55:17
Cyperus rotundus,香附子,Cyperus rotundus,76593,species,33,Plantae,Plantae,Liliopsida,Cyperaceae,Cyperus,9819,iNaturalist,,2026-06-16T18:55:12
Cyperus sesquiflorus,,,,,4,Plantae,Plantae,Liliopsida,Cyperaceae,Cyperus,,iNaturalist,HTTPError: HTTP Error 429: normal_throttling,2026-06-16T18:55:21
Cyperus sexangularis,,Cyperus sexangularis,583263,species,1,Plantae,Plantae,Liliopsida,Cyperaceae,Cyperus,286,iNaturalist,,2026-06-16T18:55:13
Cyperus surinamensis,苏里南莎草,Cyperus surinamensis,161496,species,2,Plantae,Plantae,Liliopsida,Cyperaceae,Cyperus,3055,iNaturalist,,2026-06-16T18:55:15
Cyprinus carpio,欧洲鲤,Cyprinus carpio,53911,species,11,Actinopterygii,Animalia,Actinopterygii,Cyprinidae,Cyprinus,33127,iNaturalist,,2026-06-16T18:55:14
Cyprinus rubrofuscus,华南鲤,Cyprinus rubrofuscus,187316,species,170,Actinopterygii,Animalia,Actinopterygii,Cyprinidae,Cyprinus,22162,iNaturalist,,2026-06-16T18:55:14
Cyrestis thyodamas,,,,,38,Insecta,Animalia,Insecta,Nymphalidae,Cyrestis,,iNaturalist,HTTPError: HTTP Error 429: normal_throttling,2026-06-16T18:55:23
Cyrtococcum patens,弓果黍,Cyrtococcum patens,427440,species,56,Plantae,Plantae,Liliopsida,Poaceae,Cyrtococcum,1824,iNaturalist,,2026-06-16T19:09:31
Cyrtophora cicatrosa,,,,,1,Arachnida,Animalia,Arachnida,Araneidae,Cyrtophora,,iNaturalist,HTTPError: HTTP Error 429: normal_throttling,2026-06-16T18:55:23
Cystolepiota seminuda,纤巧囊小伞,Cystolepiota seminuda,367291,species,1,Fungi,Fungi,Agaricomycetes,Verrucosporaceae,Cystolepiota,1548,iNaturalist,,2026-06-16T18:55:15
Cystopteris fragilis,冷蕨,Cystopteris fragilis,58755,species,1,Plantae,Plantae,Polypodiopsida,Cystopteridaceae,Cystopteris,21725,iNaturalist,,2026-06-16T18:55:16
Dacrydium cupressinum,,,,,1,Plantae,Plantae,Pinopsida,Podocarpaceae,Dacrydium,,iNaturalist,HTTPError: HTTP Error 429: normal_throttling,2026-06-16T18:55:25
Dacrymyces capitatus,头状花耳,Dacrymyces capitatus,407806,species,1,Fungi,Fungi,Dacrymycetes,Dacrymycetaceae,Dacrymyces,3144,iNaturalist,,2026-06-16T18:55:19
Dacrymyces spathularia,匙盖假花耳,Dacrymyces spathularia,1426765,species,3,Fungi,Fungi,Dacrymycetes,Dacrymycetaceae,Dacrymyces,18155,iNaturalist,,2026-06-16T18:55:18
Dacrymyces stillatus,花耳,Dacrymyces stillatus,53276,species,1,Fungi,Fungi,Dacrymycetes,Dacrymycetaceae,Dacrymyces,15080,iNaturalist,,2026-06-16T18:55:18
Dactyloctenium aegyptium,,,,,2,Plantae,Plantae,Liliopsida,Poaceae,Dactyloctenium,,iNaturalist,HTTPError: HTTP Error 429: normal_throttling,2026-06-16T18:55:27
Dahlia merckii,,,,,1,Plantae,Plantae,Magnoliopsida,Asteraceae,Dahlia,,iNaturalist,HTTPError: HTTP Error 429: normal_throttling,2026-06-16T18:55:28
Dahlia pinnata,大丽花,Dahlia pinnata,161582,species,5,Plantae,Plantae,Magnoliopsida,Asteraceae,Dahlia,20652,iNaturalist,,2026-06-16T18:55:20
Dalbergia benthamii,两粤黄檀,Dalbergia benthamii,630698,species,18,Plantae,Plantae,Magnoliopsida,Fabaceae,Dalbergia,493,iNaturalist,,2026-06-16T18:55:20
Dalbergia odorifera,降香黄檀,Dalbergia odorifera,191302,species,1,Plantae,Plantae,Magnoliopsida,Fabaceae,Dalbergia,256,iNaturalist,,2026-06-16T18:55:21
Dalpada nodifera,小斑岱蝽,Dalpada nodifera,497161,species,1,Insecta,Animalia,Insecta,Pentatomidae,Dalpada,832,iNaturalist,,2026-06-16T18:55:22
Danaus chrysippus,金斑蝶,Danaus chrysippus,67835,species,8,Insecta,Animalia,Insecta,Nymphalidae,Danaus,43306,iNaturalist,,2026-06-16T18:55:27
Danaus genutia,虎斑蝶,Danaus genutia,146923,species,2,Insecta,Animalia,Insecta,Nymphalidae,Danaus,12868,iNaturalist,,2026-06-16T18:55:22
Danielithosia immaculata,黄苔蛾,Danielithosia immaculata,702166,species,1,Insecta,Animalia,Insecta,Erebidae,Danielithosia,1608,iNaturalist,,2026-06-16T18:55:23
Daphne odora,瑞香,Daphne odora,126930,species,2,Plantae,Plantae,Magnoliopsida,Thymelaeaceae,Daphne,2639,iNaturalist,,2026-06-16T18:55:24
Daphniphyllum calycinum,,,,,12,Plantae,Plantae,Magnoliopsida,Daphniphyllaceae,Daphniphyllum,,iNaturalist,HTTPError: HTTP Error 429: normal_throttling,2026-06-16T18:55:32
Daphniphyllum oldhami,,,,,1,Plantae,Plantae,Magnoliopsida,Daphniphyllaceae,Daphniphyllum,,iNaturalist,HTTPError: HTTP Error 429: normal_throttling,2026-06-16T18:55:33
Daphnis nerii,夹竹桃天蛾,Daphnis nerii,51996,species,2,Insecta,Animalia,Insecta,Sphingidae,Daphnis,9386,iNaturalist,,2026-06-16T18:55:29
Dasineura rubiformis,,Dasineura rubiformis,472395,species,1,Insecta,Animalia,Insecta,Cecidomyiidae,Dasineura,702,iNaturalist,,2026-06-16T18:55:24
Dasyboarmia subpilosa,素尺蛾,Dasyboarmia subpilosa,243471,species,9,Insecta,Animalia,Insecta,Geometridae,Dasyboarmia,1434,iNaturalist,,2026-06-16T18:55:25
Dasychira chekiangensis,,,,,32,Insecta,Animalia,Insecta,Erebidae,Dasychira,,iNaturalist,HTTPError: HTTP Error 429: normal_throttling,2026-06-16T18:55:34
Datura metel,洋金花,Datura metel,48602,species,1,Plantae,Plantae,Magnoliopsida,Solanaceae,Datura,3050,iNaturalist,,2026-06-16T18:55:26
Daucus carota,胡萝卜,Daucus carota,76610,species,1,Plantae,Plantae,Magnoliopsida,Apiaceae,Daucus,191847,iNaturalist,,2026-06-16T18:55:26
Davallia repens,,,,,1,Plantae,Plantae,Polypodiopsida,Davalliaceae,Davallia,,iNaturalist,HTTPError: HTTP Error 429: normal_throttling,2026-06-16T18:55:36
Delias hyparete,优越斑粉蝶,Delias hyparete,245891,species,1,Insecta,Animalia,Insecta,Pieridae,Delias,5915,iNaturalist,,2026-06-16T18:55:28
Delias pasithoe,报喜斑粉蝶,Delias pasithoe,154590,species,73,Insecta,Animalia,Insecta,Pieridae,Delias,10265,iNaturalist,,2026-06-16T18:55:33
Delonix regia,凤凰木,Delonix regia,62839,species,83,Plantae,Plantae,Magnoliopsida,Fabaceae,Delonix,31920,iNaturalist,,2026-06-16T18:55:28
Delta esuriens,,,,,1,Insecta,Animalia,Insecta,Vespidae,Delta,,iNaturalist,HTTPError: HTTP Error 429: normal_throttling,2026-06-16T18:55:37
Delta pyriforme,,,,,10,Insecta,Animalia,Insecta,Vespidae,Delta,,iNaturalist,HTTPError: HTTP Error 429: normal_throttling,2026-06-16T18:55:38
Dendrobium aphyllum,兜唇石斛,Dendrobium aphyllum,140709,species,2,Plantae,Plantae,Liliopsida,Orchidaceae,Dendrobium,881,iNaturalist,,2026-06-16T18:55:30
Dendrobium nobile,石斛,Dendrobium nobile,67756,species,1,Plantae,Plantae,Liliopsida,Orchidaceae,Dendrobium,1986,iNaturalist,,2026-06-16T18:55:30
Dendrobium officinale,铁皮石斛,Dendrobium officinale,436191,species,1,Plantae,Plantae,Liliopsida,Orchidaceae,Dendrobium,135,iNaturalist,,2026-06-16T18:55:31
Dendrocalamus latiflorus,麻竹,Dendrocalamus latiflorus,500715,species,5,Plantae,Plantae,Liliopsida,Poaceae,Dendrocalamus,962,iNaturalist,,2026-06-16T18:55:32
Dendrocitta formosae,灰树鹊,Dendrocitta formosae,8306,species,1,Aves,Animalia,Aves,Corvidae,Dendrocitta,8119,iNaturalist,,2026-06-16T18:55:32
Dendrocnide excelsa,,,,,1,Plantae,Plantae,Magnoliopsida,Urticaceae,Dendrocnide,,iNaturalist,HTTPError: HTTP Error 429: normal_throttling,2026-06-16T18:55:42
Dendrocnide photiniphylla,,,,,3,Plantae,Plantae,Magnoliopsida,Urticaceae,Dendrocnide,,iNaturalist,HTTPError: HTTP Error 429: normal_throttling,2026-06-16T18:55:42
Dendronanthus indicus,山鹡鸰,Dendronanthus indicus,14146,species,1,Aves,Animalia,Aves,Motacillidae,Dendronanthus,976,iNaturalist,,2026-06-16T18:55:35
Dendrophthoe pentandra,五蕊寄生,Dendrophthoe pentandra,425582,species,1,Plantae,Plantae,Magnoliopsida,Loranthaceae,Dendrophthoe,477,iNaturalist,,2026-06-16T18:55:34
Dendrotrophe varians,寄生藤,Dendrotrophe varians,427492,species,9,Plantae,Plantae,Magnoliopsida,Santalaceae,Dendrotrophe,362,iNaturalist,,2026-06-16T18:55:34
Dennstaedtia hirsuta,细毛碗蕨,Dennstaedtia hirsuta,137810,species,2,Plantae,Plantae,Polypodiopsida,Dennstaedtiaceae,Dennstaedtia,310,iNaturalist,,2026-06-16T18:55:40
Deparia lancea,,,,,1,Plantae,Plantae,Polypodiopsida,Athyriaceae,Deparia,,iNaturalist,HTTPError: HTTP Error 429: normal_throttling,2026-06-16T18:55:44
Deparia petersenii,毛叶对囊蕨,Deparia petersenii,364009,species,16,Plantae,Plantae,Polypodiopsida,Athyriaceae,Deparia,5817,iNaturalist,,2026-06-16T18:55:36
Derispia titschacki,,,,,2,Insecta,Animalia,Insecta,Tenebrionidae,Derispia,,iNaturalist,HTTPError: HTTP Error 429: normal_throttling,2026-06-16T18:55:45
Derispia walkeri,,Derispia walkeri,1291885,species,17,Insecta,Animalia,Insecta,Tenebrionidae,Derispia,210,iNaturalist,,2026-06-16T18:55:36
Dermatocarpon luridum,水生皮果衣,Dermatocarpon luridum,182476,species,1,Fungi,Fungi,Eurotiomycetes,Verrucariaceae,Dermatocarpon,1703,iNaturalist,,2026-06-16T18:55:37
Deroceras laeve,光滑颈蛞蝓,Deroceras laeve,209624,species,4,Mollusca,Animalia,Gastropoda,Agriolimacidae,Deroceras,12882,iNaturalist,,2026-06-16T18:55:38
Derosphaerus rotundicollis,,,,,1,Insecta,Animalia,Insecta,Tenebrionidae,Derosphaerus,,iNaturalist,HTTPError: HTTP Error 429: normal_throttling,2026-06-16T18:55:46
Derosphaerus sinensis,中华长粉甲,Derosphaerus sinensis,699175,species,15,Insecta,Animalia,Insecta,Tenebrionidae,Derosphaerus,273,iNaturalist,,2026-06-16T18:55:43
Desmanthus virgatus,多枝草合欢,Desmanthus virgatus,161714,species,1,Plantae,Plantae,Magnoliopsida,Fabaceae,Desmanthus,2180,iNaturalist,,2026-06-16T18:55:39
Desmos chinensis,假鹰爪,Desmos chinensis,430936,species,41,Plantae,Plantae,Magnoliopsida,Annonaceae,Desmos,1201,iNaturalist,,2026-06-16T18:55:39
Diacamma rugosum,聚纹双刺猛蚁,Diacamma rugosum,504093,species,57,Insecta,Animalia,Insecta,Formicidae,Diacamma,1333,iNaturalist,,2026-06-16T19:09:21
Dianella caerulea,天蓝桔梗兰,Dianella caerulea,53680,species,1,Plantae,Plantae,Liliopsida,Asphodelaceae,Dianella,4788,iNaturalist,,2026-06-16T18:55:41
Dianella ensifolia,山菅兰,Dianella ensifolia,346164,species,62,Plantae,Plantae,Liliopsida,Asphodelaceae,Dianella,7515,iNaturalist,,2026-06-16T18:55:41
Dianemobius fascipes,斑腿双针蟋,Dianemobius fascipes,360028,species,5,Insecta,Animalia,Insecta,Trigonidiidae,Dianemobius,1236,iNaturalist,,2026-06-16T18:55:42
Dianthus caryophyllus,,,,,1,Plantae,Plantae,Magnoliopsida,Caryophyllaceae,Dianthus,,iNaturalist,HTTPError: HTTP Error 429: normal_throttling,2026-06-16T18:55:51
Diaphania indica,,,,,1,Insecta,Animalia,Insecta,Crambidae,Diaphania,,iNaturalist,HTTPError: HTTP Error 429: normal_throttling,2026-06-16T18:55:51
Diasemia accalis,褐纹翅野螟,Diasemia accalis,204805,species,15,Insecta,Animalia,Insecta,Crambidae,Diasemia,1235,iNaturalist,,2026-06-16T18:55:43
Dichanthium aristatum,,,,,1,Plantae,Plantae,Liliopsida,Poaceae,Dichanthium,,iNaturalist,HTTPError: HTTP Error 429: normal_throttling,2026-06-16T18:55:52
Dichondra micrantha,马蹄金,Dichondra micrantha,76650,species,1,Plantae,Plantae,Magnoliopsida,Convolvulaceae,Dichondra,5117,iNaturalist,,2026-06-16T18:55:44
Dichrocephala integrifolia,,,,,2,Plantae,Plantae,Magnoliopsida,Asteraceae,Dichrocephala,,iNaturalist,HTTPError: HTTP Error 429: normal_throttling,2026-06-16T18:55:53
Dichromia sagitta,马蹄两色夜蛾,Dichromia sagitta,202235,species,3,Insecta,Animalia,Insecta,Erebidae,Dichromia,484,iNaturalist,,2026-06-16T18:55:45
Dicliptera chinensis,狗肝菜,Dicliptera chinensis,161827,species,20,Plantae,Plantae,Magnoliopsida,Acanthaceae,Dicliptera,3280,iNaturalist,,2026-06-16T18:55:45
Dicranopteris linearis,铁芒萁,Dicranopteris linearis,52492,species,55,Plantae,Plantae,Polypodiopsida,Gleicheniaceae,Dicranopteris,12450,iNaturalist,,2026-06-16T19:09:40
Dicranopteris pedata,芒萁,Dicranopteris pedata,487143,species,173,Plantae,Plantae,Polypodiopsida,Gleicheniaceae,Dicranopteris,1544,iNaturalist,,2026-06-16T18:55:46
Dicranopteris taiwanensis,台湾芒萁,Dicranopteris taiwanensis,707145,species,1,Plantae,Plantae,Polypodiopsida,Gleicheniaceae,Dicranopteris,108,iNaturalist,,2026-06-16T18:55:47
Dicranopteris tetraphylla,,,,,2,Plantae,Plantae,Polypodiopsida,Gleicheniaceae,Dicranopteris,,iNaturalist,HTTPError: HTTP Error 429: normal_throttling,2026-06-16T18:55:56
Dicrurus hottentottus,发冠卷尾,Dicrurus hottentottus,8267,species,4,Aves,Animalia,Aves,Dicruridae,Dicrurus,3009,iNaturalist,,2026-06-16T18:55:47
Dicrurus macrocercus,黑卷尾,Dicrurus macrocercus,8277,species,9,Aves,Animalia,Aves,Dicruridae,Dicrurus,22903,iNaturalist,,2026-06-16T18:55:48
Dieffenbachia seguine,花叶万年青,Dieffenbachia seguine,206266,species,17,Plantae,Plantae,Liliopsida,Araceae,Dieffenbachia,11391,iNaturalist,,2026-06-16T18:55:49
Dietes bicolor,,,,,25,Plantae,Plantae,Liliopsida,Iridaceae,Dietes,,iNaturalist,HTTPError: HTTP Error 429: normal_throttling,2026-06-16T18:55:58
Dietes grandiflora,大花离被鸢尾,Dietes grandiflora,291342,species,1,Plantae,Plantae,Liliopsida,Iridaceae,Dietes,10892,iNaturalist,,2026-06-16T18:55:49
Digitalis purpurea,毛地黄,Digitalis purpurea,53983,species,3,Plantae,Plantae,Magnoliopsida,Plantaginaceae,Digitalis,102027,iNaturalist,,2026-06-16T18:55:50
Digitaria ciliaris,升马唐,Digitaria ciliaris,76657,species,6,Plantae,Plantae,Liliopsida,Poaceae,Digitaria,3878,iNaturalist,,2026-06-16T18:55:51
Digitaria henryi,,,,,2,Plantae,Plantae,Liliopsida,Poaceae,Digitaria,,iNaturalist,HTTPError: HTTP Error 429: normal_throttling,2026-06-16T18:56:00
Digitaria radicosa,红尾翎,Digitaria radicosa,427509,species,68,Plantae,Plantae,Liliopsida,Poaceae,Digitaria,1382,iNaturalist,,2026-06-16T18:55:52
Digitaria sanguinalis,,,,,4,Plantae,Plantae,Liliopsida,Poaceae,Digitaria,,iNaturalist,HTTPError: HTTP Error 429: normal_throttling,2026-06-16T18:56:00
Dilobocondyla fouqueti,夫氏双凸切叶蚁,Dilobocondyla fouqueti,636791,species,1,Insecta,Animalia,Insecta,Formicidae,Dilobocondyla,246,iNaturalist,,2026-06-16T18:55:52
Dimocarpomyia folicola,,,,,1,Insecta,Animalia,Insecta,Cecidomyiidae,Dimocarpomyia,,iNaturalist,HTTPError: HTTP Error 429: normal_throttling,2026-06-16T18:56:01
Dimocarpus longan,龙眼,Dimocarpus longan,191503,species,70,Plantae,Plantae,Magnoliopsida,Sapindaceae,Dimocarpus,9229,iNaturalist,,2026-06-16T18:55:53
Dimorphotheca jucunda,悅雨菊,Dimorphotheca jucunda,569596,species,3,Plantae,Plantae,Magnoliopsida,Asteraceae,Dimorphotheca,3329,iNaturalist,,2026-06-16T18:55:54
Dindymus sanguineus,,,,,6,Insecta,Animalia,Insecta,Pyrrhocoridae,Dindymus,,iNaturalist,HTTPError: HTTP Error 429: normal_throttling,2026-06-16T18:56:02
Dioscorea bulbifera,黄独,Dioscorea bulbifera,84537,species,14,Plantae,Plantae,Liliopsida,Dioscoreaceae,Dioscorea,11080,iNaturalist,,2026-06-16T18:55:54
Dioscorea cirrhosa,薯莨,Dioscorea cirrhosa,467955,species,5,Plantae,Plantae,Liliopsida,Dioscoreaceae,Dioscorea,1623,iNaturalist,,2026-06-16T18:56:00
Dioscorea polystachya,薯蓣,Dioscorea polystachya,119141,species,2,Plantae,Plantae,Liliopsida,Dioscoreaceae,Dioscorea,6809,iNaturalist,,2026-06-16T18:55:55
Diospyros blancoi,异色柿,Diospyros blancoi,83582,species,2,Plantae,Plantae,Magnoliopsida,Ebenaceae,Diospyros,2623,iNaturalist,,2026-06-16T18:55:56
Diospyros eriantha,乌材,Diospyros eriantha,596515,species,3,Plantae,Plantae,Magnoliopsida,Ebenaceae,Diospyros,3328,iNaturalist,,2026-06-16T18:55:56
Diospyros ferrea,,,,,3,Plantae,Plantae,Magnoliopsida,Ebenaceae,Diospyros,,iNaturalist,HTTPError: HTTP Error 429: normal_throttling,2026-06-16T18:56:05
Diospyros kaki,柿,Diospyros kaki,83468,species,1,Plantae,Plantae,Magnoliopsida,Ebenaceae,Diospyros,8576,iNaturalist,,2026-06-16T18:55:57
Diospyros morrisiana,罗浮柿,Diospyros morrisiana,425419,species,2,Plantae,Plantae,Magnoliopsida,Ebenaceae,Diospyros,1690,iNaturalist,,2026-06-16T18:55:58
Diospyros nigra,,,,,1,Plantae,Plantae,Magnoliopsida,Ebenaceae,Diospyros,,iNaturalist,HTTPError: HTTP Error 429: normal_throttling,2026-06-16T18:56:07
Diospyros vaccinioides,小果柿,Diospyros vaccinioides,191602,species,3,Plantae,Plantae,Magnoliopsida,Ebenaceae,Diospyros,742,iNaturalist,,2026-06-16T18:55:58
Diplacodes trivialis,纹蓝小蜻,Diplacodes trivialis,99331,species,2,Insecta,Animalia,Insecta,Libellulidae,Diplacodes,31334,iNaturalist,,2026-06-16T18:55:59
Diplazium dilatatum,,,,,1,Plantae,Plantae,Polypodiopsida,Athyriaceae,Diplazium,,iNaturalist,HTTPError: HTTP Error 429: normal_throttling,2026-06-16T18:56:08
Diplazium esculentum,菜蕨（食用双盖蕨）,Diplazium esculentum,161950,species,3,Plantae,Plantae,Polypodiopsida,Athyriaceae,Diplazium,3064,iNaturalist,,2026-06-16T18:56:00
Diplocarpon rosae,,,,,1,Fungi,Fungi,Leotiomycetes,Drepanopezizaceae,Diplocarpon,,iNaturalist,HTTPError: HTTP Error 429: normal_throttling,2026-06-16T18:56:09
Diploclisia glaucescens,苍白秤钩风,Diploclisia glaucescens,552679,species,12,Plantae,Plantae,Magnoliopsida,Menispermaceae,Diploclisia,521,iNaturalist,,2026-06-16T18:56:06
Diploicia canescens,,Diploicia canescens,218522,species,1,Fungi,Fungi,Lecanoromycetes,Caliciaceae,Diploicia,2854,iNaturalist,,2026-06-16T18:56:01
Diplopterygium chinense,中华里白,Diplopterygium chinense,737072,species,5,Plantae,Plantae,Polypodiopsida,Gleicheniaceae,Diplopterygium,781,iNaturalist,,2026-06-16T18:56:02
Diplorhinus furcatus,剪蝽,Diplorhinus furcatus,469453,species,1,Insecta,Animalia,Insecta,Pentatomidae,Diplorhinus,60,iNaturalist,,2026-06-16T18:56:04
Diplospora dubia,狗骨柴,Diplospora dubia,633592,species,3,Plantae,Plantae,Magnoliopsida,Rubiaceae,Diplospora,1610,iNaturalist,,2026-06-16T18:56:02
Dipteryx oleifera,借雷香豆树,Dipteryx oleifera,490687,species,1,Plantae,Plantae,Magnoliopsida,Fabaceae,Dipteryx,242,iNaturalist,,2026-06-16T18:56:08
Dirinaria applanata,扁平黑囊基衣,Dirinaria applanata,218571,species,12,Fungi,Fungi,Lecanoromycetes,Caliciaceae,Dirinaria,1310,iNaturalist,,2026-06-16T18:56:03
Discomyza maculipennis,,,,,6,Insecta,Animalia,Insecta,Ephydridae,Discomyza,,iNaturalist,HTTPError: HTTP Error 429: normal_throttling,2026-06-16T18:56:12
Discophora sondaica,凤眼方环蝶,Discophora sondaica,145618,species,1,Insecta,Animalia,Insecta,Nymphalidae,Discophora,3248,iNaturalist,,2026-06-16T18:56:04
Disphyma crassifolium,圆润中午花,Disphyma crassifolium,129732,species,1,Plantae,Plantae,Magnoliopsida,Aizoaceae,Disphyma,3359,iNaturalist,,2026-06-16T18:56:05
Distimake tuberosus,,,,,1,Plantae,Plantae,Magnoliopsida,Convolvulaceae,Distimake,,iNaturalist,HTTPError: HTTP Error 429: normal_throttling,2026-06-16T18:56:14
Distimake vitifolius,,,,,2,Plantae,Plantae,Magnoliopsida,Convolvulaceae,Distimake,,iNaturalist,HTTPError: HTTP Error 429: normal_throttling,2026-06-16T18:56:14
Distylium racemosum,蚊母树,Distylium racemosum,427548,species,2,Plantae,Plantae,Magnoliopsida,Hamamelidaceae,Distylium,363,iNaturalist,,2026-06-16T18:56:06
Ditrichum pallidum,黄牛毛藓,Ditrichum pallidum,161971,species,1,Plantae,Plantae,Bryopsida,Ditrichaceae,Ditrichum,2578,iNaturalist,,2026-06-16T18:56:07
Dodonaea viscosa,,,,,4,Plantae,Plantae,Magnoliopsida,Sapindaceae,Dodonaea,,iNaturalist,HTTPError: HTTP Error 429: normal_throttling,2026-06-16T18:56:16
Dolichoderus sibiricus,,,,,4,Insecta,Animalia,Insecta,Formicidae,Dolichoderus,,iNaturalist,HTTPError: HTTP Error 429: normal_throttling,2026-06-16T18:56:17
Dolichoderus taprobanae,黑腹臭蚁,Dolichoderus taprobanae,1143087,species,1,Insecta,Animalia,Insecta,Formicidae,Dolichoderus,116,iNaturalist,,2026-06-16T18:56:09
Dombeya wallichii,,,,,7,Plantae,Plantae,Magnoliopsida,Malvaceae,Dombeya,,iNaturalist,HTTPError: HTTP Error 429: normal_throttling,2026-06-16T18:56:18
Dorylus orientalis,东方行军蚁,Dorylus orientalis,495500,species,1,Insecta,Animalia,Insecta,Formicidae,Dorylus,329,iNaturalist,,2026-06-16T18:56:09
Dotilla wichmanni,韦氏毛带蟹,Dotilla wichmanni,129463,species,8,Animalia,Animalia,Malacostraca,Dotillidae,Dotilla,434,iNaturalist,,2026-06-16T18:56:10
Dovyalis rhamnoides,,Dovyalis rhamnoides,584113,species,1,Plantae,Plantae,Magnoliopsida,Salicaceae,Dovyalis,500,iNaturalist,,2026-06-16T18:56:12
Dracaena angustifolia,长花龙血树,Dracaena angustifolia,123571,species,1,Plantae,Plantae,Liliopsida,Asparagaceae,Dracaena,1376,iNaturalist,,2026-06-16T18:56:11
Dracaena cochinchinensis,剑叶龙血树,Dracaena cochinchinensis,427550,species,10,Plantae,Plantae,Liliopsida,Asparagaceae,Dracaena,1170,iNaturalist,,2026-06-16T18:56:11
Dracaena fragrans,,,,,27,Plantae,Plantae,Liliopsida,Asparagaceae,Dracaena,,iNaturalist,HTTPError: HTTP Error 429: normal_throttling,2026-06-16T18:56:20
Dracaena reflexa,百合竹,Dracaena reflexa,126510,species,125,Plantae,Plantae,Liliopsida,Asparagaceae,Dracaena,19532,iNaturalist,,2026-06-16T18:56:13
Dracaena sanderiana,富贵竹,Dracaena sanderiana,800897,species,28,Plantae,Plantae,Liliopsida,Asparagaceae,Dracaena,7420,iNaturalist,,2026-06-16T18:56:18
Dracaena surculosa,星点木,Dracaena surculosa,345934,species,4,Plantae,Plantae,Liliopsida,Asparagaceae,Dracaena,1926,iNaturalist,,2026-06-16T18:56:13
Dracontomelon duperreanum,人面子,Dracontomelon duperreanum,427555,species,3,Plantae,Plantae,Magnoliopsida,Anacardiaceae,Dracontomelon,131,iNaturalist,,2026-06-16T18:56:14
Drimiopsis maculata,阔叶油点百合,Drimiopsis maculata,343937,species,11,Plantae,Plantae,Liliopsida,Asparagaceae,Drimiopsis,1963,iNaturalist,,2026-06-16T18:56:15
Drosera spatulata,,,,,4,Plantae,Plantae,Magnoliopsida,Droseraceae,Drosera,,iNaturalist,HTTPError: HTTP Error 429: normal_throttling,2026-06-16T18:56:23
Dryadillo maculatus,,,,,9,Animalia,Animalia,Malacostraca,Armadillidae,Dryadillo,,iNaturalist,HTTPError: HTTP Error 429: normal_throttling,2026-06-16T18:56:24
Dryadomorpha pallida,叉茎叶蝉,Dryadomorpha pallida,1205801,species,1,Insecta,Animalia,Insecta,Cicadellidae,Dryadomorpha,145,iNaturalist,,2026-06-16T18:56:15
Drymaria cordata,荷莲豆草,Drymaria cordata,48556,species,8,Plantae,Plantae,Magnoliopsida,Caryophyllaceae,Drymaria,9290,iNaturalist,,2026-06-16T18:56:16
Dryopteris paleolata,鱼鳞鳞毛蕨,Dryopteris paleolata,778454,species,1,Plantae,Plantae,Polypodiopsida,Dryopteridaceae,Dryopteris,934,iNaturalist,,2026-06-16T18:56:17
Drypetes littoralis,,,,,1,Plantae,Plantae,Magnoliopsida,Putranjivaceae,Drypetes,,iNaturalist,HTTPError: HTTP Error 429: normal_throttling,2026-06-16T18:56:25
Ducetia japonica,,,,,2,Insecta,Animalia,Insecta,Tettigoniidae,Ducetia,,iNaturalist,HTTPError: HTTP Error 429: normal_throttling,2026-06-16T18:56:26
Dudleya josedelgadilloi,,Dudleya josedelgadilloi,1472009,species,1,Plantae,Plantae,Magnoliopsida,Crassulaceae,Dudleya,402,iNaturalist,,2026-06-16T18:56:17
Dudua aprobola,,,,,2,Insecta,Animalia,Insecta,Tortricidae,Dudua,,iNaturalist,HTTPError: HTTP Error 429: normal_throttling,2026-06-16T18:56:27
Duhaldea cappa,,,,,2,Plantae,Plantae,Magnoliopsida,Asteraceae,Duhaldea,,iNaturalist,HTTPError: HTTP Error 429: normal_throttling,2026-06-16T18:56:27
Dumasia villosa,柔毛山黑豆,Dumasia villosa,139174,species,1,Plantae,Plantae,Magnoliopsida,Fabaceae,Dumasia,964,iNaturalist,,2026-06-16T18:56:19
Duranta erecta,假连翘,Duranta erecta,162153,species,65,Plantae,Plantae,Magnoliopsida,Verbenaceae,Duranta,39429,iNaturalist,,2026-06-16T18:56:19
Duranta triacantha,,Duranta triacantha,864825,species,1,Plantae,Plantae,Magnoliopsida,Verbenaceae,Duranta,805,iNaturalist,,2026-06-16T18:56:20
Duttaphrynus melanostictus,黑眶蟾蜍,Duttaphrynus melanostictus,62345,species,260,Amphibia,Animalia,Amphibia,Bufonidae,Duttaphrynus,39666,iNaturalist,,2026-06-16T18:56:21
Dypsis lutescens,散尾葵,Chrysalidocarpus lutescens,276548,species,180,Plantae,Plantae,Liliopsida,Arecaceae,Dypsis,16446,iNaturalist,,2026-06-16T19:07:51
Dysdercus cingulatus,棉二点红蝽,Dysdercus cingulatus,335537,species,11,Insecta,Animalia,Insecta,Pyrrhocoridae,Dysdercus,4502,iNaturalist,,2026-06-16T18:56:22
Dysdercus decussatus,叉带棉红蝽,Dysdercus decussatus,324752,species,4,Insecta,Animalia,Insecta,Pyrrhocoridae,Dysdercus,1483,iNaturalist,,2026-06-16T18:56:22
Dysdercus poecilus,联斑棉红蝽,Dysdercus poecilus,346437,species,1,Insecta,Animalia,Insecta,Pyrrhocoridae,Dysdercus,925,iNaturalist,,2026-06-16T18:56:23
Dysgonia stuposa,石榴巾夜蛾,Dysgonia stuposa,321570,species,6,Insecta,Animalia,Insecta,Erebidae,Dysgonia,1620,iNaturalist,,2026-06-16T18:56:24
Dysphania ambrosioides,土荆芥,Dysphania ambrosioides,76746,species,6,Plantae,Plantae,Magnoliopsida,Amaranthaceae,Dysphania,13572,iNaturalist,,2026-06-16T18:56:29
Dysphania militaris,豹尺蛾,Dysphania militaris,153102,species,4,Insecta,Animalia,Insecta,Geometridae,Dysphania,4513,iNaturalist,,2026-06-16T18:56:24
Earliella scabrosa,,,,,3,Fungi,Fungi,Agaricomycetes,Polyporaceae,Earliella,,iNaturalist,HTTPError: HTTP Error 429: normal_throttling,2026-06-16T18:56:33
Ebrechtella tricuspidata,三突伊氏蛛,Ebrechtella tricuspidata,360081,species,1,Arachnida,Animalia,Arachnida,Thomisidae,Ebrechtella,9388,iNaturalist,,2026-06-16T18:56:25
Echeveria pulidonis,花月夜,Echeveria pulidonis,275983,species,10,Plantae,Plantae,Magnoliopsida,Crassulaceae,Echeveria,925,iNaturalist,,2026-06-16T18:56:26
Echeveria runyonii,,,,,2,Plantae,Plantae,Magnoliopsida,Crassulaceae,Echeveria,,iNaturalist,HTTPError: HTTP Error 429: normal_throttling,2026-06-16T18:56:34
Echinochloa colona,光头稗,Echinochloa colona,76755,species,1,Plantae,Plantae,Liliopsida,Poaceae,Echinochloa,6626,iNaturalist,,2026-06-16T18:56:26
Echinochloa crus-galli,,,,,1,Plantae,Plantae,Liliopsida,Poaceae,Echinochloa,,iNaturalist,HTTPError: HTTP Error 429: normal_throttling,2026-06-16T18:56:35
Echinodorus grandiflorus,大花象耳慈姑（阿根廷皇冠）,Echinodorus grandiflorus,206261,species,3,Plantae,Plantae,Liliopsida,Alismataceae,Echinodorus,842,iNaturalist,,2026-06-16T18:56:27
Echinolittorina malaccana,,,,,1,Mollusca,Animalia,Gastropoda,Littorinidae,Echinolittorina,,iNaturalist,HTTPError: HTTP Error 429: normal_throttling,2026-06-16T18:56:36
Echinopsis oxygona,,,,,1,Plantae,Plantae,Magnoliopsida,Cactaceae,Echinopsis,,iNaturalist,HTTPError: HTTP Error 429: normal_throttling,2026-06-16T18:56:36
Eclipta elliptica,,Eclipta elliptica,878631,species,1,Plantae,Plantae,Magnoliopsida,Asteraceae,Eclipta,193,iNaturalist,,2026-06-16T18:56:28
Eclipta prostrata,鳢肠,Eclipta prostrata,76765,species,9,Plantae,Plantae,Magnoliopsida,Asteraceae,Eclipta,22340,iNaturalist,,2026-06-16T18:56:28
Ectobius pallidus,,,,,1,Insecta,Animalia,Insecta,Ectobiidae,Ectobius,,iNaturalist,HTTPError: HTTP Error 429: normal_throttling,2026-06-16T18:56:38
Ectomocoris atrox,黑艾猎蝽,Ectomocoris atrox,471118,species,5,Insecta,Animalia,Insecta,Reduviidae,Ectomocoris,289,iNaturalist,,2026-06-16T18:56:30
Ectopsocopsis cryptomeriae,隱類外嚙蟲,Ectopsocopsis cryptomeriae,270670,species,3,Insecta,Animalia,Insecta,Ectopsocidae,Ectopsocopsis,413,iNaturalist,,2026-06-16T18:56:30
Ectropis bhurmitra,,,,,2,Insecta,Animalia,Insecta,Geometridae,Ectropis,,iNaturalist,HTTPError: HTTP Error 429: normal_throttling,2026-06-16T18:56:39
Ectrychotes andreae,黑光猎蝽,Ectrychotes andreae,334882,species,1,Insecta,Animalia,Insecta,Reduviidae,Ectrychotes,919,iNaturalist,,2026-06-16T18:56:31
Egretta garzetta,小白鹭,Egretta garzetta,4943,species,267,Aves,Animalia,Aves,Ardeidae,Egretta,124873,iNaturalist,,2026-06-16T18:56:32
Egretta sacra,岩鹭,Egretta sacra,4947,species,2,Aves,Animalia,Aves,Ardeidae,Egretta,10886,iNaturalist,,2026-06-16T18:56:32
Ehretia acuminata,厚壳树,Ehretia acuminata,535868,species,16,Plantae,Plantae,Magnoliopsida,Boraginaceae,Ehretia,2766,iNaturalist,,2026-06-16T18:56:33
Ehretia longiflora,,,,,2,Plantae,Plantae,Magnoliopsida,Boraginaceae,Ehretia,,iNaturalist,HTTPError: HTTP Error 429: normal_throttling,2026-06-16T18:56:42
Ehretia microphylla,基及树,Ehretia microphylla,357658,species,143,Plantae,Plantae,Magnoliopsida,Boraginaceae,Ehretia,5529,iNaturalist,,2026-06-16T18:56:34
Ehrharta erecta,皱稃草,Ehrharta erecta,64140,species,1,Plantae,Plantae,Liliopsida,Poaceae,Ehrharta,8150,iNaturalist,,2026-06-16T18:56:35
Elaeagnus pungens,,,,,1,Plantae,Plantae,Magnoliopsida,Elaeagnaceae,Elaeagnus,,iNaturalist,HTTPError: HTTP Error 429: normal_throttling,2026-06-16T18:56:44
Elaeis guineensis,油棕,Elaeis guineensis,132576,species,4,Plantae,Plantae,Liliopsida,Arecaceae,Elaeis,3385,iNaturalist,,2026-06-16T18:56:35
Elaeocarpus decipiens,杜英,Elaeocarpus decipiens,428622,species,23,Plantae,Plantae,Magnoliopsida,Elaeocarpaceae,Elaeocarpus,2940,iNaturalist,,2026-06-16T18:56:41
Elaeocarpus hainanensis,水石榕,Elaeocarpus hainanensis,359512,species,25,Plantae,Plantae,Magnoliopsida,Elaeocarpaceae,Elaeocarpus,1301,iNaturalist,,2026-06-16T18:56:36
Elaeocarpus sylvestris,,,,,1,Plantae,Plantae,Magnoliopsida,Elaeocarpaceae,Elaeocarpus,,iNaturalist,HTTPError: HTTP Error 429: normal_throttling,2026-06-16T18:56:45
Elanus caeruleus,黑翅鸢,Elanus caeruleus,5275,species,2,Aves,Animalia,Aves,Accipitridae,Elanus,16396,iNaturalist,,2026-06-16T18:56:37
Elaphe carinata,王锦蛇,Elaphe carinata,30217,species,1,Reptilia,Animalia,Reptilia,Colubridae,Elaphe,1150,iNaturalist,,2026-06-16T18:56:39
Elasmolomus squalidus,褐斑地长蝽,Elasmolomus squalidus,504760,species,3,Insecta,Animalia,Insecta,Rhyparochromidae,Elasmolomus,654,iNaturalist,,2026-06-16T18:56:37
Elasmostethus nubilus,钝肩直同蝽,Elasmostethus nubilus,551262,species,6,Insecta,Animalia,Insecta,Acanthosomatidae,Elasmostethus,1041,iNaturalist,,2026-06-16T18:56:38
Eleocharis dulcis,,,,,2,Plantae,Plantae,Liliopsida,Cyperaceae,Eleocharis,,iNaturalist,HTTPError: HTTP Error 429: normal_throttling,2026-06-16T18:56:47
Eleocharis geniculata,,,,,2,Plantae,Plantae,Liliopsida,Cyperaceae,Eleocharis,,iNaturalist,HTTPError: HTTP Error 429: normal_throttling,2026-06-16T18:56:47
Elephantopus scaber,地胆草,Elephantopus scaber,289582,species,16,Plantae,Plantae,Magnoliopsida,Asteraceae,Elephantopus,1368,iNaturalist,,2026-06-16T18:56:39
Eleusine indica,牛筋草,Eleusine indica,76790,species,80,Plantae,Plantae,Liliopsida,Poaceae,Eleusine,20265,iNaturalist,,2026-06-16T19:08:39
Eleusine tristachya,,Eleusine tristachya,76791,species,1,Plantae,Plantae,Liliopsida,Poaceae,Eleusine,1065,iNaturalist,,2026-06-16T18:56:40
Eleutherococcus trifoliatus,,,,,1,Plantae,Plantae,Magnoliopsida,Araliaceae,Eleutherococcus,,iNaturalist,HTTPError: HTTP Error 429: normal_throttling,2026-06-16T18:56:49
Eleutherodactylus planirostris,温室蟾,Eleutherodactylus planirostris,22631,species,37,Amphibia,Animalia,Amphibia,Eleutherodactylidae,Eleutherodactylus,11615,iNaturalist,,2026-06-16T18:56:41
Elymnias hypermnestra,翠袖锯眼蝶,Elymnias hypermnestra,51784,species,5,Insecta,Animalia,Insecta,Nymphalidae,Elymnias,16156,iNaturalist,,2026-06-16T18:56:42
Elysia hirasei,平濑海天牛,Elysia hirasei,506226,species,1,Mollusca,Animalia,Gastropoda,Plakobranchidae,Elysia,280,iNaturalist,,2026-06-16T18:56:43
Embelia laeta,,,,,36,Plantae,Plantae,Magnoliopsida,Primulaceae,Embelia,,iNaturalist,HTTPError: HTTP Error 429: normal_throttling,2026-06-16T18:56:51
Embelia ribes,白花酸藤果,Embelia ribes,427582,species,3,Plantae,Plantae,Magnoliopsida,Primulaceae,Embelia,411,iNaturalist,,2026-06-16T18:56:43
Emberiza aureola,黄胸鹀,Emberiza aureola,9212,species,1,Aves,Animalia,Aves,Emberizidae,Emberiza,2096,iNaturalist,,2026-06-16T18:56:44
Emertonella funebris,,Dipoenoides funebris,1683706,species,1,Arachnida,Animalia,Arachnida,Theridiidae,Emertonella,950,iNaturalist,,2026-06-16T18:56:46
Emertonella taczanowskii,塔氏埃蛛,Dipoenoides taczanowskii,1683736,species,1,Arachnida,Animalia,Arachnida,Theridiidae,Emertonella,221,iNaturalist,,2026-06-16T18:56:45
Emilia fosbergii,缨荣花,Emilia fosbergii,129103,species,3,Plantae,Plantae,Magnoliopsida,Asteraceae,Emilia,10987,iNaturalist,,2026-06-16T18:56:46
Emilia javanica,紫背草,Emilia javanica,1394663,species,58,Plantae,Plantae,Magnoliopsida,Asteraceae,Emilia,5545,iNaturalist,,2026-06-16T19:09:08
Emilia praetermissa,,,,,25,Plantae,Plantae,Magnoliopsida,Asteraceae,Emilia,,iNaturalist,HTTPError: HTTP Error 429: normal_throttling,2026-06-16T18:56:55
Emilia sonchifolia,一点红,Emilia sonchifolia,121287,species,245,Plantae,Plantae,Magnoliopsida,Asteraceae,Emilia,13041,iNaturalist,,2026-06-16T18:56:47
Endotricha mesenterialis,黄带歧角螟,Endotricha mesenterialis,243791,species,3,Insecta,Animalia,Insecta,Pyralidae,Endotricha,4950,iNaturalist,,2026-06-16T18:56:48
Endotricha olivacealis,榄绿歧角螟,Endotricha olivacealis,362813,species,3,Insecta,Animalia,Insecta,Pyralidae,Endotricha,1289,iNaturalist,,2026-06-16T18:56:50
Engelhardia roxburghiana,,,,,5,Plantae,Plantae,Magnoliopsida,Juglandaceae,Engelhardia,,iNaturalist,HTTPError: HTTP Error 429: normal_throttling,2026-06-16T18:56:56
Enkianthus quinqueflorus,吊钟花,Enkianthus quinqueflorus,425427,species,7,Plantae,Plantae,Magnoliopsida,Ericaceae,Enkianthus,891,iNaturalist,,2026-06-16T18:56:48
Entada rheedei,眼镜豆,Entada rheedei,584501,species,1,Plantae,Plantae,Magnoliopsida,Fabaceae,Entada,897,iNaturalist,,2026-06-16T18:56:49
Enterolobium cyclocarpum,象耳豆,Enterolobium cyclocarpum,52440,species,1,Plantae,Plantae,Magnoliopsida,Fabaceae,Enterolobium,5927,iNaturalist,,2026-06-16T18:56:51
Entomobrya intermedia,,Entomobrya intermedia,219209,species,1,Animalia,Animalia,Entognatha,Entomobryidae,Entomobrya,2042,iNaturalist,,2026-06-16T18:56:51
Entomobrya multifasciata,,,,,1,Animalia,Animalia,Entognatha,Entomobryidae,Entomobrya,,iNaturalist,HTTPError: HTTP Error 429: normal_throttling,2026-06-16T18:56:59
Entoria victoria,长肛竹节虫,Entoria victoria,363407,species,1,Insecta,Animalia,Insecta,Phasmatidae,Entoria,163,iNaturalist,,2026-06-16T18:56:50
Epinephelus coioides,点带石斑鱼,Epinephelus coioides,100089,species,2,Actinopterygii,Animalia,Actinopterygii,Epinephelidae,Epinephelus,1093,iNaturalist,,2026-06-16T18:56:53
Epinephelus malabaricus,玛拉巴石斑鱼,Epinephelus malabaricus,100118,species,1,Actinopterygii,Animalia,Actinopterygii,Epinephelidae,Epinephelus,569,iNaturalist,,2026-06-16T18:56:53
Epinephelus quoyanus,,,,,1,Actinopterygii,Animalia,Actinopterygii,Epinephelidae,Epinephelus,,iNaturalist,HTTPError: HTTP Error 429: normal_throttling,2026-06-16T18:57:01
Epiphyllum oxypetalum,昙花,Epiphyllum oxypetalum,85410,species,2,Plantae,Plantae,Magnoliopsida,Cactaceae,Epiphyllum,3675,iNaturalist,,2026-06-16T18:56:52
Epipremnum aureum,绿萝,Epipremnum aureum,69223,species,64,Plantae,Plantae,Liliopsida,Araceae,Epipremnum,37266,iNaturalist,,2026-06-16T18:56:55
Epipremnum pinnatum,麒麟叶,Epipremnum pinnatum,124423,species,2,Plantae,Plantae,Liliopsida,Araceae,Epipremnum,5913,iNaturalist,,2026-06-16T18:56:55
Episomus chinensis,中国癞象,Episomus chinensis,336002,species,1,Insecta,Animalia,Insecta,Curculionidae,Episomus,691,iNaturalist,,2026-06-16T18:56:54
Episyrphus viridaureus,绿色黑带蚜蝇,Episyrphus viridaureus,363758,species,5,Insecta,Animalia,Insecta,Syrphidae,Episyrphus,2069,iNaturalist,,2026-06-16T18:56:57
Epobeidia tigrata,大斑豹纹尺蛾,Epobeidia tigrata,906508,species,111,Insecta,Animalia,Insecta,Geometridae,Epobeidia,2536,iNaturalist,,2026-06-16T19:08:20
Epocilla calcarata,,,,,2,Arachnida,Animalia,Arachnida,Salticidae,Epocilla,,iNaturalist,HTTPError: HTTP Error 429: normal_throttling,2026-06-16T18:57:04
Epophthalmia elegans,闪蓝丽大伪蜻,Epophthalmia elegans,100224,species,1,Insecta,Animalia,Insecta,Macromiidae,Epophthalmia,752,iNaturalist,,2026-06-16T18:56:57
Equisetum hyemale,木贼,Equisetum hyemale,52673,species,2,Plantae,Plantae,Polypodiopsida,Equisetaceae,Equisetum,47092,iNaturalist,,2026-06-16T18:56:56
Equisetum ramosissimum,分支木贼,Equisetum ramosissimum,162372,species,5,Plantae,Plantae,Polypodiopsida,Equisetaceae,Equisetum,8119,iNaturalist,,2026-06-16T18:56:59
Eragrostis cilianensis,,,,,1,Plantae,Plantae,Liliopsida,Poaceae,Eragrostis,,iNaturalist,HTTPError: HTTP Error 429: normal_throttling,2026-06-16T18:57:06
Eragrostis minor,小画眉草,Eragrostis minor,76855,species,6,Plantae,Plantae,Liliopsida,Poaceae,Eragrostis,4761,iNaturalist,,2026-06-16T18:56:59
Eragrostis pilosa,画眉草,Eragrostis pilosa,76857,species,2,Plantae,Plantae,Liliopsida,Poaceae,Eragrostis,1342,iNaturalist,,2026-06-16T18:56:58
Eragrostis tenella,鲫鱼草,Eragrostis tenella,162414,species,93,Plantae,Plantae,Liliopsida,Poaceae,Eragrostis,6449,iNaturalist,,2026-06-16T18:57:01
Eragrostis unioloides,,,,,4,Plantae,Plantae,Liliopsida,Poaceae,Eragrostis,,iNaturalist,HTTPError: HTTP Error 429: normal_throttling,2026-06-16T18:57:08
Eranthemum pulchellum,喜花草,Eranthemum pulchellum,162418,species,74,Plantae,Plantae,Magnoliopsida,Acanthaceae,Eranthemum,2112,iNaturalist,,2026-06-16T19:08:46
Eranthemum roseum,玫瑰喜花草,Eranthemum roseum,602296,species,1,Plantae,Plantae,Magnoliopsida,Acanthaceae,Eranthemum,333,iNaturalist,,2026-06-16T18:57:00
Erechthias zebrina,,Erechthias zebrina,425099,species,3,Insecta,Animalia,Insecta,Tineidae,Erechthias,414,iNaturalist,,2026-06-16T18:57:03
Erechtites valerianifolius,败酱叶菊芹,Erechtites valerianifolius,427608,species,1,Plantae,Plantae,Magnoliopsida,Asteraceae,Erechtites,3398,iNaturalist,,2026-06-16T18:57:01
Eremochloa ophiuroides,假俭草,Eremochloa ophiuroides,162425,species,5,Plantae,Plantae,Liliopsida,Poaceae,Eremochloa,1128,iNaturalist,,2026-06-16T18:57:03
Eriachne pallescens,鹧鸪草,Eriachne pallescens,369631,species,1,Plantae,Plantae,Liliopsida,Poaceae,Eriachne,209,iNaturalist,,2026-06-16T18:57:02
Ericeia inangulata,中南夜蛾,Ericeia inangulata,243788,species,3,Insecta,Animalia,Insecta,Erebidae,Ericeia,1569,iNaturalist,,2026-06-16T18:57:05
Erigeron bellioides,,,,,4,Plantae,Plantae,Magnoliopsida,Asteraceae,Erigeron,,iNaturalist,HTTPError: HTTP Error 429: normal_throttling,2026-06-16T18:57:12
Erigeron bonariensis,香丝草,Erigeron bonariensis,76904,species,4,Plantae,Plantae,Magnoliopsida,Asteraceae,Erigeron,25398,iNaturalist,,2026-06-16T18:57:04
Erigeron canadensis,小蓬草,Erigeron canadensis,76907,species,8,Plantae,Plantae,Magnoliopsida,Asteraceae,Erigeron,119476,iNaturalist,,2026-06-16T18:57:09
Erigeron sumatrensis,,,,,16,Plantae,Plantae,Magnoliopsida,Asteraceae,Erigeron,,iNaturalist,HTTPError: HTTP Error 429: normal_throttling,2026-06-16T18:57:13
Eriobotrya japonica,枇杷,Eriobotrya japonica,76949,species,16,Plantae,Plantae,Magnoliopsida,Rosaceae,Eriobotrya,32185,iNaturalist,,2026-06-16T18:57:07
Eriocapitella hupehensis,打破碗花花,Eriocapitella hupehensis,950312,species,1,Plantae,Plantae,Magnoliopsida,Ranunculaceae,Eriocapitella,9149,iNaturalist,,2026-06-16T18:57:05
Eriocaulon sexangulare,华南谷精草,Eriocaulon sexangulare,602989,species,6,Plantae,Plantae,Liliopsida,Eriocaulaceae,Eriocaulon,649,iNaturalist,,2026-06-16T18:57:06
Eriocaulon truncatum,,,,,1,Plantae,Plantae,Liliopsida,Eriocaulaceae,Eriocaulon,,iNaturalist,HTTPError: HTTP Error 429: normal_throttling,2026-06-16T18:57:15
Eriocheir hepuensis,,,,,1,Animalia,Animalia,Malacostraca,Varunidae,Eriocheir,,iNaturalist,HTTPError: HTTP Error 429: normal_throttling,2026-06-16T18:57:15
Eriochloa procera,高野黍,Eriochloa procera,369729,species,1,Plantae,Plantae,Liliopsida,Poaceae,Eriochloa,645,iNaturalist,,2026-06-16T18:57:07
Eriogonum multiflorum,,Eriogonum multiflorum,162637,species,1,Plantae,Plantae,Magnoliopsida,Polygonaceae,Eriogonum,943,iNaturalist,,2026-06-16T18:57:08
Eriophyes inermae,,,,,1,Arachnida,Animalia,Arachnida,Eriophyidae,Eriophyes,,iNaturalist,HTTPError: HTTP Error 429: normal_throttling,2026-06-16T18:57:17
Eriovixia excelsa,高大毛园蛛,Eriovixia excelsa,446667,species,5,Arachnida,Animalia,Arachnida,Araneidae,Eriovixia,1840,iNaturalist,,2026-06-16T18:57:09
Eriovixia laglaizei,,,,,4,Arachnida,Animalia,Arachnida,Araneidae,Eriovixia,,iNaturalist,HTTPError: HTTP Error 429: normal_throttling,2026-06-16T18:57:17
Eristalinus arvorum,,,,,1,Insecta,Animalia,Insecta,Syrphidae,Eristalinus,,iNaturalist,HTTPError: HTTP Error 429: normal_throttling,2026-06-16T18:57:18
Ernolatia moorei,黑点白蚕蛾,Ernolatia moorei,211004,species,2,Insecta,Animalia,Insecta,Bombycidae,Ernolatia,1565,iNaturalist,,2026-06-16T18:57:10
Erthesina fullo,麻皮蝽,Erthesina fullo,359008,species,12,Insecta,Animalia,Insecta,Pentatomidae,Erthesina,12091,iNaturalist,,2026-06-16T18:57:11
Erygia apicalis,厚夜蛾,Erygia apicalis,244670,species,1,Insecta,Animalia,Insecta,Erebidae,Erygia,756,iNaturalist,,2026-06-16T18:57:11
Eryngium foetidum,越南香菜,Eryngium foetidum,162702,species,5,Plantae,Plantae,Magnoliopsida,Apiaceae,Eryngium,5372,iNaturalist,,2026-06-16T18:57:12
Erythrina crista-galli,,,,,4,Plantae,Plantae,Magnoliopsida,Fabaceae,Erythrina,,iNaturalist,HTTPError: HTTP Error 429: normal_throttling,2026-06-16T18:57:21
Erythrina speciosa,象牙花,Erythrina speciosa,427620,species,5,Plantae,Plantae,Magnoliopsida,Fabaceae,Erythrina,1640,iNaturalist,,2026-06-16T18:57:13
Erythrina variegata,刺桐,Erythrina variegata,139168,species,9,Plantae,Plantae,Magnoliopsida,Fabaceae,Erythrina,3066,iNaturalist,,2026-06-16T18:57:13
Erythroxylum coca,,,,,2,Plantae,Plantae,Magnoliopsida,Erythroxylaceae,Erythroxylum,,iNaturalist,HTTPError: HTTP Error 429: normal_throttling,2026-06-16T18:57:22
Escallonia rubra,粉红南鼠刺,Escallonia rubra,162726,species,1,Plantae,Plantae,Magnoliopsida,Escalloniaceae,Escallonia,6412,iNaturalist,,2026-06-16T18:57:14
Etanna breviuscula,侏异皮夜蛾,Etanna breviuscula,199530,species,3,Insecta,Animalia,Insecta,Nolidae,Etanna,1117,iNaturalist,,2026-06-16T18:57:15
Etlingera elatior,瓷玫瑰（火炬姜）,Etlingera elatior,126577,species,1,Plantae,Plantae,Liliopsida,Zingiberaceae,Etlingera,9297,iNaturalist,,2026-06-16T18:57:16
Eublepharis macularius,,,,,1,Reptilia,Animalia,Reptilia,Eublepharidae,Eublepharis,,iNaturalist,HTTPError: HTTP Error 429: normal_throttling,2026-06-16T18:57:24
Eucalyptus camaldulensis,,,,,1,Plantae,Plantae,Magnoliopsida,Myrtaceae,Eucalyptus,,iNaturalist,HTTPError: HTTP Error 429: normal_throttling,2026-06-16T18:57:24
Eucalyptus microcorys,小帽桉,Eucalyptus microcorys,162756,species,1,Plantae,Plantae,Magnoliopsida,Myrtaceae,Eucalyptus,1636,iNaturalist,,2026-06-16T18:57:16
Eucalyptus robusta,大叶桉,Eucalyptus robusta,162761,species,3,Plantae,Plantae,Magnoliopsida,Myrtaceae,Eucalyptus,3033,iNaturalist,,2026-06-16T18:57:17
Eucladium verticillatum,艳枝藓,Eucladium verticillatum,162770,species,2,Plantae,Plantae,Bryopsida,Pottiaceae,Eucladium,1516,iNaturalist,,2026-06-16T18:57:18
Euconocephalus nasutus,,,,,1,Insecta,Animalia,Insecta,Tettigoniidae,Euconocephalus,,iNaturalist,HTTPError: HTTP Error 429: normal_throttling,2026-06-16T18:57:26
Eucorynus crassicornis,,,,,6,Insecta,Animalia,Insecta,Anthribidae,Eucorynus,,iNaturalist,HTTPError: HTTP Error 429: normal_throttling,2026-06-16T18:57:26
Eucyclodes infracta,弯彩青尺蛾,Eucyclodes infracta,244843,species,1,Insecta,Animalia,Insecta,Geometridae,Eucyclodes,104,iNaturalist,,2026-06-16T18:57:18
Eudocima homaena,镶艳叶夜蛾,Eudocima homaena,51994,species,1,Insecta,Animalia,Insecta,Erebidae,Eudocima,1456,iNaturalist,,2026-06-16T18:57:20
Eudocima phalonia,落叶夜蛾,Eudocima phalonia,211068,species,6,Insecta,Animalia,Insecta,Erebidae,Eudocima,4231,iNaturalist,,2026-06-16T18:57:19
Eudocima salaminia,艳叶夜蛾,Eudocima salaminia,311408,species,2,Insecta,Animalia,Insecta,Erebidae,Eudocima,1682,iNaturalist,,2026-06-16T18:57:20
Eudocima tyrannus,枯艳叶夜蛾,Eudocima tyrannus,124566,species,1,Insecta,Animalia,Insecta,Erebidae,Eudocima,710,iNaturalist,,2026-06-16T18:57:22
Eudocimus ruber,美洲红鹮,Eudocimus ruber,3750,species,2,Aves,Animalia,Aves,Threskiornithidae,Eudocimus,3944,iNaturalist,,2026-06-16T18:57:21
Eudynamys scolopaceus,噪鹃,Eudynamys scolopaceus,204510,species,23,Aves,Animalia,Aves,Cuculidae,Eudynamys,15219,iNaturalist,,2026-06-16T18:57:22
Eugenia brasiliensis,巴西番櫻桃,Eugenia brasiliensis,194547,species,1,Plantae,Plantae,Magnoliopsida,Myrtaceae,Eugenia,723,iNaturalist,,2026-06-16T18:57:24
Eugenia uniflora,毕当茄,Eugenia uniflora,83642,species,30,Plantae,Plantae,Magnoliopsida,Myrtaceae,Eugenia,9567,iNaturalist,,2026-06-16T18:57:24
Eugnathia lunifera,月蝠夜蛾,Eugnathia lunifera,1518974,species,1,Insecta,Animalia,Insecta,Erebidae,Eugnathia,213,iNaturalist,,2026-06-16T18:57:23
Eulophia picta,地宝兰,Eulophia picta,1598926,species,1,Plantae,Plantae,Liliopsida,Orchidaceae,Eulophia,2280,iNaturalist,,2026-06-16T18:57:28
Eumenes punctatus,孔蜾蠃,Eumenes punctatus,564985,species,1,Insecta,Animalia,Insecta,Vespidae,Eumenes,282,iNaturalist,,2026-06-16T18:57:26
Eumeta variegata,大袋蛾,Eumeta variegata,324309,species,2,Insecta,Animalia,Insecta,Psychidae,Eumeta,2648,iNaturalist,,2026-06-16T18:57:26
Euonymus fortunei,扶芳藤,Euonymus fortunei,130893,species,2,Plantae,Plantae,Magnoliopsida,Celastraceae,Euonymus,41014,iNaturalist,,2026-06-16T18:57:25
Euonymus japonicus,,,,,7,Plantae,Plantae,Magnoliopsida,Celastraceae,Euonymus,,iNaturalist,HTTPError: HTTP Error 429: normal_throttling,2026-06-16T18:57:34
Euonymus nitidus,中华卫矛,Euonymus nitidus,707236,species,20,Plantae,Plantae,Magnoliopsida,Celastraceae,Euonymus,244,iNaturalist,,2026-06-16T18:57:30
Euonymus tashiroi,菱叶卫矛,Euonymus tashiroi,736438,species,1,Plantae,Plantae,Magnoliopsida,Celastraceae,Euonymus,138,iNaturalist,,2026-06-16T18:57:28
Euophrys rufibarbis,,,,,1,Arachnida,Animalia,Arachnida,Salticidae,Euophrys,,iNaturalist,HTTPError: HTTP Error 429: normal_throttling,2026-06-16T18:57:35
Eupatorium capillifolium,假蒿,Eupatorium capillifolium,131154,species,13,Plantae,Plantae,Magnoliopsida,Asteraceae,Eupatorium,29537,iNaturalist,,2026-06-16T18:57:27
Euphorbia angulata,,Euphorbia angulata,546074,species,1,Plantae,Plantae,Magnoliopsida,Euphorbiaceae,Euphorbia,366,iNaturalist,,2026-06-16T18:57:29
Euphorbia antiquorum,霸王鞭,Euphorbia antiquorum,427631,species,5,Plantae,Plantae,Magnoliopsida,Euphorbiaceae,Euphorbia,1056,iNaturalist,,2026-06-16T18:57:32
Euphorbia cotinifolia,紫锦木,Euphorbia cotinifolia,275340,species,16,Plantae,Plantae,Magnoliopsida,Euphorbiaceae,Euphorbia,3826,iNaturalist,,2026-06-16T18:57:29
Euphorbia graminea,,,,,2,Plantae,Plantae,Magnoliopsida,Euphorbiaceae,Euphorbia,,iNaturalist,HTTPError: HTTP Error 429: normal_throttling,2026-06-16T18:57:37
Euphorbia hirta,飞扬草,Euphorbia hirta,131560,species,75,Plantae,Plantae,Magnoliopsida,Euphorbiaceae,Euphorbia,27109,iNaturalist,,2026-06-16T18:57:31
Euphorbia hyssopifolia,紫斑大戟,Euphorbia hyssopifolia,131561,species,3,Plantae,Plantae,Magnoliopsida,Euphorbiaceae,Euphorbia,6692,iNaturalist,,2026-06-16T18:57:31
Euphorbia lactea,,,,,3,Plantae,Plantae,Magnoliopsida,Euphorbiaceae,Euphorbia,,iNaturalist,HTTPError: HTTP Error 429: normal_throttling,2026-06-16T18:57:39
Euphorbia leucocephala,,,,,1,Plantae,Plantae,Magnoliopsida,Euphorbiaceae,Euphorbia,,iNaturalist,HTTPError: HTTP Error 429: normal_throttling,2026-06-16T18:57:39
Euphorbia maculata,,,,,4,Plantae,Plantae,Magnoliopsida,Euphorbiaceae,Euphorbia,,iNaturalist,HTTPError: HTTP Error 429: normal_throttling,2026-06-16T18:57:40
Euphorbia makinoi,,,,,3,Plantae,Plantae,Magnoliopsida,Euphorbiaceae,Euphorbia,,iNaturalist,HTTPError: HTTP Error 429: normal_throttling,2026-06-16T18:57:41
Euphorbia milii,虎刺梅,Euphorbia milii,162839,species,42,Plantae,Plantae,Magnoliopsida,Euphorbiaceae,Euphorbia,43057,iNaturalist,,2026-06-16T18:57:33
Euphorbia neriifolia,霸王鞭,Euphorbia neriifolia,337710,species,7,Plantae,Plantae,Magnoliopsida,Euphorbiaceae,Euphorbia,1533,iNaturalist,,2026-06-16T18:57:33
Euphorbia ophthalmica,佛羅里達地錦草,Euphorbia ophthalmica,131563,species,1,Plantae,Plantae,Magnoliopsida,Euphorbiaceae,Euphorbia,4208,iNaturalist,,2026-06-16T18:57:34
Euphorbia prostrata,,,,,28,Plantae,Plantae,Magnoliopsida,Euphorbiaceae,Euphorbia,,iNaturalist,HTTPError: HTTP Error 429: normal_throttling,2026-06-16T18:57:43
Euphorbia pulcherrima,一品红,Euphorbia pulcherrima,162845,species,12,Plantae,Plantae,Magnoliopsida,Euphorbiaceae,Euphorbia,20818,iNaturalist,,2026-06-16T18:57:35
Euphorbia serpens,匍根大戟,Euphorbia serpens,200054,species,2,Plantae,Plantae,Magnoliopsida,Euphorbiaceae,Euphorbia,9363,iNaturalist,,2026-06-16T18:57:40
Euphorbia spinosa,,Euphorbia spinosa,340032,species,1,Plantae,Plantae,Magnoliopsida,Euphorbiaceae,Euphorbia,1763,iNaturalist,,2026-06-16T18:57:36
Euphorbia thymifolia,千根草,Euphorbia thymifolia,200055,species,40,Plantae,Plantae,Magnoliopsida,Euphorbiaceae,Euphorbia,4461,iNaturalist,,2026-06-16T18:57:36
Euphorbia tirucalli,光棍树,Euphorbia tirucalli,162855,species,4,Plantae,Plantae,Magnoliopsida,Euphorbiaceae,Euphorbia,12572,iNaturalist,,2026-06-16T18:57:37
Euphorbia tithymaloides,红雀珊瑚,Euphorbia tithymaloides,273713,species,15,Plantae,Plantae,Magnoliopsida,Euphorbiaceae,Euphorbia,9444,iNaturalist,,2026-06-16T18:57:42
Euphorbia trigona,彩云阁,Euphorbia trigona,322318,species,7,Plantae,Plantae,Magnoliopsida,Euphorbiaceae,Euphorbia,5987,iNaturalist,,2026-06-16T18:57:38
Euphrasia officinalis,,Euphrasia officinalis,866675,species,1,Plantae,Plantae,Magnoliopsida,Orobanchaceae,Euphrasia,4245,iNaturalist,,2026-06-16T18:57:38
Euplica scripta,花麦螺,Euplica scripta,504328,species,1,Mollusca,Animalia,Gastropoda,Columbellidae,Euplica,553,iNaturalist,,2026-06-16T18:57:39
Euploea core,,,,,1,Insecta,Animalia,Insecta,Nymphalidae,Euploea,,iNaturalist,HTTPError: HTTP Error 429: normal_throttling,2026-06-16T18:57:48
Euploea midamus,蓝点紫斑蝶,Euploea midamus,324444,species,10,Insecta,Animalia,Insecta,Nymphalidae,Euploea,5568,iNaturalist,,2026-06-16T18:57:40
Eurema blanda,,,,,7,Insecta,Animalia,Insecta,Pieridae,Eurema,,iNaturalist,HTTPError: HTTP Error 429: normal_throttling,2026-06-16T18:57:48
Eurema hecabe,,,,,11,Insecta,Animalia,Insecta,Pieridae,Eurema,,iNaturalist,HTTPError: HTTP Error 429: normal_throttling,2026-06-16T18:57:49
Euroxenus vayssieresi,,,,,1,Insecta,Animalia,Insecta,Issidae,Euroxenus,,iNaturalist,HTTPError: HTTP Error 429: normal_throttling,2026-06-16T18:57:49
Eurya chinensis,米碎花,Eurya chinensis,1040318,species,11,Plantae,Plantae,Magnoliopsida,Pentaphylacaceae,Eurya,1595,iNaturalist,,2026-06-16T18:57:41
Eurya crenatifolia,,,,,1,Plantae,Plantae,Magnoliopsida,Pentaphylacaceae,Eurya,,iNaturalist,HTTPError: HTTP Error 429: normal_throttling,2026-06-16T18:57:50
Eurya japonica,柃木,Eurya japonica,429261,species,5,Plantae,Plantae,Magnoliopsida,Pentaphylacaceae,Eurya,1365,iNaturalist,,2026-06-16T18:57:42
Eurya nitida,,,,,37,Plantae,Plantae,Magnoliopsida,Pentaphylacaceae,Eurya,,iNaturalist,HTTPError: HTTP Error 429: normal_throttling,2026-06-16T18:57:51
Euryopis episinoides,类鳞宽胸蛛,Dipoenoides episinoides,1683737,species,2,Arachnida,Animalia,Arachnida,Theridiidae,Euryopis,1597,iNaturalist,,2026-06-16T18:57:43
Eurystomus orientalis,,,,,5,Aves,Animalia,Aves,Coraciidae,Eurystomus,,iNaturalist,HTTPError: HTTP Error 429: normal_throttling,2026-06-16T18:57:52
Euterpe oleracea,阿萨伊,Euterpe oleracea,365244,species,1,Plantae,Plantae,Liliopsida,Arecaceae,Euterpe,1102,iNaturalist,,2026-06-16T18:57:44
Euthalia phemius,尖翅翠蛱蝶,Euthalia phemius,180789,species,2,Insecta,Animalia,Insecta,Nymphalidae,Euthalia,2268,iNaturalist,,2026-06-16T18:57:44
Evania appendigaster,蜚蠊瘦蜂,Evania appendigaster,264674,species,6,Insecta,Animalia,Insecta,Evaniidae,Evania,15324,iNaturalist,,2026-06-16T18:57:45
Evolvulus glomeratus,蓝星花,Evolvulus glomeratus,83424,species,9,Plantae,Plantae,Magnoliopsida,Convolvulaceae,Evolvulus,3116,iNaturalist,,2026-06-16T18:57:46
Evolvulus nummularius,云南土丁桂,Evolvulus nummularius,83417,species,1,Plantae,Plantae,Magnoliopsida,Convolvulaceae,Evolvulus,3770,iNaturalist,,2026-06-16T18:57:47
Excoecaria agallocha,海漆,Excoecaria agallocha,192360,species,16,Plantae,Plantae,Magnoliopsida,Euphorbiaceae,Excoecaria,3117,iNaturalist,,2026-06-16T18:57:47
Excoecaria cochinchinensis,红背桂,Excoecaria cochinchinensis,345551,species,108,Plantae,Plantae,Magnoliopsida,Euphorbiaceae,Excoecaria,3394,iNaturalist,,2026-06-16T18:57:48
Exolontha serrulata,大等鳃金龟,Exolontha serrulata,425383,species,9,Insecta,Animalia,Insecta,Scarabaeidae,Exolontha,523,iNaturalist,,2026-06-16T18:57:49
Fagraea ceilanica,灰莉,Fagraea ceilanica,425611,species,88,Plantae,Plantae,Magnoliopsida,Gentianaceae,Fagraea,1013,iNaturalist,,2026-06-16T18:57:50
Falcataria falcata,南洋楹,Falcataria falcata,1230463,species,7,Plantae,Plantae,Magnoliopsida,Fabaceae,Falcataria,1587,iNaturalist,,2026-06-16T18:57:49
Famakytta miniacea,赤腹寄居姬蛛,Famakytta miniacea,1654164,species,2,Arachnida,Animalia,Arachnida,Theridiidae,Famakytta,726,iNaturalist,,2026-06-16T18:57:51
Fannia canicularis,,,,,3,Insecta,Animalia,Insecta,Fanniidae,Fannia,,iNaturalist,HTTPError: HTTP Error 429: normal_throttling,2026-06-16T18:57:58
Fatoua villosa,水蛇麻,Fatoua villosa,51636,species,21,Plantae,Plantae,Magnoliopsida,Moraceae,Fatoua,10263,iNaturalist,,2026-06-16T18:57:50
Fatsia japonica,八角金盘,Fatsia japonica,126735,species,13,Plantae,Plantae,Magnoliopsida,Araliaceae,Fatsia,11313,iNaturalist,,2026-06-16T18:57:52
Faunis eumeus,串珠环蝶,Faunis eumeus,133444,species,5,Insecta,Animalia,Insecta,Nymphalidae,Faunis,3084,iNaturalist,,2026-06-16T18:57:52
Fejervarya limnocharis,,,,,1,Amphibia,Animalia,Amphibia,Dicroglossidae,Fejervarya,,iNaturalist,HTTPError: HTTP Error 429: normal_throttling,2026-06-16T18:57:59
Fejervarya multistriata,,,,,1,Amphibia,Animalia,Amphibia,Dicroglossidae,Fejervarya,,iNaturalist,HTTPError: HTTP Error 429: normal_throttling,2026-06-16T18:58:00
Felis catus,,,,,8,Mammalia,Animalia,Mammalia,Felidae,Felis,,iNaturalist,HTTPError: HTTP Error 429: normal_throttling,2026-06-16T18:58:00
Ficedula zanthopygia,白眉姬鹟,Ficedula zanthopygia,13124,species,1,Aves,Animalia,Aves,Muscicapidae,Ficedula,2145,iNaturalist,,2026-06-16T18:57:54
Ficinia truncata,,,,,2,Plantae,Plantae,Liliopsida,Cyperaceae,Ficinia,,iNaturalist,HTTPError: HTTP Error 429: normal_throttling,2026-06-16T18:58:01
Ficus abelii,,,,,1,Plantae,Plantae,Magnoliopsida,Moraceae,Ficus,,iNaturalist,HTTPError: HTTP Error 429: normal_throttling,2026-06-16T18:58:01
Ficus altissima,高山榕,Ficus altissima,162968,species,90,Plantae,Plantae,Magnoliopsida,Moraceae,Ficus,1607,iNaturalist,,2026-06-16T18:57:53
Ficus americana,,,,,1,Plantae,Plantae,Magnoliopsida,Moraceae,Ficus,,iNaturalist,HTTPError: HTTP Error 429: normal_throttling,2026-06-16T18:58:02
Ficus auriculata,大果榕,Ficus auriculata,361868,species,5,Plantae,Plantae,Magnoliopsida,Moraceae,Ficus,2527,iNaturalist,,2026-06-16T18:57:54
Ficus benghalensis,孟加拉榕,Ficus benghalensis,54880,species,16,Plantae,Plantae,Magnoliopsida,Moraceae,Ficus,10353,iNaturalist,,2026-06-16T18:57:55
Ficus benguetensis,黄果榕,Ficus benguetensis,1039500,species,2,Plantae,Plantae,Magnoliopsida,Moraceae,Ficus,3193,iNaturalist,,2026-06-16T18:57:56
Ficus benjamina,垂叶榕,Ficus benjamina,50996,species,93,Plantae,Plantae,Magnoliopsida,Moraceae,Ficus,22761,iNaturalist,,2026-06-16T18:57:56
Ficus binnendykii,长叶榕,Ficus binnendykii,596570,species,4,Plantae,Plantae,Magnoliopsida,Moraceae,Ficus,63,iNaturalist,,2026-06-16T18:57:57
Ficus carica,无花果,Ficus carica,60218,species,1,Plantae,Plantae,Magnoliopsida,Moraceae,Ficus,50667,iNaturalist,,2026-06-16T18:57:58
Ficus caulocarpa,大叶赤榕,Ficus caulocarpa,425613,species,7,Plantae,Plantae,Magnoliopsida,Moraceae,Ficus,983,iNaturalist,,2026-06-16T18:57:59
Ficus deltoidea,,,,,6,Plantae,Plantae,Magnoliopsida,Moraceae,Ficus,,iNaturalist,HTTPError: HTTP Error 429: normal_throttling,2026-06-16T18:58:07
Ficus drupacea,枕果榕,Ficus drupacea,460461,species,1,Plantae,Plantae,Magnoliopsida,Moraceae,Ficus,607,iNaturalist,,2026-06-16T18:57:59
Ficus elastica,,,,,43,Plantae,Plantae,Magnoliopsida,Moraceae,Ficus,,iNaturalist,HTTPError: HTTP Error 429: normal_throttling,2026-06-16T18:58:08
Ficus erecta,矮小天仙果,Ficus erecta,357816,species,5,Plantae,Plantae,Magnoliopsida,Moraceae,Ficus,5566,iNaturalist,,2026-06-16T18:58:00
Ficus esquiroliana,黄毛榕,Ficus esquiroliana,604757,species,10,Plantae,Plantae,Magnoliopsida,Moraceae,Ficus,305,iNaturalist,,2026-06-16T18:58:05
Ficus fistulosa,水同木,Ficus fistulosa,358122,species,48,Plantae,Plantae,Magnoliopsida,Moraceae,Ficus,1850,iNaturalist,,2026-06-16T18:58:01
Ficus formosana,,,,,11,Plantae,Plantae,Magnoliopsida,Moraceae,Ficus,,iNaturalist,HTTPError: HTTP Error 429: normal_throttling,2026-06-16T18:58:09
Ficus hispida,对叶榕,Ficus hispida,369426,species,153,Plantae,Plantae,Magnoliopsida,Moraceae,Ficus,5850,iNaturalist,,2026-06-16T18:58:01
Ficus luschnathiana,,,,,1,Plantae,Plantae,Magnoliopsida,Moraceae,Ficus,,iNaturalist,HTTPError: HTTP Error 429: normal_throttling,2026-06-16T18:58:10
Ficus lyrata,大琴叶榕,Ficus lyrata,201458,species,16,Plantae,Plantae,Magnoliopsida,Moraceae,Ficus,7591,iNaturalist,,2026-06-16T18:58:02
Ficus maclellandii,,,,,8,Plantae,Plantae,Magnoliopsida,Moraceae,Ficus,,iNaturalist,HTTPError: HTTP Error 429: normal_throttling,2026-06-16T18:58:11
Ficus microcarpa,细叶榕,Ficus microcarpa,54982,species,402,Plantae,Plantae,Magnoliopsida,Moraceae,Ficus,29732,iNaturalist,,2026-06-16T18:58:03
Ficus natalensis,,,,,3,Plantae,Plantae,Magnoliopsida,Moraceae,Ficus,,iNaturalist,HTTPError: HTTP Error 429: normal_throttling,2026-06-16T18:58:11
Ficus nervosa,九丁榕,Ficus nervosa,525099,species,11,Plantae,Plantae,Magnoliopsida,Moraceae,Ficus,1613,iNaturalist,,2026-06-16T18:58:03
Ficus obliqua,小叶榕,Ficus obliqua,369431,species,2,Plantae,Plantae,Magnoliopsida,Moraceae,Ficus,734,iNaturalist,,2026-06-16T18:58:04
Ficus petiolaris,红脉榕,Ficus petiolaris,205972,species,1,Plantae,Plantae,Magnoliopsida,Moraceae,Ficus,3569,iNaturalist,,2026-06-16T18:58:05
Ficus polita,,,,,1,Plantae,Plantae,Magnoliopsida,Moraceae,Ficus,,iNaturalist,HTTPError: HTTP Error 429: normal_throttling,2026-06-16T18:58:14
Ficus pumila,薜荔,Ficus pumila,162972,species,90,Plantae,Plantae,Magnoliopsida,Moraceae,Ficus,18735,iNaturalist,,2026-06-16T18:58:06
Ficus punctata,斑点榕,Ficus punctata,425618,species,1,Plantae,Plantae,Magnoliopsida,Moraceae,Ficus,426,iNaturalist,,2026-06-16T18:58:07
Ficus religiosa,菩提树,Ficus religiosa,127514,species,74,Plantae,Plantae,Magnoliopsida,Moraceae,Ficus,13745,iNaturalist,,2026-06-16T18:58:07
Ficus rumphii,心叶榕,Ficus rumphii,489837,species,88,Plantae,Plantae,Magnoliopsida,Moraceae,Ficus,1337,iNaturalist,,2026-06-16T18:58:08
Ficus simplicissima,粗叶榕,Ficus simplicissima,626499,species,117,Plantae,Plantae,Magnoliopsida,Moraceae,Ficus,1515,iNaturalist,,2026-06-16T18:58:10
Ficus subpisocarpa,雀榕,Ficus subpisocarpa,437618,species,72,Plantae,Plantae,Magnoliopsida,Moraceae,Ficus,7596,iNaturalist,,2026-06-16T18:58:09
Ficus tinctoria,,,,,5,Plantae,Plantae,Magnoliopsida,Moraceae,Ficus,,iNaturalist,HTTPError: HTTP Error 429: normal_throttling,2026-06-16T18:58:18
Ficus vaccinioides,越橘叶蔓榕,Ficus vaccinioides,427658,species,2,Plantae,Plantae,Magnoliopsida,Moraceae,Ficus,1156,iNaturalist,,2026-06-16T18:58:09
Ficus variegata,青果榕,Ficus variegata,343952,species,101,Plantae,Plantae,Magnoliopsida,Moraceae,Ficus,3533,iNaturalist,,2026-06-16T19:08:30
Ficus variolosa,变叶榕,Ficus variolosa,476144,species,64,Plantae,Plantae,Magnoliopsida,Moraceae,Ficus,652,iNaturalist,,2026-06-16T19:09:05
Ficus virens,黄葛榕,Ficus virens,129546,species,44,Plantae,Plantae,Magnoliopsida,Moraceae,Ficus,3258,iNaturalist,,2026-06-16T18:58:11
Figulus binodulus,矮锹甲,Figulus binodulus,470406,species,1,Insecta,Animalia,Insecta,Lucanidae,Figulus,365,iNaturalist,,2026-06-16T18:58:13
Fimbristylis cymosa,,,,,1,Plantae,Plantae,Liliopsida,Cyperaceae,Fimbristylis,,iNaturalist,HTTPError: HTTP Error 429: normal_throttling,2026-06-16T18:58:20
Fimbristylis dichotoma,两歧飘拂草,Fimbristylis dichotoma,141162,species,1,Plantae,Plantae,Liliopsida,Cyperaceae,Fimbristylis,3299,iNaturalist,,2026-06-16T18:58:11
Fimbristylis sieboldii,锈鳞飘拂草,Fimbristylis sieboldii,712492,species,1,Plantae,Plantae,Liliopsida,Cyperaceae,Fimbristylis,258,iNaturalist,,2026-06-16T18:58:12
Firmiana simplex,梧桐,Firmiana simplex,162991,species,3,Plantae,Plantae,Magnoliopsida,Malvaceae,Firmiana,3981,iNaturalist,,2026-06-16T18:58:14
Fissidens bryoides,小凤尾藓,Fissidens bryoides,124421,species,2,Plantae,Plantae,Bryopsida,Fissidentaceae,Fissidens,2297,iNaturalist,,2026-06-16T18:58:15
Fissidens dubius,卷叶凤尾藓,Fissidens dubius,163001,species,2,Plantae,Plantae,Bryopsida,Fissidentaceae,Fissidens,1621,iNaturalist,,2026-06-16T18:58:13
Fittonia albivenis,网纹草,Fittonia albivenis,327855,species,1,Plantae,Plantae,Magnoliopsida,Acanthaceae,Fittonia,2326,iNaturalist,,2026-06-16T18:58:16
Flacourtia inermis,,,,,1,Plantae,Plantae,Magnoliopsida,Salicaceae,Flacourtia,,iNaturalist,HTTPError: HTTP Error 429: normal_throttling,2026-06-16T18:58:23
Flagellaria indica,须叶藤,Flagellaria indica,360343,species,1,Plantae,Plantae,Liliopsida,Flagellariaceae,Flagellaria,2399,iNaturalist,,2026-06-16T18:58:17
Flavodon flavus,浅黄黄囊孔菌,Flavodon flavus,350786,species,2,Fungi,Fungi,Agaricomycetes,Irpicaceae,Flavodon,931,iNaturalist,,2026-06-16T18:58:15
Flavoparmelia baltimorensis,巴尔迪莫皱衣,Flavoparmelia baltimorensis,148365,species,1,Fungi,Fungi,Lecanoromycetes,Parmeliaceae,Flavoparmelia,7545,iNaturalist,,2026-06-16T18:58:18
Flavoparmelia caperata,皱梅衣,Flavoparmelia caperata,117943,species,1,Fungi,Fungi,Lecanoromycetes,Parmeliaceae,Flavoparmelia,65711,iNaturalist,,2026-06-16T18:58:19
Flemingia macrophylla,大叶千斤拔,Flemingia macrophylla,546018,species,3,Plantae,Plantae,Magnoliopsida,Fabaceae,Flemingia,322,iNaturalist,,2026-06-16T18:58:17
Flueggea suffruticosa,一叶萩,Flueggea suffruticosa,553569,species,1,Plantae,Plantae,Magnoliopsida,Phyllanthaceae,Flueggea,625,iNaturalist,,2026-06-16T18:58:20
Flueggea virosa,,,,,3,Plantae,Plantae,Magnoliopsida,Phyllanthaceae,Flueggea,,iNaturalist,HTTPError: HTTP Error 429: normal_throttling,2026-06-16T18:58:27
Fomitopsis dickinsii,,,,,1,Fungi,Fungi,Agaricomycetes,Fomitopsidaceae,Fomitopsis,,iNaturalist,HTTPError: HTTP Error 429: normal_throttling,2026-06-16T18:58:27
Fowlea flavipunctata,黄斑渔游蛇,Fowlea flavipunctata,966797,species,4,Reptilia,Animalia,Reptilia,Colubridae,Fowlea,2212,iNaturalist,,2026-06-16T18:58:19
Frangula obovata,,,,,1,Plantae,Plantae,Magnoliopsida,Rhamnaceae,Frangula,,iNaturalist,HTTPError: HTTP Error 429: normal_throttling,2026-06-16T18:58:28
Fraxinus griffithii,,,,,27,Plantae,Plantae,Magnoliopsida,Oleaceae,Fraxinus,,iNaturalist,HTTPError: HTTP Error 429: normal_throttling,2026-06-16T18:58:28
Fraxinus latifolia,俄勒冈梣,Fraxinus latifolia,63878,species,1,Plantae,Plantae,Magnoliopsida,Oleaceae,Fraxinus,9939,iNaturalist,,2026-06-16T18:58:22
Fulica atra,白骨顶,Fulica atra,482,species,3,Aves,Animalia,Aves,Rallidae,Fulica,172496,iNaturalist,,2026-06-16T18:58:20
Funaria hygrometrica,葫芦藓,Funaria hygrometrica,120000,species,1,Plantae,Plantae,Bryopsida,Funariaceae,Funaria,14246,iNaturalist,,2026-06-16T18:58:22
Furcraea cabuya,,Furcraea cabuya,332637,species,1,Plantae,Plantae,Liliopsida,Asparagaceae,Furcraea,821,iNaturalist,,2026-06-16T18:58:21
Furcraea foetida,万年麻,Furcraea foetida,163131,species,16,Plantae,Plantae,Liliopsida,Asparagaceae,Furcraea,4678,iNaturalist,,2026-06-16T18:58:24
Fuscoporia gilva,淡黄木层孔菌,Fuscoporia gilva,896124,species,2,Fungi,Fungi,Agaricomycetes,Hymenochaetaceae,Fuscoporia,23449,iNaturalist,,2026-06-16T18:58:24
Fuscoporia torulosa,宽棱木层孔菌,Fuscoporia torulosa,995149,species,2,Fungi,Fungi,Agaricomycetes,Hymenochaetaceae,Fuscoporia,1655,iNaturalist,,2026-06-16T18:58:23
Gaeana maculata,斑蝉,Gaeana maculata,450370,species,31,Insecta,Animalia,Insecta,Cicadidae,Gaeana,1991,iNaturalist,,2026-06-16T18:58:26
Gagrella sherriffsi,,,,,2,Arachnida,Animalia,Arachnida,Sclerosomatidae,Gagrella,,iNaturalist,HTTPError: HTTP Error 429: normal_throttling,2026-06-16T18:58:32
Gahnia tristis,黑莎草,Gahnia tristis,427702,species,13,Plantae,Plantae,Liliopsida,Cyperaceae,Gahnia,520,iNaturalist,,2026-06-16T18:58:26
Galinsoga quadriradiata,粗毛牛膝菊,Galinsoga quadriradiata,56170,species,1,Plantae,Plantae,Magnoliopsida,Asteraceae,Galinsoga,32701,iNaturalist,,2026-06-16T18:58:25
Galium mollugo,粟猪殃殃,Galium mollugo,77206,species,1,Plantae,Plantae,Magnoliopsida,Rubiaceae,Galium,47910,iNaturalist,,2026-06-16T18:58:28
Galium murale,墙拉拉藤,Galium murale,59005,species,1,Plantae,Plantae,Magnoliopsida,Rubiaceae,Galium,1836,iNaturalist,,2026-06-16T18:58:28
Galium spurium,猪殃殃,Galium spurium,208784,species,1,Plantae,Plantae,Magnoliopsida,Rubiaceae,Galium,4045,iNaturalist,,2026-06-16T18:58:27
Gallinago gallinago,,,,,2,Aves,Animalia,Aves,Scolopacidae,Gallinago,,iNaturalist,HTTPError: HTTP Error 429: normal_throttling,2026-06-16T18:58:36
Gallinula chloropus,黑水鸡,Gallinula chloropus,201282,species,231,Aves,Animalia,Aves,Rallidae,Gallinula,121929,iNaturalist,,2026-06-16T18:58:30
Galphimia glauca,,,,,5,Plantae,Plantae,Magnoliopsida,Malpighiaceae,Galphimia,,iNaturalist,HTTPError: HTTP Error 429: normal_throttling,2026-06-16T18:58:36
Galphimia gracilis,金英,Galphimia gracilis,131594,species,3,Plantae,Plantae,Magnoliopsida,Malpighiaceae,Galphimia,3378,iNaturalist,,2026-06-16T18:58:30
Gambusia affinis,,,,,18,Actinopterygii,Animalia,Actinopterygii,Poeciliidae,Gambusia,,iNaturalist,HTTPError: HTTP Error 429: normal_throttling,2026-06-16T18:58:37
Gamochaeta pensylvanica,,,,,8,Plantae,Plantae,Magnoliopsida,Asteraceae,Gamochaeta,,iNaturalist,HTTPError: HTTP Error 429: normal_throttling,2026-06-16T18:58:37
Gamochaeta purpurea,合冠鼠曲,Gamochaeta purpurea,60957,species,1,Plantae,Plantae,Magnoliopsida,Asteraceae,Gamochaeta,5023,iNaturalist,,2026-06-16T18:58:29
Ganoderma applanatum,,,,,1,Fungi,Fungi,Agaricomycetes,Polyporaceae,Ganoderma,,iNaturalist,HTTPError: HTTP Error 429: normal_throttling,2026-06-16T18:58:38
Ganoderma brownii,,,,,2,Fungi,Fungi,Agaricomycetes,Polyporaceae,Ganoderma,,iNaturalist,HTTPError: HTTP Error 429: normal_throttling,2026-06-16T18:58:39
Ganoderma polychromum,彩灵芝,Ganoderma polychromum,479943,species,1,Fungi,Fungi,Agaricomycetes,Polyporaceae,Ganoderma,5037,iNaturalist,,2026-06-16T18:58:31
Ganoderma resinaceum,無柄靈芝,Ganoderma resinaceum,328280,species,2,Fungi,Fungi,Agaricomycetes,Polyporaceae,Ganoderma,3869,iNaturalist,,2026-06-16T18:58:32
Ganoderma sessile,树灵芝,Ganoderma sessile,350821,species,3,Fungi,Fungi,Agaricomycetes,Polyporaceae,Ganoderma,21570,iNaturalist,,2026-06-16T18:58:32
Garcinia oblongifolia,岭南山竹子,Garcinia oblongifolia,501301,species,15,Plantae,Plantae,Magnoliopsida,Clusiaceae,Garcinia,338,iNaturalist,,2026-06-16T18:58:33
Garcinia subelliptica,,,,,43,Plantae,Plantae,Magnoliopsida,Clusiaceae,Garcinia,,iNaturalist,HTTPError: HTTP Error 429: normal_throttling,2026-06-16T18:58:42
Gardenia jasminoides,栀子花,Gardenia jasminoides,210990,species,207,Plantae,Plantae,Magnoliopsida,Rubiaceae,Gardenia,14628,iNaturalist,,2026-06-16T18:58:34
Gardenia ternifolia,三岐叶梔子,Gardenia ternifolia,340129,species,1,Plantae,Plantae,Magnoliopsida,Rubiaceae,Gardenia,408,iNaturalist,,2026-06-16T18:58:34
Gardenia thunbergia,南非栀子,Gardenia thunbergia,466979,species,2,Plantae,Plantae,Magnoliopsida,Rubiaceae,Gardenia,772,iNaturalist,,2026-06-16T18:58:35
Gardneria multiflora,蓬莱葛,Gardneria multiflora,707475,species,2,Plantae,Plantae,Magnoliopsida,Loganiaceae,Gardneria,505,iNaturalist,,2026-06-16T18:58:36
Garrulax canorus,画眉,Garrulax canorus,15156,species,101,Aves,Animalia,Aves,Leiothrichidae,Garrulax,2769,iNaturalist,,2026-06-16T18:58:36
Gea spinipes,,,,,2,Arachnida,Animalia,Arachnida,Araneidae,Gea,,iNaturalist,HTTPError: HTTP Error 429: normal_throttling,2026-06-16T18:58:45
Gehyra mutilata,,,,,3,Reptilia,Animalia,Reptilia,Gekkonidae,Gehyra,,iNaturalist,HTTPError: HTTP Error 429: normal_throttling,2026-06-16T18:58:46
Geisha distinctissima,碧蛾蜡蝉,Geisha distinctissima,353431,species,2,Insecta,Animalia,Insecta,Flatidae,Geisha,2922,iNaturalist,,2026-06-16T18:58:37
Gekko chinensis,中国壁虎,Gekko chinensis,34599,species,44,Reptilia,Animalia,Reptilia,Gekkonidae,Gekko,3102,iNaturalist,,2026-06-16T18:58:38
Gelochelidon nilotica,,,,,1,Aves,Animalia,Aves,Laridae,Gelochelidon,,iNaturalist,HTTPError: HTTP Error 429: normal_throttling,2026-06-16T18:58:46
Gelsemium elegans,,,,,3,Plantae,Plantae,Magnoliopsida,Gelsemiaceae,Gelsemium,,iNaturalist,HTTPError: HTTP Error 429: normal_throttling,2026-06-16T18:58:46
Geokichla citrina,橙头地鸫,Geokichla citrina,201215,species,1,Aves,Animalia,Aves,Turdidae,Geokichla,2909,iNaturalist,,2026-06-16T18:58:38
Gerbera jamesonii,,,,,2,Plantae,Plantae,Magnoliopsida,Asteraceae,Gerbera,,iNaturalist,HTTPError: HTTP Error 429: normal_throttling,2026-06-16T18:58:47
Gesomyrmex howardi,豪氏短角蚁,Gesomyrmex howardi,577652,species,1,Insecta,Animalia,Insecta,Formicidae,Gesomyrmex,129,iNaturalist,,2026-06-16T18:58:39
Ginkgo biloba,,,,,3,Plantae,Plantae,Ginkgoopsida,Ginkgoaceae,Ginkgo,,iNaturalist,HTTPError: HTTP Error 429: normal_throttling,2026-06-16T18:58:48
Glebionis coronaria,茼蒿,Glebionis coronaria,59904,species,2,Plantae,Plantae,Magnoliopsida,Asteraceae,Glebionis,28112,iNaturalist,,2026-06-16T18:58:40
Gleditsia triacanthos,美国皂荚,Gleditsia triacanthos,54797,species,2,Plantae,Plantae,Magnoliopsida,Fabaceae,Gleditsia,73530,iNaturalist,,2026-06-16T18:58:41
Gliricidia sepium,变叶珊瑚花,Gliricidia sepium,163327,species,3,Plantae,Plantae,Magnoliopsida,Fabaceae,Gliricidia,5632,iNaturalist,,2026-06-16T18:58:41
Glochidion acuminatum,里白馒头果,Glochidion acuminatum,774040,species,1,Plantae,Plantae,Magnoliopsida,Phyllanthaceae,Glochidion,714,iNaturalist,,2026-06-16T18:58:42
Glochidion eriocarpum,,,,,7,Plantae,Plantae,Magnoliopsida,Phyllanthaceae,Glochidion,,iNaturalist,HTTPError: HTTP Error 429: normal_throttling,2026-06-16T18:58:51
Glochidion zeylanicum,香港算盘子,Glochidion zeylanicum,340543,species,3,Plantae,Plantae,Magnoliopsida,Phyllanthaceae,Glochidion,2845,iNaturalist,,2026-06-16T18:58:43
Gloeophyllum abietinum,冷杉粘褶菌,Gloeophyllum abietinum,382464,species,1,Fungi,Fungi,Agaricomycetes,Gloeophyllaceae,Gloeophyllum,583,iNaturalist,,2026-06-16T18:58:43
Gloeophyllum sepiarium,深褐褶菌,Gloeophyllum sepiarium,67338,species,2,Fungi,Fungi,Agaricomycetes,Gloeophyllaceae,Gloeophyllum,22415,iNaturalist,,2026-06-16T18:58:44
Glossogobius olivaceus,斑纹舌虾虎鱼,Glossogobius olivaceus,187427,species,3,Actinopterygii,Animalia,Actinopterygii,Gobiidae,Glossogobius,138,iNaturalist,,2026-06-16T18:58:45
Glycosmis pentaphylla,山小橘,Glycosmis pentaphylla,410428,species,1,Plantae,Plantae,Magnoliopsida,Rutaceae,Glycosmis,824,iNaturalist,,2026-06-16T18:58:45
Glycyrrhiza pallidiflora,刺果甘草,Glycyrrhiza pallidiflora,973474,species,1,Plantae,Plantae,Magnoliopsida,Fabaceae,Glycyrrhiza,20,iNaturalist,,2026-06-16T18:59:25
Glyphodes bivitralis,双点绢野螟,Glyphodes bivitralis,325800,species,1,Insecta,Animalia,Insecta,Crambidae,Glyphodes,1200,iNaturalist,,2026-06-16T18:58:46
Glyphodes crithealis,齿纹绢野螟,Glyphodes crithealis,124280,species,1,Insecta,Animalia,Insecta,Crambidae,Glyphodes,109,iNaturalist,,2026-06-16T18:59:25
Glyptostrobus pensilis,水松,Glyptostrobus pensilis,135911,species,15,Plantae,Plantae,Pinopsida,Cupressaceae,Glyptostrobus,116,iNaturalist,,2026-06-16T18:58:47
Gmelina arborea,云南石梓,Gmelina arborea,120358,species,2,Plantae,Plantae,Magnoliopsida,Lamiaceae,Gmelina,2635,iNaturalist,,2026-06-16T18:59:25
Gnetum luofuense,罗浮买麻藤,Gnetum luofuense,135924,species,3,Plantae,Plantae,Gnetopsida,Gnetaceae,Gnetum,555,iNaturalist,,2026-06-16T18:59:25
Goeppertia insignis,箭羽竹芋,Goeppertia insignis,867364,species,1,Plantae,Plantae,Liliopsida,Marantaceae,Goeppertia,1887,iNaturalist,,2026-06-16T18:58:47
Goeppertia majestica,巴西竹芋,Goeppertia majestica,866778,species,5,Plantae,Plantae,Liliopsida,Marantaceae,Goeppertia,1323,iNaturalist,,2026-06-16T18:58:48
Goeppertia ornata,肖竹芋,Goeppertia ornata,930131,species,2,Plantae,Plantae,Liliopsida,Marantaceae,Goeppertia,1,iNaturalist,,2026-06-16T18:59:25
Goeppertia roseopicta,彩虹竹芋,Goeppertia roseopicta,1154562,species,2,Plantae,Plantae,Liliopsida,Marantaceae,Goeppertia,751,iNaturalist,,2026-06-16T18:59:25
Goeppertia zebrina,绒叶肖竹芋,Goeppertia zebrina,1172861,species,2,Plantae,Plantae,Liliopsida,Marantaceae,Goeppertia,2338,iNaturalist,,2026-06-16T18:58:49
Golovinomyces artemisiae,蒿白粉菌,Golovinomyces artemisiae,1127990,species,1,Fungi,Fungi,Leotiomycetes,Erysiphaceae,Golovinomyces,886,iNaturalist,,2026-06-16T18:58:49
Gomesa flexuosa,文心兰,Gomesa flexuosa,425920,species,1,Plantae,Plantae,Liliopsida,Orchidaceae,Gomesa,837,iNaturalist,,2026-06-16T18:58:50
Gomphrena celosioides,银花苋,Gomphrena celosioides,569876,species,3,Plantae,Plantae,Magnoliopsida,Amaranthaceae,Gomphrena,6337,iNaturalist,,2026-06-16T18:59:25
Gomphrena globosa,千日红,Gomphrena globosa,128268,species,3,Plantae,Plantae,Magnoliopsida,Amaranthaceae,Gomphrena,9804,iNaturalist,,2026-06-16T18:59:25
Goniophlebium niponicum,水龙骨,Goniophlebium niponicum,1588189,species,1,Plantae,Plantae,Polypodiopsida,Polypodiaceae,Goniophlebium,59,iNaturalist,,2026-06-16T18:59:26
Gonitis mesogona,中弓裳蛾,Gonitis mesogona,52121,species,1,Insecta,Animalia,Insecta,Erebidae,Gonitis,523,iNaturalist,,2026-06-16T18:59:26
Gonocephalum subspinosum,亚刺土甲,Gonocephalum subspinosum,1147766,species,1,Insecta,Animalia,Insecta,Tenebrionidae,Gonocephalum,206,iNaturalist,,2026-06-16T18:59:26
Gonodactylus chiragra,大指虾蛄,Gonodactylus chiragra,50293,species,1,Animalia,Animalia,Malacostraca,Gonodactylidae,Gonodactylus,397,iNaturalist,,2026-06-16T18:59:26
Gonostegia triandra,糯米团,Gonostegia hirta,569162,species,1,Plantae,Plantae,Magnoliopsida,Urticaceae,Gonostegia,2784,iNaturalist,,2026-06-16T18:59:26
Goodenia ovata,卵叶金鸾花,Goodenia ovata,323821,species,1,Plantae,Plantae,Magnoliopsida,Goodeniaceae,Goodenia,9952,iNaturalist,,2026-06-16T18:59:26
Gorsachius melanolophus,黑冠鳽,Gorsachius melanolophus,5043,species,4,Aves,Animalia,Aves,Ardeidae,Gorsachius,16453,iNaturalist,,2026-06-16T18:59:26
Goryphus basilaris,横带驼姬蜂,Goryphus basilaris,476194,species,4,Insecta,Animalia,Insecta,Ichneumonidae,Goryphus,417,iNaturalist,,2026-06-16T18:59:26
Gracilariopsis andersonii,,Gracilariopsis andersonii,360321,species,1,Plantae,Plantae,Florideophyceae,Gracilariaceae,Gracilariopsis,532,iNaturalist,,2026-06-16T18:59:27
Gracula religiosa,鹩哥,Gracula religiosa,204517,species,7,Aves,Animalia,Aves,Sturnidae,Gracula,3092,iNaturalist,,2026-06-16T18:59:27
Gracupica nigricollis,黑领椋鸟,Gracupica nigricollis,145098,species,234,Aves,Animalia,Aves,Sturnidae,Gracupica,13278,iNaturalist,,2026-06-16T18:59:27
Graphis scripta,文字衣,Graphis scripta,117987,species,1,Fungi,Fungi,Lecanoromycetes,Graphidaceae,Graphis,14224,iNaturalist,,2026-06-16T18:59:27
Graphium agamemnon,统帅青凤蝶,Graphium agamemnon,51581,species,19,Insecta,Animalia,Insecta,Papilionidae,Graphium,13136,iNaturalist,,2026-06-16T18:59:27
Graphium doson,木兰青凤蝶,Graphium doson,51576,species,1,Insecta,Animalia,Insecta,Papilionidae,Graphium,9279,iNaturalist,,2026-06-16T18:59:27
Graphium sarpedon,青凤蝶,Graphium sarpedon,125936,species,76,Insecta,Animalia,Insecta,Papilionidae,Graphium,15036,iNaturalist,,2026-06-16T18:59:27
Grapsus albolineatus,白纹方蟹,Grapsus albolineatus,354596,species,2,Animalia,Animalia,Malacostraca,Grapsidae,Grapsus,6029,iNaturalist,,2026-06-16T18:59:27
Graptemys ouachitensis,纹地图龟,Graptemys ouachitensis,371940,species,8,Reptilia,Animalia,Reptilia,Emydidae,Graptemys,2203,iNaturalist,,2026-06-16T18:59:27
Graptemys pseudogeographica,伪地图龟,Graptemys pseudogeographica,39847,species,1,Reptilia,Animalia,Reptilia,Emydidae,Graptemys,4944,iNaturalist,,2026-06-16T18:59:27
Graptopetalum paraguayense,胧月莲,Graptopetalum paraguayense,273763,species,15,Plantae,Plantae,Magnoliopsida,Crassulaceae,Graptopetalum,7621,iNaturalist,,2026-06-16T18:59:27
Graptostethus servus,黑带红腺长蝽,Graptostethus servus,353457,species,4,Insecta,Animalia,Insecta,Lygaeidae,Graptostethus,1600,iNaturalist,,2026-06-16T18:59:27
Grewia biloba,扁担杆,Grewia biloba,708071,species,1,Plantae,Plantae,Magnoliopsida,Malvaceae,Grewia,654,iNaturalist,,2026-06-16T18:59:27
Grona styracifolia,广东金钱草,Grona styracifolia,1275072,species,1,Plantae,Plantae,Magnoliopsida,Fabaceae,Grona,24,iNaturalist,,2026-06-16T18:59:27
Grona triflora,三点金,Grona triflora,1243255,species,17,Plantae,Plantae,Magnoliopsida,Fabaceae,Grona,7558,iNaturalist,,2026-06-16T18:59:27
Gryllodes sigillatus,短翅灶蟋,Gryllodes sigillatus,154340,species,3,Insecta,Animalia,Insecta,Gryllidae,Gryllodes,13740,iNaturalist,,2026-06-16T18:59:27
Gryllotalpa orientalis,东方蝼蛄,Gryllotalpa orientalis,118894,species,4,Insecta,Animalia,Insecta,Gryllotalpidae,Gryllotalpa,3107,iNaturalist,,2026-06-16T18:59:28
Grypothrix simplex,单叶新月蕨,Grypothrix simplex,1405215,species,2,Plantae,Plantae,Polypodiopsida,Thelypteridaceae,Grypothrix,443,iNaturalist,,2026-06-16T18:59:28
Grypothrix triphylla,,,,,2,Plantae,Plantae,Polypodiopsida,Thelypteridaceae,Grypothrix,,iNaturalist,HTTPError: HTTP Error 429: normal_throttling,2026-06-16T18:59:37
Guadua angustifolia,,,,,5,Plantae,Plantae,Liliopsida,Poaceae,Guadua,,iNaturalist,HTTPError: HTTP Error 429: normal_throttling,2026-06-16T18:59:37
Guarianthe aurantiaca,,,,,1,Plantae,Plantae,Liliopsida,Orchidaceae,Guarianthe,,iNaturalist,HTTPError: HTTP Error 429: normal_throttling,2026-06-16T18:59:37
Guastica semilutea,,,,,1,Insecta,Animalia,Insecta,Pyralidae,Guastica,,iNaturalist,HTTPError: HTTP Error 429: normal_throttling,2026-06-16T18:59:37
Guettardella chinensis,,,,,4,Plantae,Plantae,Magnoliopsida,Rubiaceae,Guettardella,,iNaturalist,HTTPError: HTTP Error 429: normal_throttling,2026-06-16T18:59:37
Gulella bicolor,,,,,1,Mollusca,Animalia,Gastropoda,Streptaxidae,Gulella,,iNaturalist,HTTPError: HTTP Error 429: normal_throttling,2026-06-16T18:59:37
Guzmania lingulata,星花凤梨,Guzmania lingulata,276734,species,7,Plantae,Plantae,Liliopsida,Bromeliaceae,Guzmania,2579,iNaturalist,,2026-06-16T18:59:29
Gymnanthemum amygdalinum,,,,,9,Plantae,Plantae,Magnoliopsida,Asteraceae,Gymnanthemum,,iNaturalist,HTTPError: HTTP Error 429: normal_throttling,2026-06-16T18:59:37
Gymnema sylvestre,匙羹藤,Gymnema sylvestre,466595,species,8,Plantae,Plantae,Magnoliopsida,Apocynaceae,Gymnema,2700,iNaturalist,,2026-06-16T18:59:29
Gymnocalycium mihanovichii,红瑞云,Gymnocalycium mihanovichii,438961,species,3,Plantae,Plantae,Magnoliopsida,Cactaceae,Gymnocalycium,2442,iNaturalist,,2026-06-16T18:59:30
Gymnoscelis taprobanica,,Gymnoscelis taprobanica,199658,species,1,Insecta,Animalia,Insecta,Geometridae,Gymnoscelis,113,iNaturalist,,2026-06-16T18:59:31
Gymnosphaera podophylla,黑桫椤,Gymnosphaera podophylla,1096437,species,1,Plantae,Plantae,Polypodiopsida,Cyatheaceae,Gymnosphaera,2163,iNaturalist,,2026-06-16T18:59:31
Gynaikothrips ficorum,榕母管蓟马,Gynaikothrips ficorum,270786,species,16,Insecta,Animalia,Insecta,Phlaeothripidae,Gynaikothrips,767,iNaturalist,,2026-06-16T18:59:32
Gyndes pallicornis,淡角缢胸长蝽,Gyndes pallicornis,504761,species,1,Insecta,Animalia,Insecta,Rhyparochromidae,Gyndes,238,iNaturalist,,2026-06-16T18:59:33
Gynochthodes umbellata,印度羊角藤,Gynochthodes umbellata,1415440,species,4,Plantae,Plantae,Magnoliopsida,Rubiaceae,Gynochthodes,1127,iNaturalist,,2026-06-16T18:59:34
Gynostemma pentaphyllum,绞股蓝,Gynostemma pentaphyllum,550198,species,8,Plantae,Plantae,Magnoliopsida,Cucurbitaceae,Gynostemma,1979,iNaturalist,,2026-06-16T18:59:34
Gynura bicolor,红凤菜,Gynura bicolor,344577,species,5,Plantae,Plantae,Magnoliopsida,Asteraceae,Gynura,524,iNaturalist,,2026-06-16T18:59:35
Gynura divaricata,白子菜,Gynura divaricata,347638,species,1,Plantae,Plantae,Magnoliopsida,Asteraceae,Gynura,132,iNaturalist,,2026-06-16T18:59:36
Gynura japonica,菊三七,Gynura japonica,347637,species,1,Plantae,Plantae,Magnoliopsida,Asteraceae,Gynura,898,iNaturalist,,2026-06-16T18:59:36
Gypsophila elegans,缕丝花,Gypsophila elegans,77314,species,1,Plantae,Plantae,Magnoliopsida,Caryophyllaceae,Gypsophila,1345,iNaturalist,,2026-06-16T18:59:37
Gypsophila vaccaria,,,,,1,Plantae,Plantae,Magnoliopsida,Caryophyllaceae,Gypsophila,,iNaturalist,HTTPError: HTTP Error 429: normal_throttling,2026-06-16T18:59:46
Gyrinocheilus aymonieri,,,,,1,Actinopterygii,Animalia,Actinopterygii,Gyrinocheilidae,Gyrinocheilus,,iNaturalist,HTTPError: HTTP Error 429: normal_throttling,2026-06-16T18:59:46
Habenaria dentata,,,,,1,Plantae,Plantae,Liliopsida,Orchidaceae,Habenaria,,iNaturalist,HTTPError: HTTP Error 429: normal_throttling,2026-06-16T18:59:46
Haematoxylum campechianum,,,,,1,Plantae,Plantae,Magnoliopsida,Fabaceae,Haematoxylum,,iNaturalist,HTTPError: HTTP Error 429: normal_throttling,2026-06-16T18:59:46
Haemopis sanguisuga,,,,,1,Animalia,Animalia,Clitellata,Haemopidae,Haemopis,,iNaturalist,HTTPError: HTTP Error 429: normal_throttling,2026-06-16T18:59:46
Hakka himeshimensis,,,,,2,Arachnida,Animalia,Arachnida,Salticidae,Hakka,,iNaturalist,HTTPError: HTTP Error 429: normal_throttling,2026-06-16T18:59:46
Halcyon pileata,蓝翡翠,Halcyon pileata,2353,species,1,Aves,Animalia,Aves,Alcedinidae,Halcyon,1427,iNaturalist,,2026-06-16T18:59:38
Halcyon smyrnensis,,,,,11,Aves,Animalia,Aves,Alcedinidae,Halcyon,,iNaturalist,HTTPError: HTTP Error 429: normal_throttling,2026-06-16T18:59:47
Haliotis discus,盘鲍,Haliotis discus,469034,species,1,Mollusca,Animalia,Gastropoda,Haliotidae,Haliotis,84,iNaturalist,,2026-06-16T18:59:38
Halyomorpha halys,茶翅蝽,Halyomorpha halys,81923,species,13,Insecta,Animalia,Insecta,Pentatomidae,Halyomorpha,116009,iNaturalist,,2026-06-16T18:59:39
Hamelia patens,长隔木,Hamelia patens,126305,species,8,Plantae,Plantae,Magnoliopsida,Rubiaceae,Hamelia,20937,iNaturalist,,2026-06-16T18:59:40
Handroanthus chrysanthus,黄花风铃木,Handroanthus chrysanthus,291423,species,46,Plantae,Plantae,Magnoliopsida,Bignoniaceae,Handroanthus,5092,iNaturalist,,2026-06-16T18:59:40
Handroanthus chrysotrichus,毛黄钟花,Handroanthus chrysotrichus,468336,species,31,Plantae,Plantae,Magnoliopsida,Bignoniaceae,Handroanthus,2929,iNaturalist,,2026-06-16T18:59:41
Handroanthus heptaphyllus,洋红风铃木,Handroanthus heptaphyllus,808333,species,3,Plantae,Plantae,Magnoliopsida,Bignoniaceae,Handroanthus,2374,iNaturalist,,2026-06-16T18:59:42
Handroanthus impetiginosus,紫花风铃木,Handroanthus impetiginosus,281274,species,4,Plantae,Plantae,Magnoliopsida,Bignoniaceae,Handroanthus,3107,iNaturalist,,2026-06-16T18:59:43
Haplosomoides costata,黑翅哈萤叶甲,Haplosomoides costata,1279273,species,1,Insecta,Animalia,Insecta,Chrysomelidae,Haplosomoides,61,iNaturalist,,2026-06-16T18:59:43
Harmochirus brachiatus,鳃蛤莫蛛,Harmochirus brachiatus,358015,species,2,Arachnida,Animalia,Arachnida,Salticidae,Harmochirus,738,iNaturalist,,2026-06-16T18:59:44
Harmochirus insulanus,孤蛤莫蛛,Harmochirus insulanus,358016,species,1,Arachnida,Animalia,Arachnida,Salticidae,Harmochirus,236,iNaturalist,,2026-06-16T18:59:45
Harmonia dimidiata,红肩瓢虫,Harmonia dimidiata,320355,species,1,Insecta,Animalia,Insecta,Coccinellidae,Harmonia,2434,iNaturalist,,2026-06-16T18:59:45
Harpegnathos venator,猎镰猛蚁,Harpegnathos venator,556385,species,3,Insecta,Animalia,Insecta,Formicidae,Harpegnathos,424,iNaturalist,,2026-06-16T18:59:46
Hasarius adansoni,,,,,24,Arachnida,Animalia,Arachnida,Salticidae,Hasarius,,iNaturalist,HTTPError: HTTP Error 429: normal_throttling,2026-06-16T18:59:55
Hasora chromus,,,,,14,Insecta,Animalia,Insecta,Hesperiidae,Hasora,,iNaturalist,HTTPError: HTTP Error 429: normal_throttling,2026-06-16T18:59:55
Haworthia cooperi,,,,,1,Plantae,Plantae,Liliopsida,Asphodelaceae,Haworthia,,iNaturalist,HTTPError: HTTP Error 429: normal_throttling,2026-06-16T18:59:55
Haworthiopsis attenuata,,,,,1,Plantae,Plantae,Liliopsida,Asphodelaceae,Haworthiopsis,,iNaturalist,HTTPError: HTTP Error 429: normal_throttling,2026-06-16T18:59:55
Hebomoia glaucippe,鹤顶粉蝶,Hebomoia glaucippe,146572,species,2,Insecta,Animalia,Insecta,Pieridae,Hebomoia,4829,iNaturalist,,2026-06-16T18:59:52
Hedera algeriensis,,,,,2,Plantae,Plantae,Magnoliopsida,Araliaceae,Hedera,,iNaturalist,HTTPError: HTTP Error 429: normal_throttling,2026-06-16T18:59:55
Hedera canariensis,加那利常春藤,Hedera canariensis,64113,species,1,Plantae,Plantae,Magnoliopsida,Araliaceae,Hedera,6491,iNaturalist,,2026-06-16T18:59:47
Hedwigia ciliata,虎尾藓,Hedwigia ciliata,163550,species,1,Plantae,Plantae,Bryopsida,Hedwigiaceae,Hedwigia,14734,iNaturalist,,2026-06-16T18:59:52
Hedychium coronarium,姜花,Hedychium coronarium,143955,species,29,Plantae,Plantae,Liliopsida,Zingiberaceae,Hedychium,13090,iNaturalist,,2026-06-16T18:59:47
Hedyotis uncinella,长节耳草,Hedyotis uncinella,627208,species,1,Plantae,Plantae,Magnoliopsida,Rubiaceae,Hedyotis,164,iNaturalist,,2026-06-16T18:59:48
Helianthus annuus,向日葵,Helianthus annuus,57983,species,3,Plantae,Plantae,Magnoliopsida,Asteraceae,Helianthus,78769,iNaturalist,,2026-06-16T18:59:49
Helianthus debilis,瓜叶葵（广义）,Helianthus debilis,126565,species,2,Plantae,Plantae,Magnoliopsida,Asteraceae,Helianthus,11640,iNaturalist,,2026-06-16T18:59:50
Heliconia latispatha,红箭蝎尾蕉,Heliconia latispatha,163640,species,2,Plantae,Plantae,Liliopsida,Heliconiaceae,Heliconia,7119,iNaturalist,,2026-06-16T18:59:50
Heliconia psittacorum,百合蝎尾蕉,Heliconia psittacorum,260753,species,34,Plantae,Plantae,Liliopsida,Heliconiaceae,Heliconia,17136,iNaturalist,,2026-06-16T18:59:51
Heliconia rostrata,金嘴蝎尾蕉,Heliconia rostrata,123960,species,10,Plantae,Plantae,Liliopsida,Heliconiaceae,Heliconia,13273,iNaturalist,,2026-06-16T18:59:54
Helicorthomorpha holstii,霍氏绕马陆,Helicorthomorpha holstii,415288,species,379,Animalia,Animalia,Diplopoda,Paradoxosomatidae,Helicorthomorpha,5040,iNaturalist,,2026-06-16T19:07:42
Helicteres angustifolia,山芝麻,Helicteres angustifolia,556220,species,9,Plantae,Plantae,Magnoliopsida,Malvaceae,Helicteres,1014,iNaturalist,,2026-06-16T18:59:53
Heliotropium angiospermum,,,,,1,Plantae,Plantae,Magnoliopsida,Boraginaceae,Heliotropium,,iNaturalist,HTTPError: HTTP Error 429: normal_throttling,2026-06-16T19:00:02
Hellenia speciosa,闭鞘姜,Hellenia speciosa,764909,species,2,Plantae,Plantae,Liliopsida,Costaceae,Hellenia,10668,iNaturalist,,2026-06-16T18:59:54
Helopeltis theivora,茶盲蝽,Helopeltis theivora,474376,species,10,Insecta,Animalia,Insecta,Miridae,Helopeltis,1064,iNaturalist,,2026-06-16T18:59:55
Hemerocallis fulva,萱草,Hemerocallis fulva,126583,species,14,Plantae,Plantae,Liliopsida,Asphodelaceae,Hemerocallis,40209,iNaturalist,,2026-06-16T18:59:56
Hemiculter leucisculus,,,,,6,Actinopterygii,Animalia,Actinopterygii,Xenocyprididae,Hemiculter,,iNaturalist,HTTPError: HTTP Error 429: normal_throttling,2026-06-16T19:00:04
Hemidactylus bowringii,,,,,16,Reptilia,Animalia,Reptilia,Gekkonidae,Hemidactylus,,iNaturalist,HTTPError: HTTP Error 429: normal_throttling,2026-06-16T19:00:04
Hemidactylus brookii,密疣蜥虎,Hemidactylus brookii,34514,species,72,Reptilia,Animalia,Reptilia,Gekkonidae,Hemidactylus,1516,iNaturalist,,2026-06-16T18:59:58
Hemidactylus frenatus,,,,,2,Reptilia,Animalia,Reptilia,Gekkonidae,Hemidactylus,,iNaturalist,HTTPError: HTTP Error 429: normal_throttling,2026-06-16T19:00:04
Hemigobius hoevenii,,,,,1,Actinopterygii,Animalia,Actinopterygii,Oxudercidae,Hemigobius,,iNaturalist,HTTPError: HTTP Error 429: normal_throttling,2026-06-16T19:00:04
Hemigrapsus sanguineus,肉球近方蟹,Hemigrapsus sanguineus,48904,species,1,Animalia,Animalia,Malacostraca,Varunidae,Hemigrapsus,6684,iNaturalist,,2026-06-16T18:59:56
Hemigrapsus takanoi,高野近方蟹,Hemigrapsus takanoi,491876,species,2,Animalia,Animalia,Malacostraca,Varunidae,Hemigrapsus,843,iNaturalist,,2026-06-16T18:59:57
Hemipepsis sinensis,,,,,2,Insecta,Animalia,Insecta,Pompilidae,Hemipepsis,,iNaturalist,HTTPError: HTTP Error 429: normal_throttling,2026-06-16T19:00:06
Hemipyrellia ligurriens,瘦叶带绿蝇,Hemipyrellia ligurriens,390381,species,41,Insecta,Animalia,Insecta,Calliphoridae,Hemipyrellia,766,iNaturalist,,2026-06-16T18:59:58
Hemisteptia lyrata,泥胡菜,Hemisteptia lyrata,193298,species,1,Plantae,Plantae,Magnoliopsida,Asteraceae,Hemisteptia,2344,iNaturalist,,2026-06-16T18:59:59
Hemithea marina,青颜锈腰尺蛾,Hemithea marina,503906,species,1,Insecta,Animalia,Insecta,Geometridae,Hemithea,324,iNaturalist,,2026-06-16T19:00:00
Hemithea tritonaria,星缘锈腰尺蛾,Hemithea tritonaria,126723,species,2,Insecta,Animalia,Insecta,Geometridae,Hemithea,1844,iNaturalist,,2026-06-16T19:00:00
Heortia vitessoides,黄野螟,Heortia vitessoides,121879,species,6,Insecta,Animalia,Insecta,Crambidae,Heortia,1971,iNaturalist,,2026-06-16T19:00:01
Hepatica irrorata,,,,,1,Insecta,Animalia,Insecta,Erebidae,Hepatica,,iNaturalist,HTTPError: HTTP Error 429: normal_throttling,2026-06-16T19:00:10
Heptapleurum actinophyllum,大伞树,Heptapleurum actinophyllum,1268642,species,22,Plantae,Plantae,Magnoliopsida,Araliaceae,Heptapleurum,12469,iNaturalist,,2026-06-16T19:00:02
Heptapleurum arboricola,鹅掌藤,Heptapleurum arboricola,1239449,species,258,Plantae,Plantae,Magnoliopsida,Araliaceae,Heptapleurum,25573,iNaturalist,,2026-06-16T19:00:02
Heptapleurum ellipticum,密脉鹅掌柴,Heptapleurum ellipticum,1268661,species,60,Plantae,Plantae,Magnoliopsida,Araliaceae,Heptapleurum,428,iNaturalist,,2026-06-16T19:00:08
Heptapleurum heptaphyllum,鹅掌柴,Heptapleurum heptaphyllum,1263715,species,184,Plantae,Plantae,Magnoliopsida,Araliaceae,Heptapleurum,10168,iNaturalist,,2026-06-16T19:00:03
Heptapleurum minutistellatum,星毛鸭脚木,Heptapleurum minutistellatum,1581015,species,1,Plantae,Plantae,Magnoliopsida,Araliaceae,Heptapleurum,18,iNaturalist,,2026-06-16T19:00:04
Heptapleurum taiwanianum,台湾鹅掌柴,Heptapleurum taiwanianum,1441869,species,6,Plantae,Plantae,Magnoliopsida,Araliaceae,Heptapleurum,724,iNaturalist,,2026-06-16T19:00:05
Heptodonta posticalis,,,,,4,Insecta,Animalia,Insecta,Cicindelidae,Heptodonta,,iNaturalist,HTTPError: HTTP Error 429: normal_throttling,2026-06-16T19:00:14
Heritiera littoralis,银叶树,Heritiera littoralis,193310,species,5,Plantae,Plantae,Magnoliopsida,Malvaceae,Heritiera,1783,iNaturalist,,2026-06-16T19:00:07
Hermetia illucens,,,,,3,Insecta,Animalia,Insecta,Stratiomyidae,Hermetia,,iNaturalist,HTTPError: HTTP Error 429: normal_throttling,2026-06-16T19:00:14
Hernandia nymphaeifolia,,,,,1,Plantae,Plantae,Magnoliopsida,Hernandiaceae,Hernandia,,iNaturalist,HTTPError: HTTP Error 429: normal_throttling,2026-06-16T19:00:14
Herniaria glabra,治疝草,Herniaria glabra,163692,species,2,Plantae,Plantae,Magnoliopsida,Caryophyllaceae,Herniaria,6859,iNaturalist,,2026-06-16T19:00:05
Herochroma cristata,冠始青尺蛾,Herochroma cristata,194584,species,2,Insecta,Animalia,Insecta,Geometridae,Herochroma,421,iNaturalist,,2026-06-16T19:00:06
Herpetogramma licarsisalis,,,,,8,Insecta,Animalia,Insecta,Crambidae,Herpetogramma,,iNaturalist,HTTPError: HTTP Error 429: normal_throttling,2026-06-16T19:00:15
Hespera lomasa,波毛丝跳甲,Hespera lomasa,951672,species,1,Insecta,Animalia,Insecta,Chrysomelidae,Hespera,163,iNaturalist,,2026-06-16T19:00:12
Hesperocnide tenella,,Hesperocnide tenella,59036,species,1,Plantae,Plantae,Magnoliopsida,Urticaceae,Hesperocnide,891,iNaturalist,,2026-06-16T19:00:13
Hestina assimilis,黑脉蛱蝶,Hestina assimilis,324771,species,3,Insecta,Animalia,Insecta,Nymphalidae,Hestina,4747,iNaturalist,,2026-06-16T19:00:09
Heterocentron elegans,蔓茎四瓣果,Heterocentron elegans,285553,species,1,Plantae,Plantae,Magnoliopsida,Melastomataceae,Heterocentron,567,iNaturalist,,2026-06-16T19:00:09
Heterodermia albicans,变白哑铃孢,Heterodermia albicans,221305,species,11,Fungi,Fungi,Lecanoromycetes,Physciaceae,Heterodermia,1834,iNaturalist,,2026-06-16T19:00:10
Heteropoda longipes,,Heteropoda longipes,244674,species,1,Arachnida,Animalia,Arachnida,Sparassidae,Heteropoda,422,iNaturalist,,2026-06-16T19:00:11
Heteropoda pingtungensis,,,,,1,Arachnida,Animalia,Arachnida,Sparassidae,Heteropoda,,iNaturalist,HTTPError: HTTP Error 429: normal_throttling,2026-06-16T19:00:19
Heteropoda venatoria,白额高脚蛛,Heteropoda venatoria,48765,species,12,Arachnida,Animalia,Arachnida,Sparassidae,Heteropoda,27646,iNaturalist,,2026-06-16T19:00:11
Heteropogon contortus,,,,,1,Plantae,Plantae,Liliopsida,Poaceae,Heteropogon,,iNaturalist,HTTPError: HTTP Error 429: normal_throttling,2026-06-16T19:00:21
Heteropsylla cubana,银合欢异木虱,Heteropsylla cubana,330261,species,1,Insecta,Animalia,Insecta,Psyllidae,Heteropsylla,219,iNaturalist,,2026-06-16T19:00:18
Heterorrhina elegans,,Heterorrhina elegans,714336,species,1,Insecta,Animalia,Insecta,Scarabaeidae,Heterorrhina,635,iNaturalist,,2026-06-16T19:00:14
Heterotarsus inflatus,膨隆异土甲,Heterotarsus inflatus,1394245,species,23,Insecta,Animalia,Insecta,Tenebrionidae,Heterotarsus,304,iNaturalist,,2026-06-16T19:00:14
Heterotilapia buettikoferi,,,,,1,Actinopterygii,Animalia,Actinopterygii,Cichlidae,Heterotilapia,,iNaturalist,HTTPError: HTTP Error 429: normal_throttling,2026-06-16T19:00:23
Heterotis rotundifolia,蔓性野牡丹,Heterotis rotundifolia,539111,species,109,Plantae,Plantae,Magnoliopsida,Melastomataceae,Heterotis,4009,iNaturalist,,2026-06-16T19:08:23
Hevea brasiliensis,,,,,1,Plantae,Plantae,Magnoliopsida,Euphorbiaceae,Hevea,,iNaturalist,HTTPError: HTTP Error 429: normal_throttling,2026-06-16T19:00:23
Hexagonia tenuis,亚薄边蜂窝菌,Hexagonia tenuis,351004,species,9,Fungi,Fungi,Agaricomycetes,Polyporaceae,Hexagonia,3128,iNaturalist,,2026-06-16T19:00:15
Hibiscus acetosella,红叶槿,Sabdariffa acetosella,1686223,species,2,Plantae,Plantae,Magnoliopsida,Malvaceae,Hibiscus,1322,iNaturalist,,2026-06-16T19:00:16
Hibiscus mutabilis,,,,,13,Plantae,Plantae,Magnoliopsida,Malvaceae,Hibiscus,,,,
Hibiscus pedunculatus,长柄葵,Hibiscus pedunculatus,489547,species,1,Plantae,Plantae,Magnoliopsida,Malvaceae,Hibiscus,650,iNaturalist,,2026-06-16T19:00:16
Hibiscus radiatus,辐射刺芙蓉,Sabdariffa radiata,1687405,species,4,Plantae,Plantae,Magnoliopsida,Malvaceae,Hibiscus,514,iNaturalist,,2026-06-16T19:00:17
Hibiscus rosa-sinensis,吊灯扶桑,Hibiscus schizopetalus,62877,species,264,Plantae,Plantae,Magnoliopsida,Malvaceae,Hibiscus,4263,iNaturalist,,2026-06-16T19:02:54
Hibiscus sabdariffa,玫瑰茄,Hibiscus sabdariffa,163773,species,1,Plantae,Plantae,Magnoliopsida,Malvaceae,Hibiscus,4742,iNaturalist,,2026-06-16T19:00:19
Hibiscus schizopetalus,吊灯扶桑,Hibiscus schizopetalus,62877,species,15,Plantae,Plantae,Magnoliopsida,Malvaceae,Hibiscus,4263,iNaturalist,,2026-06-16T19:00:19
Hibiscus syriacus,,,,,27,Plantae,Plantae,Magnoliopsida,Malvaceae,Hibiscus,,,,
Hibiscus tiliaceus,黄槿,Hibiscus tiliaceus,62868,species,32,Plantae,Plantae,Magnoliopsida,Malvaceae,Hibiscus,21838,iNaturalist,,2026-06-16T19:00:20
Hieracium murorum,墙山柳菊,Hieracium murorum,163793,species,1,Plantae,Plantae,Magnoliopsida,Asteraceae,Hieracium,10039,iNaturalist,,2026-06-16T19:00:21
Hierococcyx sparverioides,,,,,11,Aves,Animalia,Aves,Cuculidae,Hierococcyx,,,,
Hierodula patellifera,广斧螳,Hierodula patellifera,328037,species,36,Insecta,Animalia,Insecta,Mantidae,Hierodula,18146,iNaturalist,,2026-06-16T19:00:22
Hieroglyphus tonkinensis,异歧蔗蝗,Hieroglyphus tonkinensis,470581,species,1,Insecta,Animalia,Insecta,Acrididae,Hieroglyphus,1011,iNaturalist,,2026-06-16T19:00:22
Himantopus himantopus,黑翅长脚鹬,Himantopus himantopus,4835,species,17,Aves,Animalia,Aves,Recurvirostridae,Himantopus,59386,iNaturalist,,2026-06-16T19:00:23
Hipoepa biasalis,,,,,1,Insecta,Animalia,Insecta,Erebidae,Hipoepa,,,,
Hippeastrum puniceum,,,,,18,Plantae,Plantae,Liliopsida,Amaryllidaceae,Hippeastrum,,,,
Hippeastrum reticulatum,,,,,11,Plantae,Plantae,Liliopsida,Amaryllidaceae,Hippeastrum,,,,
Hippeastrum striatum,朱顶红,Hippeastrum striatum,348760,species,23,Plantae,Plantae,Liliopsida,Amaryllidaceae,Hippeastrum,612,iNaturalist,,2026-06-16T19:00:24
Hippobroma longiflora,马醉草,Hippobroma longiflora,154827,species,3,Plantae,Plantae,Magnoliopsida,Campanulaceae,Hippobroma,9066,iNaturalist,,2026-06-16T19:00:25
Hippocratea volubilis,,,,,1,Plantae,Plantae,Magnoliopsida,Celastraceae,Hippocratea,,,,
Hipposideros armiger,,,,,1,Mammalia,Animalia,Mammalia,Hipposideridae,Hipposideros,,,,
Hippotion rosetta,,,,,4,Insecta,Animalia,Insecta,Sphingidae,Hippotion,,,,
Hiptage benghalensis,,,,,8,Plantae,Plantae,Magnoliopsida,Malpighiaceae,Hiptage,,,,
Hirundapus caudacutus,,,,,1,Aves,Animalia,Aves,Apodidae,Hirundapus,,,,
Hirundo rustica,,,,,36,Aves,Animalia,Aves,Hirundinidae,Hirundo,,,,
Holmskioldia sanguinea,,,,,8,Plantae,Plantae,Magnoliopsida,Lamiaceae,Holmskioldia,,,,
Holochlora japonica,,,,,10,Insecta,Animalia,Insecta,Tettigoniidae,Holochlora,,,,
Holotrichia lata,,,,,11,Insecta,Animalia,Insecta,Scarabaeidae,Holotrichia,,,,
Homalium cochinchinense,,,,,52,Plantae,Plantae,Magnoliopsida,Salicaceae,Homalium,,,,
Homalomena occulta,,,,,2,Plantae,Plantae,Liliopsida,Araceae,Homalomena,,,,
Homalomena philippinensis,,,,,2,Plantae,Plantae,Liliopsida,Araceae,Homalomena,,,,
Homidia socia,,,,,5,Animalia,Animalia,Entognatha,Entomobryidae,Homidia,,,,
Homoneura unguiculata,,,,,5,Insecta,Animalia,Insecta,Lauxaniidae,Homoneura,,,,
Hosta plantaginea,玉簪,Hosta plantaginea,145718,species,100,Plantae,Plantae,Liliopsida,Asparagaceae,Hosta,3554,iNaturalist,,2026-06-16T19:04:34
Hosta sieboldiana,,,,,1,Plantae,Plantae,Liliopsida,Asparagaceae,Hosta,,,,
Hosta sieboldii,,,,,5,Plantae,Plantae,Liliopsida,Asparagaceae,Hosta,,,,
Hosta ventricosa,,,,,2,Plantae,Plantae,Liliopsida,Asparagaceae,Hosta,,,,
Houttuynia cordata,,,,,9,Plantae,Plantae,Magnoliopsida,Saururaceae,Houttuynia,,,,
Howea forsteriana,,,,,4,Plantae,Plantae,Liliopsida,Arecaceae,Howea,,,,
Hoya australis,,,,,1,Plantae,Plantae,Magnoliopsida,Apocynaceae,Hoya,,,,
Hoya carnosa,,,,,2,Plantae,Plantae,Magnoliopsida,Apocynaceae,Hoya,,,,
Huechys sanguinea,,,,,2,Insecta,Animalia,Insecta,Cicadidae,Huechys,,,,
Humulus scandens,,,,,1,Plantae,Plantae,Magnoliopsida,Cannabaceae,Humulus,,,,
Hyalobathra undulinea,,,,,1,Insecta,Animalia,Insecta,Crambidae,Hyalobathra,,,,
Hyalopeplus spinosus,,,,,1,Insecta,Animalia,Insecta,Miridae,Hyalopeplus,,,,
Hyblaea firmamentum,,,,,1,Insecta,Animalia,Insecta,Hyblaeidae,Hyblaea,,,,
Hydrangea chinensis,,,,,1,Plantae,Plantae,Magnoliopsida,Hydrangeaceae,Hydrangea,,,,
Hydrangea macrophylla,,,,,17,Plantae,Plantae,Magnoliopsida,Hydrangeaceae,Hydrangea,,,,
Hydrangea paniculata,,,,,1,Plantae,Plantae,Magnoliopsida,Hydrangeaceae,Hydrangea,,,,
Hydrangea petiolaris,,,,,4,Plantae,Plantae,Magnoliopsida,Hydrangeaceae,Hydrangea,,,,
Hydrilla verticillata,,,,,8,Plantae,Plantae,Liliopsida,Hydrocharitaceae,Hydrilla,,,,
Hydrillodes lentalis,,,,,6,Insecta,Animalia,Insecta,Erebidae,Hydrillodes,,,,
Hydrillodes nilgirialis,,,,,1,Insecta,Animalia,Insecta,Erebidae,Hydrillodes,,,,
Hydrocleys nymphoides,,,,,3,Plantae,Plantae,Liliopsida,Alismataceae,Hydrocleys,,,,
Hydrocotyle acutiloba,,,,,4,Plantae,Plantae,Magnoliopsida,Araliaceae,Hydrocotyle,,,,
Hydrocotyle batrachium,,,,,1,Plantae,Plantae,Magnoliopsida,Araliaceae,Hydrocotyle,,,,
Hydrocotyle bonariensis,,,,,1,Plantae,Plantae,Magnoliopsida,Araliaceae,Hydrocotyle,,,,
Hydrocotyle heteromeria,,,,,1,Plantae,Plantae,Magnoliopsida,Araliaceae,Hydrocotyle,,,,
Hydrocotyle leucocephala,,,,,1,Plantae,Plantae,Magnoliopsida,Araliaceae,Hydrocotyle,,,,
Hydrocotyle nepalensis,,,,,7,Plantae,Plantae,Magnoliopsida,Araliaceae,Hydrocotyle,,,,
Hydrocotyle novae-zeelandiae,,,,,1,Plantae,Plantae,Magnoliopsida,Araliaceae,Hydrocotyle,,,,
Hydrocotyle sibthorpioides,天胡荽,Hydrocotyle sibthorpioides,128684,species,111,Plantae,Plantae,Magnoliopsida,Araliaceae,Hydrocotyle,4911,iNaturalist,,2026-06-16T19:04:20
Hydrocotyle umbellata,,,,,6,Plantae,Plantae,Magnoliopsida,Araliaceae,Hydrocotyle,,,,
Hydrocotyle verticillata,南美天胡荽,Hydrocotyle verticillata,60121,species,138,Plantae,Plantae,Magnoliopsida,Araliaceae,Hydrocotyle,9645,iNaturalist,,2026-06-16T19:03:46
Hydrocotyle vulgaris,,,,,1,Plantae,Plantae,Magnoliopsida,Araliaceae,Hydrocotyle,,,,
Hydrotaea chalcogaster,斑跖齿股蝇,Hydrotaea chalcogaster,477089,species,82,Insecta,Animalia,Insecta,Muscidae,Hydrotaea,1488,iNaturalist,,2026-06-16T19:05:22
Hygroamblystegium varium,,,,,1,Plantae,Plantae,Bryopsida,Amblystegiaceae,Hygroamblystegium,,,,
Hygrophila polysperma,,,,,1,Plantae,Plantae,Magnoliopsida,Acanthaceae,Hygrophila,,,,
Hylarana guentheri,,,,,8,Amphibia,Animalia,Amphibia,Ranidae,Hylarana,,,,
Hylarana latouchii,,,,,1,Amphibia,Animalia,Amphibia,Ranidae,,,,,
Hylarana taipehensis,,,,,1,Amphibia,Animalia,Amphibia,Ranidae,Hylarana,,,,
Hymenocallis littoralis,,,,,5,Plantae,Plantae,Liliopsida,Amaryllidaceae,Hymenocallis,,,,
Hymenocallis speciosa,,,,,14,Plantae,Plantae,Liliopsida,Amaryllidaceae,Hymenocallis,,,,
Hymenochaete microcycla,,,,,2,Fungi,Fungi,Agaricomycetes,Hymenochaetaceae,Hymenochaete,,,,
Hyophila involuta,卷叶湿地藓,Hyophila involuta,163949,species,300,Plantae,Plantae,Bryopsida,Pottiaceae,Hyophila,2833,iNaturalist,,2026-06-16T19:02:52
Hyophila propagulifera,,,,,4,Plantae,Plantae,Bryopsida,Pottiaceae,Hyophila,,,,
Hyophorbe lagenicaulis,,,,,6,Plantae,Plantae,Liliopsida,Arecaceae,Hyophorbe,,,,
Hypena laceratalis,,,,,1,Insecta,Animalia,Insecta,Erebidae,Hypena,,,,
Hypericum monogynum,,,,,2,Plantae,Plantae,Magnoliopsida,Hypericaceae,Hypericum,,,,
Hyperphyscia adglutinata,,,,,1,Fungi,Fungi,Lecanoromycetes,Physciaceae,Hyperphyscia,,,,
Hypocala deflorata,,,,,1,Insecta,Animalia,Insecta,Erebidae,Hypocala,,,,
Hypolimnas bolina,,,,,20,Insecta,Animalia,Insecta,Nymphalidae,Hypolimnas,,,,
Hypolytrum nemorum,,,,,1,Plantae,Plantae,Liliopsida,Cyperaceae,Hypolytrum,,,,
Hypomeces pulviger,,,,,3,Insecta,Animalia,Insecta,Curculionidae,Hypomeces,,,,
Hypomecis transcissa,,,,,4,Insecta,Animalia,Insecta,Geometridae,Hypomecis,,,,
Hypomyces aurantius,,,,,1,Fungi,Fungi,Sordariomycetes,Hypocreaceae,Hypomyces,,,,
Hyposidra infixaria,,,,,1,Insecta,Animalia,Insecta,Geometridae,Hyposidra,,,,
Hyposidra talaca,,,,,16,Insecta,Animalia,Insecta,Geometridae,Hyposidra,,,,
Hypospila bolinoides,,,,,1,Insecta,Animalia,Insecta,Erebidae,Hypospila,,,,
Hypothymis azurea,,,,,1,Aves,Animalia,Aves,Monarchidae,Hypothymis,,,,
Hypoxylon howeanum,,,,,1,Fungi,Fungi,Sordariomycetes,Hypoxylaceae,Hypoxylon,,,,
Hypserpa nitida,,,,,7,Plantae,Plantae,Magnoliopsida,Menispermaceae,Hypserpa,,,,
Hypsipetes leucocephalus,,,,,3,Aves,Animalia,Aves,Pycnonotidae,Hypsipetes,,,,
Hypsiscopus plumbea,,,,,1,Reptilia,Animalia,Reptilia,Homalopsidae,Hypsiscopus,,,,
Hysteroneura setariae,,,,,5,Insecta,Animalia,Insecta,Aphididae,Hysteroneura,,,,
Icerya purchasi,,,,,4,Insecta,Animalia,Insecta,Monophlebidae,Icerya,,,,
Icerya seychellarum,,,,,3,Insecta,Animalia,Insecta,Monophlebidae,Icerya,,,,
Ictinogomphus pertinax,,,,,2,Insecta,Animalia,Insecta,Gomphidae,Ictinogomphus,,,,
Idaea chotaria,,,,,1,Insecta,Animalia,Insecta,Geometridae,Idaea,,,,
Idaea impexa,,,,,3,Insecta,Animalia,Insecta,Geometridae,Idaea,,,,
Idaea ptyonopoda,,,,,1,Insecta,Animalia,Insecta,Geometridae,Idaea,,,,
Idgia dubia,,,,,1,Insecta,Animalia,Insecta,Prionoceridae,Idgia,,,,
Ilex asprella,秤星树,Ilex asprella,556243,species,55,Plantae,Plantae,Magnoliopsida,Aquifoliaceae,Ilex,4404,iNaturalist,,2026-06-16T19:09:43
Ilex cornuta,,,,,3,Plantae,Plantae,Magnoliopsida,Aquifoliaceae,Ilex,,,,
Ilex kusanoi,,,,,2,Plantae,Plantae,Magnoliopsida,Aquifoliaceae,Ilex,,,,
Ilex mitis,,,,,1,Plantae,Plantae,Magnoliopsida,Aquifoliaceae,Ilex,,,,
Ilex pubescens,毛冬青,Ilex pubescens,544839,species,83,Plantae,Plantae,Magnoliopsida,Aquifoliaceae,Ilex,1542,iNaturalist,,2026-06-16T19:05:18
Ilex rotunda,,,,,36,Plantae,Plantae,Magnoliopsida,Aquifoliaceae,Ilex,,,,
Illeis confusa,,,,,3,Insecta,Animalia,Insecta,Coccinellidae,Illeis,,,,
Illicium verum,,,,,1,Plantae,Plantae,Magnoliopsida,Schisandraceae,Illicium,,,,
Ilyoplax ningpoensis,,,,,1,Animalia,Animalia,Malacostraca,Dotillidae,Ilyoplax,,,,
Imleria badia,,,,,2,Fungi,Fungi,Agaricomycetes,Boletaceae,Imleria,,,,
Imma mylias,,,,,6,Insecta,Animalia,Insecta,Immidae,Imma,,,,
Impatiens chinensis,,,,,1,Plantae,Plantae,Magnoliopsida,Balsaminaceae,Impatiens,,,,
Impatiens hawkeri,新几内亚凤仙花,Impatiens hawkeri,349271,species,73,Plantae,Plantae,Magnoliopsida,Balsaminaceae,Impatiens,18263,iNaturalist,,2026-06-16T19:05:49
Impatiens noli-tangere,,,,,1,Plantae,Plantae,Magnoliopsida,Balsaminaceae,Impatiens,,,,
Impatiens walleriana,,,,,28,Plantae,Plantae,Magnoliopsida,Balsaminaceae,Impatiens,,,,
Imperata cylindrica,,,,,31,Plantae,Plantae,Liliopsida,Poaceae,Imperata,,,,
Indarbela obliquifasciata,,,,,3,Insecta,Animalia,Insecta,Metarbelidae,Indarbela,,,,
Indigofera spicata,,,,,1,Plantae,Plantae,Magnoliopsida,Fabaceae,Indigofera,,,,
Indotyphlops albiceps,,,,,2,Reptilia,Animalia,Reptilia,Typhlopidae,Indotyphlops,,,,
Indotyphlops braminus,,,,,6,Reptilia,Animalia,Reptilia,Typhlopidae,Indotyphlops,,,,
Ipomoea alba,,,,,1,Plantae,Plantae,Magnoliopsida,Convolvulaceae,Ipomoea,,,,
Ipomoea aquatica,,,,,3,Plantae,Plantae,Magnoliopsida,Convolvulaceae,Ipomoea,,,,
Ipomoea batatas,,,,,11,Plantae,Plantae,Magnoliopsida,Convolvulaceae,Ipomoea,,,,
Ipomoea cairica,,,,,33,Plantae,Plantae,Magnoliopsida,Convolvulaceae,Ipomoea,,,,
Ipomoea cordatotriloba,,,,,1,Plantae,Plantae,Magnoliopsida,Convolvulaceae,Ipomoea,,,,
Ipomoea hederacea,,,,,3,Plantae,Plantae,Magnoliopsida,Convolvulaceae,Ipomoea,,,,
Ipomoea mauritiana,,,,,2,Plantae,Plantae,Magnoliopsida,Convolvulaceae,Ipomoea,,,,
Ipomoea nil,,,,,7,Plantae,Plantae,Magnoliopsida,Convolvulaceae,Ipomoea,,,,
Ipomoea obscura,,,,,13,Plantae,Plantae,Magnoliopsida,Convolvulaceae,Ipomoea,,,,
Ipomoea pes-caprae,,,,,12,Plantae,Plantae,Magnoliopsida,Convolvulaceae,Ipomoea,,,,
Ipomoea purpurea,,,,,2,Plantae,Plantae,Magnoliopsida,Convolvulaceae,Ipomoea,,,,
Ipomoea quamoclit,,,,,1,Plantae,Plantae,Magnoliopsida,Convolvulaceae,Ipomoea,,,,
Ipomoea setosa,,,,,1,Plantae,Plantae,Magnoliopsida,Convolvulaceae,Ipomoea,,,,
Ipomoea triloba,,,,,3,Plantae,Plantae,Magnoliopsida,Convolvulaceae,Ipomoea,,,,
Iraota timoleon,,,,,6,Insecta,Animalia,Insecta,Lycaenidae,Iraota,,,,
Iresine diffusa,,,,,1,Plantae,Plantae,Magnoliopsida,Amaranthaceae,Iresine,,,,
Iridomyrmex anceps,,,,,28,Insecta,Animalia,Insecta,Formicidae,Iridomyrmex,,,,
Iris domestica,射干,Iris domestica,204330,species,132,Plantae,Plantae,Liliopsida,Iridaceae,Iris,10655,iNaturalist,,2026-06-16T19:03:54
Iris ensata,,,,,1,Plantae,Plantae,Liliopsida,Iridaceae,Iris,,,,
Iris laevigata,,,,,4,Plantae,Plantae,Liliopsida,Iridaceae,Iris,,,,
Iris pseudacorus,,,,,3,Plantae,Plantae,Liliopsida,Iridaceae,Iris,,,,
Irpiciporus pachyodon,,,,,1,Fungi,Fungi,Agaricomycetes,Cerrenaceae,Irpiciporus,,,,
Isachne globosa,,,,,3,Plantae,Plantae,Liliopsida,Poaceae,Isachne,,,,
Ischaemum muticum,,,,,1,Plantae,Plantae,Liliopsida,Poaceae,Ischaemum,,,,
Ischiodon scutellaris,,,,,1,Insecta,Animalia,Insecta,Syrphidae,Ischiodon,,,,
Ischnura senegalensis,,,,,31,Insecta,Animalia,Insecta,Coenagrionidae,Ischnura,,,,
Ischyja ferrifracta,,,,,1,Insecta,Animalia,Insecta,Erebidae,Ischyja,,,,
Isodontia diodon,,,,,1,Insecta,Animalia,Insecta,Sphecidae,Isodontia,,,,
Itea chinensis,,,,,3,Plantae,Plantae,Magnoliopsida,Iteaceae,Itea,,,,
Itea parviflora,,,,,1,Plantae,Plantae,Magnoliopsida,Iteaceae,Itea,,,,
Ixeridium dentatum,,,,,1,Plantae,Plantae,Magnoliopsida,Asteraceae,Ixeridium,,,,
Ixeris chinensis,,,,,9,Plantae,Plantae,Magnoliopsida,Asteraceae,Ixeris,,,,
Ixora casei,,,,,49,Plantae,Plantae,Magnoliopsida,Rubiaceae,Ixora,,,,
Ixora chinensis,龙船花,Ixora chinensis,133308,species,253,Plantae,Plantae,Magnoliopsida,Rubiaceae,Ixora,10469,iNaturalist,,2026-06-16T19:02:56
Ixora coccinea,红龙船花,Ixora coccinea,133309,species,80,Plantae,Plantae,Magnoliopsida,Rubiaceae,Ixora,37083,iNaturalist,,2026-06-16T19:05:29
Ixora congesta,,,,,2,Plantae,Plantae,Magnoliopsida,Rubiaceae,Ixora,,,,
Ixora finlaysoniana,,,,,5,Plantae,Plantae,Magnoliopsida,Rubiaceae,Ixora,,,,
Ixora pavetta,,,,,1,Plantae,Plantae,Magnoliopsida,Rubiaceae,Ixora,,,,
Jacaranda mimosifolia,,,,,11,Plantae,Plantae,Magnoliopsida,Bignoniaceae,Jacaranda,,,,
Jacobaea maritima,,,,,1,Plantae,Plantae,Magnoliopsida,Asteraceae,Jacobaea,,,,
Jamides bochus,,,,,2,Insecta,Animalia,Insecta,Lycaenidae,Jamides,,,,
Jasminum elongatum,,,,,4,Plantae,Plantae,Magnoliopsida,Oleaceae,Jasminum,,,,
Jasminum grandiflorum,,,,,1,Plantae,Plantae,Magnoliopsida,Oleaceae,Jasminum,,,,
Jasminum lanceolarium,,,,,5,Plantae,Plantae,Magnoliopsida,Oleaceae,Jasminum,,,,
Jasminum mesnyi,,,,,1,Plantae,Plantae,Magnoliopsida,Oleaceae,Jasminum,,,,
Jasminum multiflorum,,,,,14,Plantae,Plantae,Magnoliopsida,Oleaceae,Jasminum,,,,
Jasminum nervosum,,,,,11,Plantae,Plantae,Magnoliopsida,Oleaceae,Jasminum,,,,
Jasminum officinale,,,,,5,Plantae,Plantae,Magnoliopsida,Oleaceae,Jasminum,,,,
Jasminum sambac,,,,,18,Plantae,Plantae,Magnoliopsida,Oleaceae,Jasminum,,,,
Jatropha curcas,,,,,1,Plantae,Plantae,Magnoliopsida,Euphorbiaceae,Jatropha,,,,
Jatropha gossypiifolia,,,,,1,Plantae,Plantae,Magnoliopsida,Euphorbiaceae,Jatropha,,,,
Jatropha integerrima,琴叶珊瑚,Jatropha integerrima,164240,species,188,Plantae,Plantae,Magnoliopsida,Euphorbiaceae,Jatropha,13737,iNaturalist,,2026-06-16T19:03:16
Juncus prismatocarpus,,,,,1,Plantae,Plantae,Liliopsida,Juncaceae,Juncus,,,,
Juncus repens,,,,,1,Plantae,Plantae,Liliopsida,Juncaceae,Juncus,,,,
Juniperus chinensis,圆柏,Juniperus chinensis,135925,species,94,Plantae,Plantae,Pinopsida,Cupressaceae,Juniperus,11851,iNaturalist,,2026-06-16T19:04:54
Juniperus rigida,,,,,1,Plantae,Plantae,Pinopsida,Cupressaceae,Juniperus,,,,
Juniperus squamata,,,,,1,Plantae,Plantae,Pinopsida,Cupressaceae,Juniperus,,,,
Junonia atlites,,,,,1,Insecta,Animalia,Insecta,Nymphalidae,Junonia,,,,
Junonia lemonias,,,,,3,Insecta,Animalia,Insecta,Nymphalidae,Junonia,,,,
Jurinea deltoidea,,,,,1,Plantae,Plantae,Magnoliopsida,Asteraceae,Jurinea,,,,
Justicia adhatoda,,,,,2,Plantae,Plantae,Magnoliopsida,Acanthaceae,Justicia,,,,
Justicia betonica,,,,,1,Plantae,Plantae,Magnoliopsida,Acanthaceae,Justicia,,,,
Justicia brandegeeana,,,,,1,Plantae,Plantae,Magnoliopsida,Acanthaceae,Justicia,,,,
Justicia carnea,,,,,1,Plantae,Plantae,Magnoliopsida,Acanthaceae,Justicia,,,,
Justicia gendarussa,,,,,19,Plantae,Plantae,Magnoliopsida,Acanthaceae,Justicia,,,,
Justicia procumbens,,,,,1,Plantae,Plantae,Magnoliopsida,Acanthaceae,Justicia,,,,
Justicia spicigera,,,,,1,Plantae,Plantae,Magnoliopsida,Acanthaceae,Justicia,,,,
Kaempferia galanga,,,,,1,Plantae,Plantae,Liliopsida,Zingiberaceae,Kaempferia,,,,
Kaempferia rotunda,,,,,6,Plantae,Plantae,Liliopsida,Zingiberaceae,Kaempferia,,,,
Kalanchoe blossfeldiana,,,,,9,Plantae,Plantae,Magnoliopsida,Crassulaceae,Kalanchoe,,,,
Kalanchoe daigremontiana,,,,,1,Plantae,Plantae,Magnoliopsida,Crassulaceae,Kalanchoe,,,,
Kalanchoe delagoensis,,,,,3,Plantae,Plantae,Magnoliopsida,Crassulaceae,Kalanchoe,,,,
Kalanchoe laetivirens,,,,,28,Plantae,Plantae,Magnoliopsida,Crassulaceae,Kalanchoe,,,,
Kalanchoe pinnata,,,,,21,Plantae,Plantae,Magnoliopsida,Crassulaceae,Kalanchoe,,,,
Kaliella depressa,,,,,3,Mollusca,Animalia,Gastropoda,Chronidae,Kaliella,,,,
Kaloula pulchra,花狭口蛙,Kaloula pulchra,326303,species,98,Amphibia,Animalia,Amphibia,Microhylidae,Kaloula,9686,iNaturalist,,2026-06-16T19:04:40
Kamalia priapus,,,,,2,Insecta,Animalia,Insecta,Notodontidae,Kamalia,,,,
Kandelia obovata,,,,,7,Plantae,Plantae,Magnoliopsida,Rhizophoraceae,Kandelia,,,,
Karomia speciosa,,,,,4,Plantae,Plantae,Magnoliopsida,Lamiaceae,Karomia,,,,
Kelawakaju frenata,,,,,1,Arachnida,Animalia,Arachnida,Salticidae,Kelawakaju,,,,
Khaya senegalensis,,,,,34,Plantae,Plantae,Magnoliopsida,Meliaceae,Khaya,,,,
Kigelia africana,,,,,3,Plantae,Plantae,Magnoliopsida,Bignoniaceae,Kigelia,,,,
Klambothrips myopori,,,,,1,Insecta,Animalia,Insecta,Phlaeothripidae,Klambothrips,,,,
Koelreuteria bipinnata,,,,,9,Plantae,Plantae,Magnoliopsida,Sapindaceae,Koelreuteria,,,,
Koelreuteria elegans,,,,,31,Plantae,Plantae,Magnoliopsida,Sapindaceae,Koelreuteria,,,,
Koelreuteria paniculata,,,,,1,Plantae,Plantae,Magnoliopsida,Sapindaceae,Koelreuteria,,,,
Kopsia fruticosa,,,,,1,Plantae,Plantae,Magnoliopsida,Apocynaceae,Kopsia,,,,
Krananda falcata,,,,,1,Insecta,Animalia,Insecta,Geometridae,Krananda,,,,
Krananda latimarginaria,,,,,3,Insecta,Animalia,Insecta,Geometridae,Krananda,,,,
Krugiodendron ferreum,,,,,1,Plantae,Plantae,Magnoliopsida,Rhamnaceae,Krugiodendron,,,,
Labdia semicoccinea,,,,,2,Insecta,Animalia,Insecta,Cosmopterigidae,Labdia,,,,
Labeo rohita,,,,,1,Actinopterygii,Animalia,Actinopterygii,Cyprinidae,Labeo,,,,
Labidochromis caeruleus,,,,,1,Actinopterygii,Animalia,Actinopterygii,Cichlidae,Labidochromis,,,,
Lablab purpureus,,,,,1,Plantae,Plantae,Magnoliopsida,Fabaceae,Lablab,,,,
Lactuca sativa,,,,,4,Plantae,Plantae,Magnoliopsida,Asteraceae,Lactuca,,,,
Laevicaulis alte,,,,,31,Mollusca,Animalia,Gastropoda,Veronicellidae,Laevicaulis,,,,
Lagerstroemia indica,,,,,49,Plantae,Plantae,Magnoliopsida,Lythraceae,Lagerstroemia,,,,
Lagerstroemia speciosa,大花紫薇,Lagerstroemia speciosa,133607,species,59,Plantae,Plantae,Magnoliopsida,Lythraceae,Lagerstroemia,10667,iNaturalist,,2026-06-16T19:06:33
Lagerstroemia subcostata,,,,,2,Plantae,Plantae,Magnoliopsida,Lythraceae,Lagerstroemia,,,,
Lalage melaschistos,,,,,1,Aves,Animalia,Aves,Campephagidae,Lalage,,,,
Lamium hybridum,,,,,1,Plantae,Plantae,Magnoliopsida,Lamiaceae,Lamium,,,,
Lampides boeticus,,,,,11,Insecta,Animalia,Insecta,Lycaenidae,Lampides,,,,
Lamproptera curius,,,,,2,Insecta,Animalia,Insecta,Papilionidae,Lamproptera,,,,
Lamprosema commixta,,,,,1,Insecta,Animalia,Insecta,Crambidae,Lamprosema,,,,
Lamprosema tampiusalis,,,,,1,Insecta,Animalia,Insecta,Crambidae,Lamprosema,,,,
Lanius cristatus,,,,,6,Aves,Animalia,Aves,Laniidae,Lanius,,,,
Lanius schach,,,,,22,Aves,Animalia,Aves,Laniidae,Lanius,,,,
Lantana camara,马缨丹,Lantana camara,50333,species,207,Plantae,Plantae,Magnoliopsida,Verbenaceae,Lantana,95095,iNaturalist,,2026-06-16T19:03:10
Lantana depressa,,,,,5,Plantae,Plantae,Magnoliopsida,Verbenaceae,Lantana,,,,
Lantana horrida,,,,,1,Plantae,Plantae,Magnoliopsida,Verbenaceae,Lantana,,,,
Lantana montevidensis,,,,,40,Plantae,Plantae,Magnoliopsida,Verbenaceae,Lantana,,,,
Lantana strigocamara,,,,,18,Plantae,Plantae,Magnoliopsida,Verbenaceae,Lantana,,,,
Lantana trifolia,,,,,1,Plantae,Plantae,Magnoliopsida,Verbenaceae,Lantana,,,,
Laportea aestuans,,,,,2,Plantae,Plantae,Magnoliopsida,Urticaceae,Laportea,,,,
Lasia spinosa,,,,,1,Plantae,Plantae,Liliopsida,Araceae,Lasia,,,,
Lasianthaea fruticosa,,,,,1,Plantae,Plantae,Magnoliopsida,Asteraceae,Lasianthaea,,,,
Lasianthus chinensis,,,,,1,Plantae,Plantae,Magnoliopsida,Rubiaceae,Lasianthus,,,,
Lasioderma serricorne,,,,,5,Insecta,Animalia,Insecta,Ptinidae,Lasioderma,,,,
Lasioglossum albescens,,,,,1,Insecta,Animalia,Insecta,Halictidae,Lasioglossum,,,,
Lates calcarifer,,,,,1,Actinopterygii,Animalia,Actinopterygii,Latidae,Lates,,,,
Lavandula angustifolia,,,,,1,Plantae,Plantae,Magnoliopsida,Lamiaceae,Lavandula,,,,
Lawana imitata,,,,,4,Insecta,Animalia,Insecta,Flatidae,Lawana,,,,
Lecanora carpinea,,,,,1,Fungi,Fungi,Lecanoromycetes,Lecanoraceae,Lecanora,,,,
Lecanora rupicola,,,,,3,Fungi,Fungi,Lecanoromycetes,Lecanoraceae,Lecanora,,,,
Lecanora strobilina,,,,,1,Fungi,Fungi,Lecanoromycetes,Lecanoraceae,Lecanora,,,,
Lecanora thysanophora,,,,,6,Fungi,Fungi,Lecanoromycetes,Lecanoraceae,Lecanora,,,,
Lecitholaxa thiodora,,,,,1,Insecta,Animalia,Insecta,Lecithoceridae,Lecitholaxa,,,,
Leiothrix argentauris,,,,,20,Aves,Animalia,Aves,Leiothrichidae,Leiothrix,,,,
Lema rufotestacea,,,,,2,Insecta,Animalia,Insecta,Chrysomelidae,Lema,,,,
Lemmaphyllum microphyllum,,,,,9,Plantae,Plantae,Polypodiopsida,Polypodiaceae,Lemmaphyllum,,,,
Lemna aequinoctialis,,,,,8,Plantae,Plantae,Liliopsida,Araceae,Lemna,,,,
Lemna minor,,,,,18,Plantae,Plantae,Liliopsida,Araceae,Lemna,,,,
Lemur catta,,,,,1,Mammalia,Animalia,Mammalia,Lemuridae,Lemur,,,,
Lemyra alikangensis,,,,,1,Insecta,Animalia,Insecta,Erebidae,Lemyra,,,,
Lentinula edodes,,,,,1,Fungi,Fungi,Agaricomycetes,Omphalotaceae,Lentinula,,,,
Lentinus arcularius,,,,,1,Fungi,Fungi,Agaricomycetes,Polyporaceae,Lentinus,,,,
Lentinus squarrosulus,,,,,1,Fungi,Fungi,Agaricomycetes,Polyporaceae,Lentinus,,,,
Leonurus japonicus,,,,,1,Plantae,Plantae,Magnoliopsida,Lamiaceae,Leonurus,,,,
Lepidagathis formosensis,,,,,1,Plantae,Plantae,Magnoliopsida,Acanthaceae,Lepidagathis,,,,
Lepidiota tridens,,,,,1,Insecta,Animalia,Insecta,Scarabaeidae,Lepidiota,,,,
Lepidium densiflorum,,,,,1,Plantae,Plantae,Magnoliopsida,Brassicaceae,Lepidium,,,,
Lepidium didymum,,,,,1,Plantae,Plantae,Magnoliopsida,Brassicaceae,Lepidium,,,,
Lepidium virginicum,,,,,11,Plantae,Plantae,Magnoliopsida,Brassicaceae,Lepidium,,,,
Lepiota brunneoincarnata,,,,,1,Fungi,Fungi,Agaricomycetes,Verrucosporaceae,Lepiota,,,,
Lepisorus fortuni,,,,,2,Plantae,Plantae,Polypodiopsida,Polypodiaceae,Lepisorus,,,,
Lepisorus thunbergianus,,,,,1,Plantae,Plantae,Polypodiopsida,Polypodiaceae,Lepisorus,,,,
Lepraria finkii,,,,,15,Fungi,Fungi,Lecanoromycetes,Stereocaulaceae,Lepraria,,,,
Lepraria neglecta,,,,,8,Fungi,Fungi,Lecanoromycetes,Stereocaulaceae,Lepraria,,,,
Leprocaulon quisquiliare,,,,,1,Fungi,Fungi,Lecanoromycetes,Leprocaulaceae,Leprocaulon,,,,
Leptochilus digitatus,,,,,2,Plantae,Plantae,Polypodiopsida,Polypodiaceae,Leptochilus,,,,
Leptochilus ellipticus,,,,,2,Plantae,Plantae,Polypodiopsida,Polypodiaceae,Leptochilus,,,,
Leptochilus pteropus,,,,,1,Plantae,Plantae,Polypodiopsida,Polypodiaceae,Leptochilus,,,,
Leptocoris augur,,,,,1,Insecta,Animalia,Insecta,Rhopalidae,Leptocoris,,,,
Leptocoris vicinus,大红姬缘蝽,Leptocoris vicinus,566305,species,58,Insecta,Animalia,Insecta,Rhopalidae,Leptocoris,3982,iNaturalist,,2026-06-16T19:06:37
Leptodialepis bipartitus,,,,,7,Insecta,Animalia,Insecta,Pompilidae,Leptodialepis,,,,
Leptodictyum riparium,,,,,2,Plantae,Plantae,Bryopsida,Amblystegiaceae,Leptodictyum,,,,
Leptogoniulus sorornus,,,,,1,Animalia,Animalia,Diplopoda,Pachybolidae,Leptogoniulus,,,,
Leptopoma perlucidum,,,,,5,Mollusca,Animalia,Gastropoda,Cyclophoridae,Leptopoma,,,,
Leptosia nina,,,,,2,Insecta,Animalia,Insecta,Pieridae,Leptosia,,,,
Leptotes plinius,,,,,7,Insecta,Animalia,Insecta,Lycaenidae,Leptotes,,,,
Leptothrix discophora,,,,,2,,Bacteria,Betaproteobacteria,Comamonadaceae,Leptothrix,,,,
Leskea polycarpa,,,,,1,Plantae,Plantae,Bryopsida,Leskeaceae,Leskea,,,,
Lethe europa,,,,,1,Insecta,Animalia,Insecta,Nymphalidae,Lethe,,,,
Lethocolea pansa,,,,,1,Plantae,Plantae,Jungermanniopsida,Acrobolbaceae,Lethocolea,,,,
Leucaena diversifolia,,,,,1,Plantae,Plantae,Magnoliopsida,Fabaceae,Leucaena,,,,
Leucaena leucocephala,银合欢,Leucaena leucocephala,47447,species,160,Plantae,Plantae,Magnoliopsida,Fabaceae,Leucaena,39530,iNaturalist,,2026-06-16T19:03:28
Leucania loreyi,,,,,1,Insecta,Animalia,Insecta,Noctuidae,Leucania,,,,
Leucanthemum maximum,,,,,1,Plantae,Plantae,Magnoliopsida,Asteraceae,Leucanthemum,,,,
Leucauge argentina,,,,,1,Arachnida,Animalia,Arachnida,Tetragnathidae,Leucauge,,,,
Leucauge blanda,,,,,2,Arachnida,Animalia,Arachnida,Tetragnathidae,Leucauge,,,,
Leucauge tessellata,,,,,1,Arachnida,Animalia,Arachnida,Tetragnathidae,Leucauge,,,,
Leucobryum glaucum,,,,,1,Plantae,Plantae,Bryopsida,Leucobryaceae,Leucobryum,,,,
Leucobryum javense,,,,,1,Plantae,Plantae,Bryopsida,Leucobryaceae,Leucobryum,,,,
Leucobryum juniperoideum,,,,,1,Plantae,Plantae,Bryopsida,Leucobryaceae,Leucobryum,,,,
Leucocasia gigantea,,,,,6,Plantae,Plantae,Liliopsida,Araceae,Leucocasia,,,,
Leucocoprinus atrodiscus,,,,,1,Fungi,Fungi,Agaricomycetes,Agaricaceae,Leucocoprinus,,,,
Leucocoprinus birnbaumii,,,,,3,Fungi,Fungi,Agaricomycetes,Agaricaceae,Leucocoprinus,,,,
Leucocoprinus cepistipes,,,,,1,Fungi,Fungi,Agaricomycetes,Agaricaceae,Leucocoprinus,,,,
Leucocoprinus fragilissimus,,,,,4,Fungi,Fungi,Agaricomycetes,Agaricaceae,Leucocoprinus,,,,
Leucophyllum frutescens,,,,,9,Plantae,Plantae,Magnoliopsida,Scrophulariaceae,Leucophyllum,,,,
Leviaraneus viridiventris,,,,,1,Arachnida,Animalia,Arachnida,Araneidae,Leviaraneus,,,,
Lexias pardalis,,,,,22,Insecta,Animalia,Insecta,Nymphalidae,Lexias,,,,
Liacos erythrosoma,,,,,5,Insecta,Animalia,Insecta,Scoliidae,Liacos,,,,
Libidibia ferrea,,,,,2,Plantae,Plantae,Magnoliopsida,Fabaceae,Libidibia,,,,
Ligia exotica,,,,,6,Animalia,Animalia,Malacostraca,Ligiidae,Ligia,,,,
Ligustrum japonicum,,,,,13,Plantae,Plantae,Magnoliopsida,Oleaceae,Ligustrum,,,,
Ligustrum liukiuense,,,,,4,Plantae,Plantae,Magnoliopsida,Oleaceae,Ligustrum,,,,
Ligustrum lucidum,,,,,3,Plantae,Plantae,Magnoliopsida,Oleaceae,Ligustrum,,,,
Ligustrum ovalifolium,,,,,10,Plantae,Plantae,Magnoliopsida,Oleaceae,Ligustrum,,,,
Ligustrum sinense,小蜡,Ligustrum sinense,128769,species,76,Plantae,Plantae,Magnoliopsida,Oleaceae,Ligustrum,55880,iNaturalist,,2026-06-16T19:05:41
Lilium brownii,,,,,12,Plantae,Plantae,Liliopsida,Liliaceae,Lilium,,,,
Lilium bulbiferum,,,,,1,Plantae,Plantae,Liliopsida,Liliaceae,Lilium,,,,
Lilium formosanum,,,,,1,Plantae,Plantae,Liliopsida,Liliaceae,Lilium,,,,
Lilium longiflorum,,,,,3,Plantae,Plantae,Liliopsida,Liliaceae,Lilium,,,,
Limnobium laevigatum,,,,,1,Plantae,Plantae,Liliopsida,Hydrocharitaceae,Limnobium,,,,
Limnogonus fossarum,,,,,7,Insecta,Animalia,Insecta,Gerridae,Limnogonus,,,,
Limnogonus nitidus,,,,,3,Insecta,Animalia,Insecta,Gerridae,Limnogonus,,,,
Limnophila aromatica,,,,,3,Plantae,Plantae,Magnoliopsida,Plantaginaceae,Limnophila,,,,
Limnophila rugosa,,,,,4,Plantae,Plantae,Magnoliopsida,Plantaginaceae,Limnophila,,,,
Limnophila sessiliflora,,,,,5,Plantae,Plantae,Magnoliopsida,Plantaginaceae,Limnophila,,,,
Limosa limosa,,,,,1,Aves,Animalia,Aves,Scolopacidae,Limosa,,,,
Lindsaea ensifolia,,,,,27,Plantae,Plantae,Polypodiopsida,Lindsaeaceae,Lindsaea,,,,
Lindsaea orbiculata,,,,,33,Plantae,Plantae,Polypodiopsida,Lindsaeaceae,Lindsaea,,,,
Linum narbonense,,,,,1,Plantae,Plantae,Magnoliopsida,Linaceae,Linum,,,,
Linum usitatissimum,,,,,2,Plantae,Plantae,Magnoliopsida,Linaceae,Linum,,,,
Liocheles australasiae,,,,,1,Arachnida,Animalia,Arachnida,Hormuridae,Liocheles,,,,
Liquidambar formosana,,,,,23,Plantae,Plantae,Magnoliopsida,Altingiaceae,Liquidambar,,,,
Liriope graminifolia,,,,,10,Plantae,Plantae,Liliopsida,Asparagaceae,Liriope,,,,
Liriope muscari,,,,,6,Plantae,Plantae,Liliopsida,Asparagaceae,Liriope,,,,
Liriope spicata,,,,,17,Plantae,Plantae,Liliopsida,Asparagaceae,Liriope,,,,
Liris anthracinus,,,,,4,Insecta,Animalia,Insecta,Crabronidae,Liris,,,,
Liris aurulentus,,,,,1,Insecta,Animalia,Insecta,Crabronidae,Liris,,,,
Lisarda rhypara,,,,,10,Insecta,Animalia,Insecta,Reduviidae,Lisarda,,,,
Lissachatina fulica,褐云光滑玛瑙螺,Lissachatina fulica,502885,species,152,Mollusca,Animalia,Gastropoda,Achatinidae,Lissachatina,47639,iNaturalist,,2026-06-16T19:03:30
Lissachatina immaculata,无斑光滑玛瑙螺,Lissachatina immaculata,1066648,species,86,Mollusca,Animalia,Gastropoda,Achatinidae,Lissachatina,4893,iNaturalist,,2026-06-16T19:05:15
Litchi chinensis,,,,,16,Plantae,Plantae,Magnoliopsida,Sapindaceae,Litchi,,,,
Lithocarpus corneus,,,,,2,Plantae,Plantae,Magnoliopsida,Fagaceae,Lithocarpus,,,,
Lithocarpus edulis,,,,,1,Plantae,Plantae,Magnoliopsida,Fagaceae,Lithocarpus,,,,
Lithocarpus glaber,,,,,4,Plantae,Plantae,Magnoliopsida,Fagaceae,Lithocarpus,,,,
Lithocarpus hancei,,,,,2,Plantae,Plantae,Magnoliopsida,Fagaceae,Lithocarpus,,,,
Lithocarpus konishii,,,,,1,Plantae,Plantae,Magnoliopsida,Fagaceae,Lithocarpus,,,,
Litsea cubeba,,,,,3,Plantae,Plantae,Magnoliopsida,Lauraceae,Litsea,,,,
Litsea glutinosa,潺槁木姜子,Litsea glutinosa,369548,species,87,Plantae,Plantae,Magnoliopsida,Lauraceae,Litsea,2648,iNaturalist,,2026-06-16T19:05:10
Litsea monopetala,,,,,23,Plantae,Plantae,Magnoliopsida,Lauraceae,Litsea,,,,
Litsea rotundifolia,圆叶豺皮樟,Litsea rotundifolia,556173,species,128,Plantae,Plantae,Magnoliopsida,Lauraceae,Litsea,1036,iNaturalist,,2026-06-16T19:03:56
Littoraria scabra,,,,,1,Mollusca,Animalia,Gastropoda,Littorinidae,Littoraria,,,,
Livistona australis,,,,,1,Plantae,Plantae,Liliopsida,Arecaceae,Livistona,,,,
Livistona chinensis,蒲葵,Livistona chinensis,199373,species,232,Plantae,Plantae,Liliopsida,Arecaceae,Livistona,9515,iNaturalist,,2026-06-16T19:03:04
Lobelia chinensis,,,,,5,Plantae,Plantae,Magnoliopsida,Campanulaceae,Lobelia,,,,
Lobelia nummularia,,,,,1,Plantae,Plantae,Magnoliopsida,Campanulaceae,Lobelia,,,,
Lomariocycas magellanica,,,,,1,Plantae,Plantae,Polypodiopsida,Blechnaceae,Lomariocycas,,,,
Lonchura punctulata,,,,,13,Aves,Animalia,Aves,Estrildidae,Lonchura,,,,
Lonchura striata,,,,,19,Aves,Animalia,Aves,Estrildidae,Lonchura,,,,
Lonicera acuminata,,,,,1,Plantae,Plantae,Magnoliopsida,Caprifoliaceae,Lonicera,,,,
Lonicera hypoglauca,,,,,5,Plantae,Plantae,Magnoliopsida,Caprifoliaceae,Lonicera,,,,
Lonicera japonica,,,,,11,Plantae,Plantae,Magnoliopsida,Caprifoliaceae,Lonicera,,,,
Lopharthrum comprimens,,,,,2,Insecta,Animalia,Insecta,Erebidae,Lopharthrum,,,,
Lophatherum gracile,淡竹叶,Lophatherum gracile,427091,species,66,Plantae,Plantae,Liliopsida,Poaceae,Lophatherum,1492,iNaturalist,,2026-06-16T19:06:07
Lophospiza trivirgata,,,,,4,Aves,Animalia,Aves,Accipitridae,Lophospiza,,,,
Lophostemon confertus,,,,,7,Plantae,Plantae,Magnoliopsida,Myrtaceae,Lophostemon,,,,
Loropetalum chinense,檵木,Loropetalum chinense,186063,species,124,Plantae,Plantae,Magnoliopsida,Hamamelidaceae,Loropetalum,17898,iNaturalist,,2026-06-16T19:04:00
Lotus corniculatus,,,,,1,Plantae,Plantae,Magnoliopsida,Fabaceae,Lotus,,,,
Loxoblemmus equestris,,,,,14,Insecta,Animalia,Insecta,Gryllidae,Loxoblemmus,,,,
Lucilia caesar,,,,,27,Insecta,Animalia,Insecta,Calliphoridae,Lucilia,,,,
Lucilia cuprina,,,,,36,Insecta,Animalia,Insecta,Calliphoridae,Lucilia,,,,
Lucilia sericata,,,,,26,Insecta,Animalia,Insecta,Calliphoridae,Lucilia,,,,
Lucuma campechiana,,,,,2,Plantae,Plantae,Magnoliopsida,Sapotaceae,Lucuma,,,,
Ludwigia adscendens,,,,,3,Plantae,Plantae,Magnoliopsida,Onagraceae,Ludwigia,,,,
Ludwigia decurrens,,,,,1,Plantae,Plantae,Magnoliopsida,Onagraceae,Ludwigia,,,,
Ludwigia octovalvis,,,,,2,Plantae,Plantae,Magnoliopsida,Onagraceae,Ludwigia,,,,
Ludwigia peploides,,,,,1,Plantae,Plantae,Magnoliopsida,Onagraceae,Ludwigia,,,,
Ludwigia repens,,,,,1,Plantae,Plantae,Magnoliopsida,Onagraceae,Ludwigia,,,,
Luffa aegyptiaca,,,,,1,Plantae,Plantae,Magnoliopsida,Cucurbitaceae,Luffa,,,,
Lumbricus terrestris,,,,,1,Animalia,Animalia,Clitellata,Lumbricidae,Lumbricus,,,,
Luthrodes pandava,,,,,36,Insecta,Animalia,Insecta,Lycaenidae,Luthrodes,,,,
Lycianthes biflora,,,,,1,Plantae,Plantae,Magnoliopsida,Solanaceae,Lycianthes,,,,
Lycianthes rantonnetii,,,,,1,Plantae,Plantae,Magnoliopsida,Solanaceae,Lycianthes,,,,
Lycium ruthenicum,,,,,1,Plantae,Plantae,Magnoliopsida,Solanaceae,Lycium,,,,
Lycogala epidendrum,,,,,2,Protozoa,Protozoa,Myxomycetes,Reticulariaceae,Lycogala,,,,
Lycoris aurea,,,,,2,Plantae,Plantae,Liliopsida,Amaryllidaceae,Lycoris,,,,
Lycoris squamigera,,,,,1,Plantae,Plantae,Liliopsida,Amaryllidaceae,Lycoris,,,,
Lygodium circinnatum,,,,,10,Plantae,Plantae,Polypodiopsida,Lygodiaceae,Lygodium,,,,
Lygodium flexuosum,曲轴海金沙,Lygodium flexuosum,346002,species,72,Plantae,Plantae,Polypodiopsida,Lygodiaceae,Lygodium,1488,iNaturalist,,2026-06-16T19:05:53
Lygodium japonicum,海金沙,Lygodium japonicum,164985,species,199,Plantae,Plantae,Polypodiopsida,Lygodiaceae,Lygodium,23554,iNaturalist,,2026-06-16T19:03:14
Lygodium longifolium,,,,,1,Plantae,Plantae,Polypodiopsida,Lygodiaceae,Lygodium,,,,
Lygodium microphyllum,,,,,21,Plantae,Plantae,Polypodiopsida,Lygodiaceae,Lygodium,,,,
Lyriothemis elegantissima,,,,,1,Insecta,Animalia,Insecta,Libellulidae,Lyriothemis,,,,
Lysiloma latisiliquum,,,,,1,Plantae,Plantae,Magnoliopsida,Fabaceae,Lysiloma,,,,
Lysimachia alpestris,,,,,2,Plantae,Plantae,Magnoliopsida,Primulaceae,Lysimachia,,,,
Lysimachia congestiflora,,,,,6,Plantae,Plantae,Magnoliopsida,Primulaceae,Lysimachia,,,,
Lyssa zampa,,,,,4,Insecta,Animalia,Insecta,Uraniidae,Lyssa,,,,
Lysurus mokusin,,,,,9,Fungi,Fungi,Agaricomycetes,Lysuraceae,Lysurus,,,,
Macaca mulatta,,,,,15,Mammalia,Animalia,Mammalia,Cercopithecidae,Macaca,,,,
Macaranga peltata,,,,,2,Plantae,Plantae,Magnoliopsida,Euphorbiaceae,Macaranga,,,,
Macaranga tanarius,血桐,Macaranga tanarius,165027,species,246,Plantae,Plantae,Magnoliopsida,Euphorbiaceae,Macaranga,22796,iNaturalist,,2026-06-16T19:02:58
Macellina souchongia,,,,,8,Insecta,Animalia,Insecta,Diapheromeridae,Macellina,,,,
Machilus japonica,,,,,3,Plantae,Plantae,Magnoliopsida,Lauraceae,Machilus,,,,
Machilus japonicus,,,,,1,Plantae,Plantae,Magnoliopsida,Lauraceae,Machilus,,,,
Machilus thunbergii,,,,,12,Plantae,Plantae,Magnoliopsida,Lauraceae,Machilus,,,,
Machilus velutinus,,,,,1,Plantae,Plantae,Magnoliopsida,Lauraceae,Machilus,,,,
Maclura cochinchinensis,,,,,1,Plantae,Plantae,Magnoliopsida,Moraceae,Maclura,,,,
Maclura tinctoria,,,,,1,Plantae,Plantae,Magnoliopsida,Moraceae,Maclura,,,,
Macrobrachium formosense,,,,,4,Animalia,Animalia,Malacostraca,Palaemonidae,Macrobrachium,,,,
Macrobrachium laevis,,,,,1,Animalia,Animalia,Malacostraca,Palaemonidae,Macrobrachium,,,,
Macrobrachium lar,,,,,1,Animalia,Animalia,Malacostraca,Palaemonidae,Macrobrachium,,,,
Macrobrachium nipponense,,,,,1,Animalia,Animalia,Malacostraca,Palaemonidae,Macrobrachium,,,,
Macrobrachium rosenbergii,,,,,1,Animalia,Animalia,Malacostraca,Palaemonidae,Macrobrachium,,,,
Macroglossum corythus,,,,,2,Insecta,Animalia,Insecta,Sphingidae,Macroglossum,,,,
Macroglossum divergens,,,,,3,Insecta,Animalia,Insecta,Sphingidae,Macroglossum,,,,
Macroglossum fritzei,,,,,3,Insecta,Animalia,Insecta,Sphingidae,Macroglossum,,,,
Macrolepiota zeyheri,,,,,1,Fungi,Fungi,Agaricomycetes,Agaricaceae,Macrolepiota,,,,
Macrophthalmus erato,,,,,1,Animalia,Animalia,Malacostraca,Macrophthalmidae,Macrophthalmus,,,,
Macrophthalmus pacificus,,,,,1,Animalia,Animalia,Malacostraca,Macrophthalmidae,Macrophthalmus,,,,
Macropodus opercularis,,,,,5,Actinopterygii,Animalia,Actinopterygii,Osphronemidae,Macropodus,,,,
Macropsalliota meleagris,,,,,1,Fungi,Fungi,Agaricomycetes,Agaricaceae,Macropsalliota,,,,
Macroptilium atropurpureum,,,,,1,Plantae,Plantae,Magnoliopsida,Fabaceae,Macroptilium,,,,
Macrosiphum rosae,,,,,1,Insecta,Animalia,Insecta,Aphididae,Macrosiphum,,,,
Macrotermes barneyi,,,,,3,Insecta,Animalia,Insecta,Termitidae,Macrotermes,,,,
Macrotermes gilvus,,,,,1,Insecta,Animalia,Insecta,Termitidae,Macrotermes,,,,
Macrothelypteris torresiana,,,,,17,Plantae,Plantae,Polypodiopsida,Thelypteridaceae,Macrothelypteris,,,,
Maesa japonica,,,,,2,Plantae,Plantae,Magnoliopsida,Primulaceae,Maesa,,,,
Maesa perlaria,,,,,10,Plantae,Plantae,Magnoliopsida,Primulaceae,Maesa,,,,
Maesa perlarius,,,,,1,Plantae,Plantae,Magnoliopsida,Primulaceae,Maesa,,,,
Magallana gigas,,,,,2,Mollusca,Animalia,Bivalvia,Ostreidae,Magallana,,,,
Magnolia champaca,,,,,3,Plantae,Plantae,Magnoliopsida,Magnoliaceae,Magnolia,,,,
Magnolia denudata,,,,,7,Plantae,Plantae,Magnoliopsida,Magnoliaceae,Magnolia,,,,
Magnolia figo,,,,,24,Plantae,Plantae,Magnoliopsida,Magnoliaceae,Magnolia,,,,
Magnolia grandiflora,,,,,13,Plantae,Plantae,Magnoliopsida,Magnoliaceae,Magnolia,,,,
Magnolia liliiflora,,,,,2,Plantae,Plantae,Magnoliopsida,Magnoliaceae,Magnolia,,,,
Magnolia sieboldii,,,,,1,Plantae,Plantae,Magnoliopsida,Magnoliaceae,Magnolia,,,,
Maladera aureola,,,,,7,Insecta,Animalia,Insecta,Scarabaeidae,Maladera,,,,
Malaisia scandens,,,,,2,Plantae,Plantae,Magnoliopsida,Moraceae,Malaisia,,,,
Mallada basalis,,,,,17,Insecta,Animalia,Insecta,Chrysopidae,Mallada,,,,
Mallotus apelta,,,,,14,Plantae,Plantae,Magnoliopsida,Euphorbiaceae,Mallotus,,,,
Mallotus japonicus,,,,,5,Plantae,Plantae,Magnoliopsida,Euphorbiaceae,Mallotus,,,,
Mallotus paniculatus,白楸,Mallotus paniculatus,343804,species,151,Plantae,Plantae,Magnoliopsida,Euphorbiaceae,Mallotus,8563,iNaturalist,,2026-06-16T19:03:32
Mallotus philippensis,,,,,4,Plantae,Plantae,Magnoliopsida,Euphorbiaceae,Mallotus,,,,
Mallotus repandus,,,,,2,Plantae,Plantae,Magnoliopsida,Euphorbiaceae,Mallotus,,,,
Malpighia coccigera,,,,,1,Plantae,Plantae,Magnoliopsida,Malpighiaceae,Malpighia,,,,
Malpighia emarginata,,,,,1,Plantae,Plantae,Magnoliopsida,Malpighiaceae,Malpighia,,,,
Malthinus sinensis,,,,,1,Insecta,Animalia,Insecta,Cantharidae,Malthinus,,,,
Malvastrum coromandelianum,,,,,9,Plantae,Plantae,Magnoliopsida,Malvaceae,Malvastrum,,,,
Malvaviscus arboreus,,,,,11,Plantae,Plantae,Magnoliopsida,Malvaceae,Malvaviscus,,,,
Malvaviscus penduliflorus,垂花悬铃花,Malvaviscus penduliflorus,165118,species,127,Plantae,Plantae,Magnoliopsida,Malvaceae,Malvaviscus,9318,iNaturalist,,2026-06-16T19:03:58
Mandevilla sanderi,,,,,13,Plantae,Plantae,Magnoliopsida,Apocynaceae,Mandevilla,,,,
Mangifera indica,,,,,36,Plantae,Plantae,Magnoliopsida,Anacardiaceae,Mangifera,,,,
Mangora acalypha,,,,,1,Arachnida,Animalia,Arachnida,Araneidae,Mangora,,,,
Mangora gibberosa,,,,,1,Arachnida,Animalia,Arachnida,Araneidae,Mangora,,,,
Manihot esculenta,,,,,3,Plantae,Plantae,Magnoliopsida,Euphorbiaceae,Manihot,,,,
Manilkara zapota,,,,,14,Plantae,Plantae,Magnoliopsida,Sapotaceae,Manilkara,,,,
Mansoa alliacea,,,,,8,Plantae,Plantae,Magnoliopsida,Bignoniaceae,Mansoa,,,,
Mansonia uniformis,,,,,1,Insecta,Animalia,Insecta,Culicidae,Mansonia,,,,
Maranta arundinacea,,,,,1,Plantae,Plantae,Liliopsida,Marantaceae,Maranta,,,,
Maranta leuconeura,,,,,1,Plantae,Plantae,Liliopsida,Marantaceae,Maranta,,,,
Marasmiellus candidus,,,,,1,Fungi,Fungi,Agaricomycetes,Campanellaceae,,,,,
Marchantia polymorpha,,,,,2,Plantae,Plantae,Marchantiopsida,Marchantiaceae,Marchantia,,,,
Mareca strepera,,,,,1,Aves,Animalia,Aves,Anatidae,Mareca,,,,
Margarya chinensis,,,,,2,Mollusca,Animalia,Gastropoda,Viviparidae,Margarya,,,,
Marisa cornuarietis,,,,,1,Mollusca,Animalia,Gastropoda,Ampullariidae,Marisa,,,,
Markhamia stipulata,,,,,2,Plantae,Plantae,Magnoliopsida,Bignoniaceae,Markhamia,,,,
Marsilea quadrifolia,,,,,2,Plantae,Plantae,Polypodiopsida,Marsileaceae,Marsilea,,,,
Marumba dyras,,,,,8,Insecta,Animalia,Insecta,Sphingidae,Marumba,,,,
Matuta victor,,,,,1,Animalia,Animalia,Malacostraca,Matutidae,Matuta,,,,
Mauremys reevesii,,,,,1,Reptilia,Animalia,Reptilia,Geoemydidae,Mauremys,,,,
Mauremys sinensis,,,,,3,Reptilia,Animalia,Reptilia,Geoemydidae,Mauremys,,,,
Mauritia arabica,,,,,1,Mollusca,Animalia,Gastropoda,Cypraeidae,Mauritia,,,,
Maytenus boaria,,,,,1,Plantae,Plantae,Magnoliopsida,Celastraceae,Maytenus,,,,
Mazus pumilus,,,,,31,Plantae,Plantae,Magnoliopsida,Mazaceae,Mazus,,,,
Mecardonia procumbens,,,,,37,Plantae,Plantae,Magnoliopsida,Plantaginaceae,Mecardonia,,,,
Mecopoda niponensis,,,,,8,Insecta,Animalia,Insecta,Tettigoniidae,Mecopoda,,,,
Medinilla magnifica,,,,,1,Plantae,Plantae,Magnoliopsida,Melastomataceae,Medinilla,,,,
Megachile conjuncta,,,,,1,Insecta,Animalia,Insecta,Megachilidae,Megachile,,,,
Megacopta cribraria,,,,,4,Insecta,Animalia,Insecta,Plataspidae,Megacopta,,,,
Megascolia azurea,,,,,4,Insecta,Animalia,Insecta,Scoliidae,Megascolia,,,,
Megaskepasma erythrochlamys,,,,,1,Plantae,Plantae,Magnoliopsida,Acanthaceae,Megaskepasma,,,,
Megathyrsus maximus,大黍,Megathyrsus maximus,1064938,species,56,Plantae,Plantae,Liliopsida,Poaceae,Megathyrsus,18556,iNaturalist,,2026-06-16T19:09:34
Megaustenia imperator,,,,,43,Mollusca,Animalia,Gastropoda,Ariophantidae,Megaustenia,,,,
Meghimatium bilineatum,,,,,29,Mollusca,Animalia,Gastropoda,Philomycidae,Meghimatium,,,,
Megymenum brevicorne,,,,,4,Insecta,Animalia,Insecta,Dinidoridae,Megymenum,,,,
Melaleuca alternifolia,,,,,1,Plantae,Plantae,Magnoliopsida,Myrtaceae,Melaleuca,,,,
Melaleuca bracteata,,,,,29,Plantae,Plantae,Magnoliopsida,Myrtaceae,Melaleuca,,,,
Melaleuca cajuputi,,,,,22,Plantae,Plantae,Magnoliopsida,Myrtaceae,Melaleuca,,,,
Melaleuca citrina,,,,,6,Plantae,Plantae,Magnoliopsida,Myrtaceae,Melaleuca,,,,
Melaleuca leucadendra,,,,,6,Plantae,Plantae,Magnoliopsida,Myrtaceae,Melaleuca,,,,
Melaleuca viminalis,串钱柳,Melaleuca viminalis,77977,species,90,Plantae,Plantae,Magnoliopsida,Myrtaceae,Melaleuca,16365,iNaturalist,,2026-06-16T19:05:08
Melampodium divaricatum,,,,,14,Plantae,Plantae,Magnoliopsida,Asteraceae,Melampodium,,,,
Melanitis leda,,,,,2,Insecta,Animalia,Insecta,Nymphalidae,Melanitis,,,,
Melanoides tuberculata,,,,,1,Mollusca,Animalia,Gastropoda,Thiaridae,Melanoides,,,,
Melanolepis multiglandulosa,,,,,1,Plantae,Plantae,Magnoliopsida,Euphorbiaceae,Melanolepis,,,,
Melastoma candidum,,,,,23,Plantae,Plantae,Magnoliopsida,Melastomataceae,Melastoma,,,,
Melastoma dodecandrum,,,,,15,Plantae,Plantae,Magnoliopsida,Melastomataceae,Melastoma,,,,
Melastoma malabathricum,,,,,11,Plantae,Plantae,Magnoliopsida,Melastomataceae,Melastoma,,,,
Melastoma sanguineum,毛棯,Melastoma sanguineum,165231,species,99,Plantae,Plantae,Magnoliopsida,Melastomataceae,Melastoma,2163,iNaturalist,,2026-06-16T19:04:38
Melia azedarach,,,,,24,Plantae,Plantae,Magnoliopsida,Meliaceae,Melia,,,,
Melicope pteleifolia,,,,,8,Plantae,Plantae,Magnoliopsida,Rutaceae,Melicope,,,,
Melinis minutiflora,,,,,1,Plantae,Plantae,Liliopsida,Poaceae,Melinis,,,,
Melinis repens,,,,,37,Plantae,Plantae,Liliopsida,Poaceae,Melinis,,,,
Meliosma rhoifolia,,,,,1,Plantae,Plantae,Magnoliopsida,Sabiaceae,Meliosma,,,,
Meliosma squamulata,,,,,1,Plantae,Plantae,Magnoliopsida,Sabiaceae,Meliosma,,,,
Melissa officinalis,,,,,1,Plantae,Plantae,Magnoliopsida,Lamiaceae,Melissa,,,,
Melocactus curvispinus,,,,,1,Plantae,Plantae,Magnoliopsida,Cactaceae,Melocactus,,,,
Melodinus suaveolens,,,,,17,Plantae,Plantae,Magnoliopsida,Apocynaceae,Melodinus,,,,
Melothria pendula,,,,,5,Plantae,Plantae,Magnoliopsida,Cucurbitaceae,Melothria,,,,
Menemerus bivittatus,,,,,29,Arachnida,Animalia,Arachnida,Salticidae,Menemerus,,,,
Menemerus fulvus,,,,,2,Arachnida,Animalia,Arachnida,Salticidae,Menemerus,,,,
Mensularia radiata,,,,,1,Fungi,Fungi,Agaricomycetes,Hymenochaetaceae,Mensularia,,,,
Mentha canadensis,,,,,5,Plantae,Plantae,Magnoliopsida,Lamiaceae,Mentha,,,,
Mentha spicata,,,,,8,Plantae,Plantae,Magnoliopsida,Lamiaceae,Mentha,,,,
Meretrix lyrata,,,,,1,Mollusca,Animalia,Bivalvia,Veneridae,Meretrix,,,,
Merops philippinus,,,,,1,Aves,Animalia,Aves,Meropidae,Merops,,,,
Merremia hederacea,,,,,3,Plantae,Plantae,Magnoliopsida,Convolvulaceae,Merremia,,,,
Meryta sinclairii,,,,,1,Plantae,Plantae,Magnoliopsida,Araliaceae,Meryta,,,,
Mesembrius bengalensis,,,,,1,Insecta,Animalia,Insecta,Syrphidae,Mesembrius,,,,
Metacolpodes buchanani,,,,,1,Insecta,Animalia,Insecta,Carabidae,Metacolpodes,,,,
Metanastria hyrtaca,,,,,1,Insecta,Animalia,Insecta,Lasiocampidae,Metanastria,,,,
Metellina curtisi,,,,,1,Arachnida,Animalia,Arachnida,Tetragnathidae,Metellina,,,,
Metochus abbreviatus,,,,,6,Insecta,Animalia,Insecta,Rhyparochromidae,Metochus,,,,
Metochus hainanensis,,,,,24,Insecta,Animalia,Insecta,Rhyparochromidae,Metochus,,,,
Metochus uniguttatus,,,,,1,Insecta,Animalia,Insecta,Rhyparochromidae,Metochus,,,,
Metopium brownei,,,,,1,Plantae,Plantae,Magnoliopsida,Anacardiaceae,Metopium,,,,
Metopograpsus frontalis,,,,,2,Animalia,Animalia,Malacostraca,Grapsidae,Metopograpsus,,,,
Metopograpsus quadridentatus,,,,,32,Animalia,Animalia,Malacostraca,Grapsidae,Metopograpsus,,,,
Metopograpsus thukuhar,,,,,2,Animalia,Animalia,Malacostraca,Grapsidae,Metopograpsus,,,,
Metrocoris lituratus,,,,,1,Insecta,Animalia,Insecta,Gerridae,Metrocoris,,,,
Metuloidea fragrans,,,,,2,Fungi,Fungi,Agaricomycetes,Steccherinaceae,Metuloidea,,,,
Metzia lineata,,,,,1,Actinopterygii,Animalia,Actinopterygii,Xenocyprididae,Metzia,,,,
Miconia crocea,,,,,1,Plantae,Plantae,Magnoliopsida,Melastomataceae,Miconia,,,,
Microchrysa flaviventris,,,,,2,Insecta,Animalia,Insecta,Stratiomyidae,Microchrysa,,,,
Microcos paniculata,破布叶,Microcos paniculata,905376,species,97,Plantae,Plantae,Magnoliopsida,Malvaceae,Microcos,1953,iNaturalist,,2026-06-16T19:04:46
Microcystis aeruginosa,,,,,3,,Bacteria,Cyanophyceae,Microcystaceae,Microcystis,,,,
Microhyla fissipes,,,,,22,Amphibia,Animalia,Amphibia,Microhylidae,Microhyla,,,,
Microlepia speluncae,,,,,2,Plantae,Plantae,Polypodiopsida,Dennstaedtiaceae,Microlepia,,,,
Micronecta grisea,,,,,1,Insecta,Animalia,Insecta,Micronectidae,Micronecta,,,,
Micronia aculeata,,,,,2,Insecta,Animalia,Insecta,Uraniidae,Micronia,,,,
Microporus affinis,,,,,2,Fungi,Fungi,Agaricomycetes,Polyporaceae,Microporus,,,,
Microsorum grossum,,,,,1,Plantae,Plantae,Polypodiopsida,Polypodiaceae,Microsorum,,,,
Microsorum punctatum,,,,,3,Plantae,Plantae,Polypodiopsida,Polypodiaceae,Microsorum,,,,
Microsorum scolopendria,,,,,12,Plantae,Plantae,Polypodiopsida,Polypodiaceae,Microsorum,,,,
Microstegium ciliatum,,,,,1,Plantae,Plantae,Liliopsida,Poaceae,Microstegium,,,,
Microstegium vimineum,,,,,4,Plantae,Plantae,Liliopsida,Poaceae,Microstegium,,,,
Mictis fuscipes,,,,,1,Insecta,Animalia,Insecta,Coreidae,Mictis,,,,
Mictis serina,,,,,2,Insecta,Animalia,Insecta,Coreidae,Mictis,,,,
Mikania micrantha,微甘菊,Mikania micrantha,165389,species,60,Plantae,Plantae,Magnoliopsida,Asteraceae,Mikania,15353,iNaturalist,,2026-06-16T19:06:29
Milionia basalis,,,,,1,Insecta,Animalia,Insecta,Geometridae,Milionia,,,,
Milionia zonea,,,,,29,Insecta,Animalia,Insecta,Geometridae,Milionia,,,,
Millettia nitida,,,,,2,Plantae,Plantae,Magnoliopsida,Fabaceae,Millettia,,,,
Millingtonia hortensis,,,,,3,Plantae,Plantae,Magnoliopsida,Bignoniaceae,Millingtonia,,,,
Miltochrista arcuata,,,,,1,Insecta,Animalia,Insecta,Erebidae,Miltochrista,,,,
Milvus migrans,黑鸢,Milvus migrans,5268,species,57,Aves,Animalia,Aves,Accipitridae,Milvus,117824,iNaturalist,,2026-06-16T19:09:24
Mimegralla albimana,,,,,4,Insecta,Animalia,Insecta,Micropezidae,Mimegralla,,,,
Mimela chinensis,,,,,3,Insecta,Animalia,Insecta,Scarabaeidae,Mimela,,,,
Mimeusemia postica,,,,,1,Insecta,Animalia,Insecta,Noctuidae,Mimeusemia,,,,
Mimosa bimucronata,,,,,6,Plantae,Plantae,Magnoliopsida,Fabaceae,Mimosa,,,,
Mimosa diplotricha,,,,,3,Plantae,Plantae,Magnoliopsida,Fabaceae,Mimosa,,,,
Mimosa malacophylla,,,,,3,Plantae,Plantae,Magnoliopsida,Fabaceae,Mimosa,,,,
Mimosa microphylla,,,,,1,Plantae,Plantae,Magnoliopsida,Fabaceae,Mimosa,,,,
Mimosa pigra,,,,,1,Plantae,Plantae,Magnoliopsida,Fabaceae,Mimosa,,,,
Mimosa pudica,,,,,48,Plantae,Plantae,Magnoliopsida,Fabaceae,Mimosa,,,,
Mimosa quadrivalvis,,,,,1,Plantae,Plantae,Magnoliopsida,Fabaceae,Mimosa,,,,
Mimosa strigillosa,,,,,3,Plantae,Plantae,Magnoliopsida,Fabaceae,Mimosa,,,,
Miomantis paykullii,,,,,1,Insecta,Animalia,Insecta,Miomantidae,Miomantis,,,,
Mirabilis jalapa,,,,,13,Plantae,Plantae,Magnoliopsida,Nyctaginaceae,Mirabilis,,,,
Miscanthus floridulus,,,,,28,Plantae,Plantae,Liliopsida,Poaceae,Miscanthus,,,,
Miscanthus sacchariflorus,,,,,1,Plantae,Plantae,Liliopsida,Poaceae,Miscanthus,,,,
Miscanthus sinensis,,,,,34,Plantae,Plantae,Liliopsida,Poaceae,Miscanthus,,,,
Misgurnus anguillicaudatus,,,,,3,Actinopterygii,Animalia,Actinopterygii,Cobitidae,Misgurnus,,,,
Mocis undata,,,,,3,Insecta,Animalia,Insecta,Erebidae,Mocis,,,,
Modiola caroliniana,,,,,1,Plantae,Plantae,Magnoliopsida,Malvaceae,Modiola,,,,
Moehringia trinervia,,,,,1,Plantae,Plantae,Magnoliopsida,Caryophyllaceae,Moehringia,,,,
Mogannia hebes,,,,,3,Insecta,Animalia,Insecta,Cicadidae,Mogannia,,,,
Mogannia nasalis,,,,,3,Insecta,Animalia,Insecta,Cicadidae,Mogannia,,,,
Momordica charantia,,,,,1,Plantae,Plantae,Magnoliopsida,Cucurbitaceae,Momordica,,,,
Momordica cochinchinensis,,,,,3,Plantae,Plantae,Magnoliopsida,Cucurbitaceae,Momordica,,,,
Moneta mirabilis,,,,,1,Arachnida,Animalia,Arachnida,Theridiidae,Moneta,,,,
Monolepta signata,,,,,3,Insecta,Animalia,Insecta,Chrysomelidae,Monolepta,,,,
Monomorium floricola,,,,,11,Insecta,Animalia,Insecta,Formicidae,Monomorium,,,,
Monomorium pharaonis,,,,,3,Insecta,Animalia,Insecta,Formicidae,Monomorium,,,,
Monoon longifolium,,,,,2,Plantae,Plantae,Magnoliopsida,Annonaceae,Monoon,,,,
Monstera deliciosa,龟背竹,Monstera deliciosa,122521,species,64,Plantae,Plantae,Liliopsida,Araceae,Monstera,20632,iNaturalist,,2026-06-16T19:06:21
Monticola solitarius,,,,,1,Aves,Animalia,Aves,Muscicapidae,Monticola,,,,
Moraea flaccida,,,,,2,Plantae,Plantae,Liliopsida,Iridaceae,Moraea,,,,
Morella pubescens,,,,,2,Plantae,Plantae,Magnoliopsida,Myricaceae,Morella,,,,
Morella rubra,,,,,2,Plantae,Plantae,Magnoliopsida,Myricaceae,Morella,,,,
Morinda officinalis,,,,,1,Plantae,Plantae,Magnoliopsida,Rubiaceae,Morinda,,,,
Morinda parvifolia,,,,,27,Plantae,Plantae,Magnoliopsida,Rubiaceae,Morinda,,,,
Moringa oleifera,,,,,1,Plantae,Plantae,Magnoliopsida,Moringaceae,Moringa,,,,
Morus alba,,,,,17,Plantae,Plantae,Magnoliopsida,Moraceae,Morus,,,,
Morus indica,,,,,20,Plantae,Plantae,Magnoliopsida,Moraceae,Morus,,,,
Morus nigra,,,,,1,Plantae,Plantae,Magnoliopsida,Moraceae,Morus,,,,
Mosla scabra,,,,,1,Plantae,Plantae,Magnoliopsida,Lamiaceae,Mosla,,,,
Motacilla alba,白鹡鸰,Motacilla alba,13695,species,93,Aves,Animalia,Aves,Motacillidae,Motacilla,191077,iNaturalist,,2026-06-16T19:05:00
Motacilla cinerea,,,,,1,Aves,Animalia,Aves,Motacillidae,Motacilla,,,,
Motacilla tschutschensis,,,,,2,Aves,Animalia,Aves,Motacillidae,Motacilla,,,,
Mucuna birdwoodiana,,,,,9,Plantae,Plantae,Magnoliopsida,Fabaceae,Mucuna,,,,
Muehlenbeckia adpressa,,,,,1,Plantae,Plantae,Magnoliopsida,Polygonaceae,Muehlenbeckia,,,,
Muehlenbeckia platyclada,,,,,8,Plantae,Plantae,Magnoliopsida,Polygonaceae,Muehlenbeckia,,,,
Mugil cephalus,,,,,3,Actinopterygii,Animalia,Actinopterygii,Mugilidae,Mugil,,,,
Mugilogobius abei,,,,,2,Actinopterygii,Animalia,Actinopterygii,Oxudercidae,Mugilogobius,,,,
Muntingia calabura,,,,,2,Plantae,Plantae,Magnoliopsida,Muntingiaceae,Muntingia,,,,
Murdannia nudiflora,,,,,1,Plantae,Plantae,Liliopsida,Commelinaceae,Murdannia,,,,
Murdannia triquetra,,,,,1,Plantae,Plantae,Liliopsida,Commelinaceae,Murdannia,,,,
Murraya paniculata,九里香,Murraya paniculata,287316,species,100,Plantae,Plantae,Magnoliopsida,Rutaceae,Murraya,22665,iNaturalist,,2026-06-16T19:04:36
Mus musculus,,,,,1,Mammalia,Animalia,Mammalia,Muridae,Mus,,,,
Musa acuminata,,,,,32,Plantae,Plantae,Liliopsida,Musaceae,Musa,,,,
Musa balbisiana,,,,,4,Plantae,Plantae,Liliopsida,Musaceae,Musa,,,,
Musa basjoo,,,,,7,Plantae,Plantae,Liliopsida,Musaceae,Musa,,,,
Musa coccinea,,,,,1,Plantae,Plantae,Liliopsida,Musaceae,Musa,,,,
Musa itinerans,,,,,2,Plantae,Plantae,Liliopsida,Musaceae,Musa,,,,
Musca domestica,,,,,12,Insecta,Animalia,Insecta,Muscidae,Musca,,,,
Musca sorbens,,,,,1,Insecta,Animalia,Insecta,Muscidae,Musca,,,,
Muscicapa dauurica,,,,,6,Aves,Animalia,Aves,Muscicapidae,Muscicapa,,,,
Muscicapa griseisticta,,,,,6,Aves,Animalia,Aves,Muscicapidae,Muscicapa,,,,
Musotima suffusalis,,,,,1,Insecta,Animalia,Insecta,Crambidae,Musotima,,,,
Mussaenda erythrophylla,,,,,5,Plantae,Plantae,Magnoliopsida,Rubiaceae,Mussaenda,,,,
Mussaenda formosana,,,,,2,Plantae,Plantae,Magnoliopsida,Rubiaceae,Mussaenda,,,,
Mussaenda formosanum,,,,,9,Plantae,Plantae,Magnoliopsida,Rubiaceae,Mussaenda,,,,
Mussaenda parviflora,小玉叶金花,Mussaenda parviflora,607635,species,79,Plantae,Plantae,Magnoliopsida,Rubiaceae,Mussaenda,2037,iNaturalist,,2026-06-16T19:05:31
Mussaenda philippica,,,,,15,Plantae,Plantae,Magnoliopsida,Rubiaceae,Mussaenda,,,,
Mussaenda pubescens,玉叶金花,Mussaenda pubescens,424693,species,115,Plantae,Plantae,Magnoliopsida,Rubiaceae,Mussaenda,1906,iNaturalist,,2026-06-16T19:04:12
Mutinus bambusinus,,,,,4,Fungi,Fungi,Agaricomycetes,Phallaceae,Mutinus,,,,
Mycalesis mineus,,,,,34,Insecta,Animalia,Insecta,Nymphalidae,Mycalesis,,,,
Mycalesis mucianus,,,,,2,Insecta,Animalia,Insecta,Nymphalidae,Mycalesis,,,,
Mycetinis scorodonius,,,,,1,Fungi,Fungi,Agaricomycetes,Omphalotaceae,Mycetinis,,,,
Myophonus caeruleus,,,,,29,Aves,Animalia,Aves,Muscicapidae,Myophonus,,,,
Myoporum bontioides,,,,,1,Plantae,Plantae,Magnoliopsida,Scrophulariaceae,Myoporum,,,,
Myrcianthes fragrans,,,,,1,Plantae,Plantae,Magnoliopsida,Myrtaceae,Myrcianthes,,,,
Myriocoleopsis minutissima,,,,,3,Plantae,Plantae,Jungermanniopsida,Lejeuneaceae,Myriocoleopsis,,,,
Myriophyllum aquaticum,,,,,22,Plantae,Plantae,Magnoliopsida,Haloragaceae,Myriophyllum,,,,
Myriophyllum spicatum,,,,,9,Plantae,Plantae,Magnoliopsida,Haloragaceae,Myriophyllum,,,,
Myrmarachne formosana,,,,,4,Arachnida,Animalia,Arachnida,Salticidae,Myrmarachne,,,,
Myrmarachne japonica,,,,,4,Arachnida,Animalia,Arachnida,Salticidae,Myrmarachne,,,,
Myrsine seguinii,,,,,2,Plantae,Plantae,Magnoliopsida,Primulaceae,Myrsine,,,,
Mythimna pulchra,,,,,1,Insecta,Animalia,Insecta,Noctuidae,Mythimna,,,,
Myzus persicae,,,,,1,Insecta,Animalia,Insecta,Aphididae,Myzus,,,,
Nacoleia charesalis,,,,,9,Insecta,Animalia,Insecta,Crambidae,Nacoleia,,,,
Nagadeba indecoralis,,,,,3,Insecta,Animalia,Insecta,Erebidae,Nagadeba,,,,
Nageia nagi,,,,,13,Plantae,Plantae,Pinopsida,Podocarpaceae,Nageia,,,,
Nagurus cristatus,,,,,3,Animalia,Animalia,Malacostraca,Trachelipodidae,Nagurus,,,,
Naja atra,,,,,4,Reptilia,Animalia,Reptilia,Elapidae,Naja,,,,
Nandina domestica,南天竹,Nandina domestica,127010,species,171,Plantae,Plantae,Magnoliopsida,Berberidaceae,Nandina,55322,iNaturalist,,2026-06-16T19:03:24
Nanhaipotamon guangdongense,,,,,1,Animalia,Animalia,Malacostraca,Potamidae,Nanhaipotamon,,,,
Nanhaipotamon macau,,,,,9,Animalia,Animalia,Malacostraca,Potamidae,Nanhaipotamon,,,,
Nanodiodes piceus,,,,,2,Insecta,Animalia,Insecta,Carabidae,Nanodiodes,,,,
Nanosesarma minutum,,,,,3,Animalia,Animalia,Malacostraca,Sesarmidae,Nanosesarma,,,,
Narcissus jonquilla,,,,,1,Plantae,Plantae,Liliopsida,Amaryllidaceae,Narcissus,,,,
Nassarius festivus,,,,,1,Mollusca,Animalia,Gastropoda,Nassariidae,Nassarius,,,,
Nasturtium officinale,,,,,5,Plantae,Plantae,Magnoliopsida,Brassicaceae,Nasturtium,,,,
Nauclea orientalis,,,,,4,Plantae,Plantae,Magnoliopsida,Rubiaceae,Nauclea,,,,
Nectria pseudotrichia,,,,,1,Fungi,Fungi,Sordariomycetes,Nectriaceae,Nectria,,,,
Nekemias cantoniensis,,,,,8,Plantae,Plantae,Magnoliopsida,Vitaceae,Nekemias,,,,
Neltuma juliflora,,,,,1,Plantae,Plantae,Magnoliopsida,Fabaceae,Neltuma,,,,
Nelumbo lutea,,,,,4,Plantae,Plantae,Magnoliopsida,Nelumbonaceae,Nelumbo,,,,
Nelumbo nucifera,莲,Nelumbo nucifera,82814,species,172,Plantae,Plantae,Magnoliopsida,Nelumbonaceae,Nelumbo,11539,iNaturalist,,2026-06-16T19:03:22
Neocalyptis affinisana,,,,,1,Insecta,Animalia,Insecta,Tortricidae,Neocalyptis,,,,
Neocaridina davidi,,,,,2,Animalia,Animalia,Malacostraca,Atyidae,Neocaridina,,,,
Neogerris parvulus,,,,,1,Insecta,Animalia,Insecta,Gerridae,Neogerris,,,,
Neolamarckia cadamba,,,,,4,Plantae,Plantae,Magnoliopsida,Rubiaceae,Neolamarckia,,,,
Neolethaeus assamensis,,,,,1,Insecta,Animalia,Insecta,Rhyparochromidae,Neolethaeus,,,,
Neolitsea aurata,,,,,1,Plantae,Plantae,Magnoliopsida,Lauraceae,Neolitsea,,,,
Neolitsea sericea,,,,,1,Plantae,Plantae,Magnoliopsida,Lauraceae,Neolitsea,,,,
Neomolgus littoralis,,,,,3,Arachnida,Animalia,Arachnida,Bdellidae,Neomolgus,,,,
Neoscona arabesca,,,,,1,Arachnida,Animalia,Arachnida,Araneidae,Neoscona,,,,
Neoscona menghaiensis,,,,,13,Arachnida,Animalia,Arachnida,Araneidae,Neoscona,,,,
Neoscona punctigera,,,,,3,Arachnida,Animalia,Arachnida,Araneidae,Neoscona,,,,
Neoscona scylla,,,,,16,Arachnida,Animalia,Arachnida,Araneidae,Neoscona,,,,
Neoscona theisi,,,,,1,Arachnida,Animalia,Arachnida,Araneidae,Neoscona,,,,
Neoscona vigilans,,,,,2,Arachnida,Animalia,Arachnida,Araneidae,Neoscona,,,,
Nepenthes mirabilis,,,,,6,Plantae,Plantae,Magnoliopsida,Nepenthaceae,Nepenthes,,,,
Nephelium lappaceum,,,,,1,Plantae,Plantae,Magnoliopsida,Sapindaceae,Nephelium,,,,
Nephila pilipes,,,,,46,Arachnida,Animalia,Arachnida,Nephilidae,Nephila,,,,
Nephroia orbiculata,,,,,19,Plantae,Plantae,Magnoliopsida,Menispermaceae,Nephroia,,,,
Nephrolepis biserrata,,,,,9,Plantae,Plantae,Polypodiopsida,Nephrolepidaceae,Nephrolepis,,,,
Nephrolepis brownii,,,,,11,Plantae,Plantae,Polypodiopsida,Nephrolepidaceae,Nephrolepis,,,,
Nephrolepis cordifolia,肾蕨,Nephrolepis cordifolia,48233,species,230,Plantae,Plantae,Polypodiopsida,Nephrolepidaceae,Nephrolepis,23894,iNaturalist,,2026-06-16T19:03:06
Nephrolepis exaltata,,,,,39,Plantae,Plantae,Polypodiopsida,Nephrolepidaceae,Nephrolepis,,,,
Nephrolepis flexuosa,,,,,2,Plantae,Plantae,Polypodiopsida,Nephrolepidaceae,Nephrolepis,,,,
Nephrotoma australasiae,,,,,2,Insecta,Animalia,Insecta,Tipulidae,Nephrotoma,,,,
Neptis hylas,,,,,9,Insecta,Animalia,Insecta,Nymphalidae,Neptis,,,,
Nerita yoldii,,,,,1,Mollusca,Animalia,Gastropoda,Neritidae,Nerita,,,,
Nerium oleander,夹竹桃,Nerium oleander,47563,species,122,Plantae,Plantae,Magnoliopsida,Apocynaceae,Nerium,77481,iNaturalist,,2026-06-16T19:04:02
Nervilia concolor,,,,,1,Plantae,Plantae,Liliopsida,Orchidaceae,Nervilia,,,,
Nesticodes rufipes,,,,,4,Arachnida,Animalia,Arachnida,Theridiidae,Nesticodes,,,,
Neurothemis fulvia,,,,,3,Insecta,Animalia,Insecta,Libellulidae,Neurothemis,,,,
Neurothemis tullia,,,,,9,Insecta,Animalia,Insecta,Libellulidae,Neurothemis,,,,
Neustanthus phaseoloides,,,,,1,Plantae,Plantae,Magnoliopsida,Fabaceae,Neustanthus,,,,
Neyraudia reynaudiana,,,,,13,Plantae,Plantae,Liliopsida,Poaceae,Neyraudia,,,,
Nicotiana plumbaginifolia,,,,,2,Plantae,Plantae,Magnoliopsida,Solanaceae,Nicotiana,,,,
Nihonhimea japonica,,,,,1,Arachnida,Animalia,Arachnida,Theridiidae,Nihonhimea,,,,
Nisotra gemella,,,,,2,Insecta,Animalia,Insecta,Chrysomelidae,Nisotra,,,,
Nodaria externalis,,,,,8,Insecta,Animalia,Insecta,Erebidae,Nodaria,,,,
Nola pascua,,,,,1,Insecta,Animalia,Insecta,Nolidae,Nola,,,,
Nomia iridescens,,,,,1,Insecta,Animalia,Insecta,Halictidae,Nomia,,,,
Noronhia foveolata,,,,,1,Plantae,Plantae,Magnoliopsida,Oleaceae,Noronhia,,,,
Nothomiza flavicosta,,,,,3,Insecta,Animalia,Insecta,Geometridae,Nothomiza,,,,
Notobitus meleagris,,,,,8,Insecta,Animalia,Insecta,Coreidae,Notobitus,,,,
Notocochlis gualteriana,,,,,1,Mollusca,Animalia,Gastropoda,Naticidae,Notocochlis,,,,
Novius rufopilosus,,,,,2,Insecta,Animalia,Insecta,Coccinellidae,Novius,,,,
Nowellia curvifolia,,,,,1,Plantae,Plantae,Jungermanniopsida,Cephaloziaceae,Nowellia,,,,
Numenius phaeopus,,,,,11,Aves,Animalia,Aves,Scolopacidae,Numenius,,,,
Nuphar pumila,,,,,8,Plantae,Plantae,Magnoliopsida,Nymphaeaceae,Nuphar,,,,
Nyctemera adversata,,,,,5,Insecta,Animalia,Insecta,Erebidae,Nyctemera,,,,
Nyctemera lacticinia,,,,,15,Insecta,Animalia,Insecta,Erebidae,Nyctemera,,,,
Nycticorax nycticorax,夜鹭,Nycticorax nycticorax,4981,species,64,Aves,Animalia,Aves,Ardeidae,Nycticorax,170062,iNaturalist,,2026-06-16T19:06:23
Nygmia plana,,,,,6,Insecta,Animalia,Insecta,Erebidae,Nygmia,,,,
Nymphaea alba,,,,,3,Plantae,Plantae,Magnoliopsida,Nymphaeaceae,Nymphaea,,,,
Nymphaea elegans,,,,,27,Plantae,Plantae,Magnoliopsida,Nymphaeaceae,Nymphaea,,,,
Nymphaea lotus,,,,,2,Plantae,Plantae,Magnoliopsida,Nymphaeaceae,Nymphaea,,,,
Nymphaea mexicana,,,,,9,Plantae,Plantae,Magnoliopsida,Nymphaeaceae,Nymphaea,,,,
Nymphaea nouchali,延药睡莲,Nymphaea nouchali,321501,species,83,Plantae,Plantae,Magnoliopsida,Nymphaeaceae,Nymphaea,9807,iNaturalist,,2026-06-16T19:05:20
Nymphaea odorata,,,,,2,Plantae,Plantae,Magnoliopsida,Nymphaeaceae,Nymphaea,,,,
Nymphaea rubra,,,,,39,Plantae,Plantae,Magnoliopsida,Nymphaeaceae,Nymphaea,,,,
Nymphaea tetragona,,,,,24,Plantae,Plantae,Magnoliopsida,Nymphaeaceae,Nymphaea,,,,
Nymphoides cristata,,,,,1,Plantae,Plantae,Magnoliopsida,Menyanthaceae,Nymphoides,,,,
Nymphoides humboldtiana,,,,,1,Plantae,Plantae,Magnoliopsida,Menyanthaceae,Nymphoides,,,,
Nymphoides indica,,,,,14,Plantae,Plantae,Magnoliopsida,Menyanthaceae,Nymphoides,,,,
Nypa fruticans,,,,,1,Plantae,Plantae,Liliopsida,Arecaceae,Nypa,,,,
Oberea ferruginea,,,,,1,Insecta,Animalia,Insecta,Cerambycidae,Oberea,,,,
Oceaniopteris gibba,,,,,7,Plantae,Plantae,Polypodiopsida,Blechnaceae,Oceaniopteris,,,,
Ochetellus glaber,,,,,6,Insecta,Animalia,Insecta,Formicidae,Ochetellus,,,,
Ochna serrulata,,,,,2,Plantae,Plantae,Magnoliopsida,Ochnaceae,Ochna,,,,
Ochna thomasiana,,,,,4,Plantae,Plantae,Magnoliopsida,Ochnaceae,Ochna,,,,
Ocimum basilicum,,,,,16,Plantae,Plantae,Magnoliopsida,Lamiaceae,Ocimum,,,,
Ocimum gratissimum,,,,,1,Plantae,Plantae,Magnoliopsida,Lamiaceae,Ocimum,,,,
Octoblepharum albidum,,,,,5,Plantae,Plantae,Bryopsida,Octoblepharaceae,Octoblepharum,,,,
Ocypode sinensis,,,,,2,Animalia,Animalia,Malacostraca,Ocypodidae,Ocypode,,,,
Ocypode stimpsoni,,,,,4,Animalia,Animalia,Malacostraca,Ocypodidae,Ocypode,,,,
Odoiporus longicollis,,,,,1,Insecta,Animalia,Insecta,Curculionidae,Odoiporus,,,,
Odontomyia viridana,,,,,1,Insecta,Animalia,Insecta,Stratiomyidae,Odontomyia,,,,
Odontonema cuspidatum,,,,,1,Plantae,Plantae,Magnoliopsida,Acanthaceae,Odontonema,,,,
Odontonema tubaeforme,,,,,7,Plantae,Plantae,Magnoliopsida,Acanthaceae,Odontonema,,,,
Odontoponera denticulata,齿唇齿猛蚁,Odontoponera denticulata,628334,species,102,Insecta,Animalia,Insecta,Formicidae,Odontoponera,2977,iNaturalist,,2026-06-16T19:04:32
Odontosoria biflora,,,,,3,Plantae,Plantae,Polypodiopsida,Lindsaeaceae,Odontosoria,,,,
Odontosoria chinensis,,,,,14,Plantae,Plantae,Polypodiopsida,Lindsaeaceae,Odontosoria,,,,
Odontotermes formosanus,,,,,13,Insecta,Animalia,Insecta,Termitidae,Odontotermes,,,,
Oecobius navus,,,,,4,Arachnida,Animalia,Arachnida,Oecobiidae,Oecobius,,,,
Oecophylla smaragdina,,,,,14,Insecta,Animalia,Insecta,Formicidae,Oecophylla,,,,
Oenocarpus bataua,,,,,1,Plantae,Plantae,Liliopsida,Arecaceae,Oenocarpus,,,,
Oenothera lindheimeri,,,,,1,Plantae,Plantae,Magnoliopsida,Onagraceae,Oenothera,,,,
Oenothera speciosa,,,,,2,Plantae,Plantae,Magnoliopsida,Onagraceae,Oenothera,,,,
Oldenlandia corymbosa,伞房花耳草,Oldenlandia corymbosa,133304,species,95,Plantae,Plantae,Magnoliopsida,Rubiaceae,Oldenlandia,12197,iNaturalist,,2026-06-16T19:04:50
Oldenlandia hedyotidea,,,,,15,Plantae,Plantae,Magnoliopsida,Rubiaceae,Oldenlandia,,,,
Olene mendosa,,,,,1,Insecta,Animalia,Insecta,Erebidae,Olene,,,,
Olenecamptus taiwanus,,,,,1,Insecta,Animalia,Insecta,Cerambycidae,Olenecamptus,,,,
Olidiana brevis,,,,,1,Insecta,Animalia,Insecta,Cicadellidae,Olidiana,,,,
Oligodon formosanus,,,,,11,Reptilia,Animalia,Reptilia,Colubridae,Oligodon,,,,
Olios nanningensis,,,,,3,Arachnida,Animalia,Arachnida,Sparassidae,Olios,,,,
Omiodes tristrialis,,,,,2,Insecta,Animalia,Insecta,Crambidae,Omiodes,,,,
Onychargia atrocyana,,,,,1,Insecta,Animalia,Insecta,Platycnemididae,Onychargia,,,,
Ophioglossum petiolatum,,,,,4,Plantae,Plantae,Polypodiopsida,Ophioglossaceae,Ophioglossum,,,,
Ophiopogon bodinieri,,,,,1,Plantae,Plantae,Liliopsida,Asparagaceae,Ophiopogon,,,,
Ophiopogon jaburan,剑叶沿阶草,Ophiopogon jaburan,165862,species,69,Plantae,Plantae,Liliopsida,Asparagaceae,Ophiopogon,980,iNaturalist,,2026-06-16T19:05:59
Ophiopogon japonicus,麦冬,Ophiopogon japonicus,200061,species,95,Plantae,Plantae,Liliopsida,Asparagaceae,Ophiopogon,4873,iNaturalist,,2026-06-16T19:04:52
Ophiopogon planiscapus,,,,,3,Plantae,Plantae,Liliopsida,Asparagaceae,Ophiopogon,,,,
Ophiopogon reversus,,,,,1,Plantae,Plantae,Liliopsida,Asparagaceae,Ophiopogon,,,,
Ophiorrhiza pumila,,,,,1,Plantae,Plantae,Magnoliopsida,Rubiaceae,Ophiorrhiza,,,,
Ophiusa disjungens,,,,,1,Insecta,Animalia,Insecta,Erebidae,Ophiusa,,,,
Ophiusa trapezium,,,,,2,Insecta,Animalia,Insecta,Erebidae,Ophiusa,,,,
Opisthoplatia orientalis,东方水蠊,Opisthoplatia orientalis,347785,species,77,Insecta,Animalia,Insecta,Blaberidae,Opisthoplatia,4612,iNaturalist,,2026-06-16T19:05:33
Oplismenus compositus,,,,,12,Plantae,Plantae,Liliopsida,Poaceae,Oplismenus,,,,
Oplismenus hirtellus,,,,,7,Plantae,Plantae,Liliopsida,Poaceae,Oplismenus,,,,
Oplismenus undulatifolius,,,,,3,Plantae,Plantae,Liliopsida,Poaceae,Oplismenus,,,,
Opuntia cochenillifera,,,,,1,Plantae,Plantae,Magnoliopsida,Cactaceae,Opuntia,,,,
Opuntia stricta,,,,,1,Plantae,Plantae,Magnoliopsida,Cactaceae,Opuntia,,,,
Oraesia excavata,,,,,1,Insecta,Animalia,Insecta,Erebidae,Oraesia,,,,
Oreochromis aureus,,,,,6,Actinopterygii,Animalia,Actinopterygii,Cichlidae,Oreochromis,,,,
Oreochromis mossambicus,,,,,10,Actinopterygii,Animalia,Actinopterygii,Cichlidae,Oreochromis,,,,
Oreochromis niloticus,尼罗口孵非鲫,Oreochromis niloticus,121324,species,75,Actinopterygii,Animalia,Actinopterygii,Cichlidae,Oreochromis,7664,iNaturalist,,2026-06-16T19:05:43
Oreonectes platycephalus,,,,,2,Actinopterygii,Animalia,Actinopterygii,Nemacheilidae,Oreonectes,,,,
Orestes guangxiensis,,,,,14,Insecta,Animalia,Insecta,Heteropterygidae,Orestes,,,,
Orgyia postica,,,,,6,Insecta,Animalia,Insecta,Erebidae,Orgyia,,,,
Oriolus chinensis,,,,,1,Aves,Animalia,Aves,Oriolidae,Oriolus,,,,
Orionella lewisii,,,,,1,Insecta,Animalia,Insecta,Carabidae,Orionella,,,,
Orius insidiosus,,,,,1,Insecta,Animalia,Insecta,Anthocoridae,Orius,,,,
Ormocarpum cochinchinense,,,,,1,Plantae,Plantae,Magnoliopsida,Fabaceae,Ormocarpum,,,,
Ormosia pinnata,,,,,16,Plantae,Plantae,Magnoliopsida,Fabaceae,Ormosia,,,,
Oroxylum indicum,,,,,5,Plantae,Plantae,Magnoliopsida,Bignoniaceae,Oroxylum,,,,
Orthaga olivacea,,,,,1,Insecta,Animalia,Insecta,Pyralidae,Orthaga,,,,
Orthetrum chrysis,,,,,5,Insecta,Animalia,Insecta,Libellulidae,Orthetrum,,,,
Orthetrum glaucum,,,,,13,Insecta,Animalia,Insecta,Libellulidae,Orthetrum,,,,
Orthetrum luzonicum,,,,,5,Insecta,Animalia,Insecta,Libellulidae,Orthetrum,,,,
Orthetrum pruinosum,,,,,27,Insecta,Animalia,Insecta,Libellulidae,Orthetrum,,,,
Orthetrum sabina,,,,,10,Insecta,Animalia,Insecta,Libellulidae,Orthetrum,,,,
Orthocraspeda furva,,,,,2,Insecta,Animalia,Insecta,Limacodidae,Orthocraspeda,,,,
Orthomorpha coarctata,,,,,42,Animalia,Animalia,Diplopoda,Paradoxosomatidae,Orthomorpha,,,,
Orthomorphella pekuensis,,,,,1,Animalia,Animalia,Diplopoda,Paradoxosomatidae,Orthomorphella,,,,
Orthonama obstipata,,,,,1,Insecta,Animalia,Insecta,Geometridae,Orthonama,,,,
Orthosiphon aristatus,,,,,16,Plantae,Plantae,Magnoliopsida,Lamiaceae,Orthosiphon,,,,
Orthotomus sutorius,,,,,45,Aves,Animalia,Aves,Cisticolidae,Orthotomus,,,,
Orthrius sinensis,,,,,3,Insecta,Animalia,Insecta,Cleridae,Orthrius,,,,
Orvasca subnotata,,,,,48,Insecta,Animalia,Insecta,Erebidae,Orvasca,,,,
Oryctolagus cuniculus,,,,,6,Mammalia,Animalia,Mammalia,Leporidae,Oryctolagus,,,,
Oryza sativa,,,,,1,Plantae,Plantae,Liliopsida,Poaceae,Oryza,,,,
Oryzaephilus surinamensis,,,,,2,Insecta,Animalia,Insecta,Silvanidae,Oryzaephilus,,,,
Oryzias curvinotus,,,,,3,Actinopterygii,Animalia,Actinopterygii,Adrianichthyidae,Oryzias,,,,
Osmanthus fragrans,木樨,Osmanthus fragrans,371103,species,86,Plantae,Plantae,Magnoliopsida,Oleaceae,Osmanthus,10824,iNaturalist,,2026-06-16T19:05:16
Osmoxylon lineare,,,,,2,Plantae,Plantae,Magnoliopsida,Araliaceae,Osmoxylon,,,,
Osmunda japonica,,,,,4,Plantae,Plantae,Polypodiopsida,Osmundaceae,Osmunda,,,,
Osteoglossum bicirrhosum,,,,,1,Actinopterygii,Animalia,Actinopterygii,Osteoglossidae,Osteoglossum,,,,
Otostigmus scaber,,,,,1,Animalia,Animalia,Chilopoda,Scolopendridae,Otostigmus,,,,
Ourapteryx clara,,,,,2,Insecta,Animalia,Insecta,Geometridae,Ourapteryx,,,,
Ovachlamys fulgens,,,,,4,Mollusca,Animalia,Gastropoda,Helicarionidae,Ovachlamys,,,,
Oxalis bowiei,,,,,2,Plantae,Plantae,Magnoliopsida,Oxalidaceae,Oxalis,,,,
Oxalis corniculata,酢浆草,Oxalis corniculata,53168,species,205,Plantae,Plantae,Magnoliopsida,Oxalidaceae,Oxalis,73673,iNaturalist,,2026-06-16T19:03:12
Oxalis debilis,红花酢浆草,Oxalis debilis,61963,species,513,Plantae,Plantae,Magnoliopsida,Oxalidaceae,Oxalis,41846,iNaturalist,,2026-06-16T19:02:42
Oxalis dehradunensis,,,,,1,Plantae,Plantae,Magnoliopsida,Oxalidaceae,Oxalis,,,,
Oxalis dillenii,,,,,1,Plantae,Plantae,Magnoliopsida,Oxalidaceae,Oxalis,,,,
Oxalis exilis,,,,,1,Plantae,Plantae,Magnoliopsida,Oxalidaceae,Oxalis,,,,
Oxalis grandis,,,,,23,Plantae,Plantae,Magnoliopsida,Oxalidaceae,Oxalis,,,,
Oxalis latifolia,,,,,5,Plantae,Plantae,Magnoliopsida,Oxalidaceae,Oxalis,,,,
Oxalis metcalfei,,,,,1,Plantae,Plantae,Magnoliopsida,Oxalidaceae,Oxalis,,,,
Oxalis tetraphylla,,,,,1,Plantae,Plantae,Magnoliopsida,Oxalidaceae,Oxalis,,,,
Oxalis triangularis,,,,,16,Plantae,Plantae,Magnoliopsida,Oxalidaceae,Oxalis,,,,
Oxalis violacea,,,,,1,Plantae,Plantae,Magnoliopsida,Oxalidaceae,Oxalis,,,,
Oxidus gracilis,,,,,11,Animalia,Animalia,Diplopoda,Paradoxosomatidae,Oxidus,,,,
Oxycarenus lavaterae,,,,,1,Insecta,Animalia,Insecta,Oxycarenidae,Oxycarenus,,,,
Oxymacaria temeraria,,,,,1,Insecta,Animalia,Insecta,Geometridae,Oxymacaria,,,,
Oxyodes scrobiculata,,,,,1,Insecta,Animalia,Insecta,Erebidae,Oxyodes,,,,
Oxyopes macilentus,,,,,1,Arachnida,Animalia,Arachnida,Oxyopidae,Oxyopes,,,,
Oxyopes sertatus,,,,,15,Arachnida,Animalia,Arachnida,Oxyopidae,Oxyopes,,,,
Pachira aquatica,,,,,10,Plantae,Plantae,Magnoliopsida,Malvaceae,Pachira,,,,
Pachira glabra,,,,,8,Plantae,Plantae,Magnoliopsida,Malvaceae,Pachira,,,,
Pachynoa sabelialis,,,,,1,Insecta,Animalia,Insecta,Crambidae,Pachynoa,,,,
Pachystachys lutea,,,,,1,Plantae,Plantae,Magnoliopsida,Acanthaceae,Pachystachys,,,,
Paederia foetida,,,,,32,Plantae,Plantae,Magnoliopsida,Rubiaceae,Paederia,,,,
Pagurus minutus,,,,,2,Animalia,Animalia,Malacostraca,Paguridae,Pagurus,,,,
Palaquium formosanum,,,,,3,Plantae,Plantae,Magnoliopsida,Sapotaceae,Palaquium,,,,
Palhinhaea cernua,,,,,2,Plantae,Plantae,Lycopodiopsida,Lycopodiaceae,Palhinhaea,,,,
Paliurus ramosissimus,,,,,9,Plantae,Plantae,Magnoliopsida,Rhamnaceae,Paliurus,,,,
Pamerana sinae,,,,,2,Insecta,Animalia,Insecta,Rhyparochromidae,Pamerana,,,,
Panaeolus foenisecii,,,,,2,Fungi,Fungi,Agaricomycetes,Galeropsidaceae,Panaeolus,,,,
Pandanus amaryllifolius,,,,,3,Plantae,Plantae,Liliopsida,Pandanaceae,Pandanus,,,,
Pandanus austrosinensis,,,,,1,Plantae,Plantae,Liliopsida,Pandanaceae,Pandanus,,,,
Pandanus odorifer,,,,,11,Plantae,Plantae,Liliopsida,Pandanaceae,Pandanus,,,,
Pandanus tectorius,,,,,13,Plantae,Plantae,Liliopsida,Pandanaceae,Pandanus,,,,
Pandanus utilis,,,,,1,Plantae,Plantae,Liliopsida,Pandanaceae,Pandanus,,,,
Pandion haliaetus,,,,,2,Aves,Animalia,Aves,Pandionidae,Pandion,,,,
Pandorea jasminoides,,,,,1,Plantae,Plantae,Magnoliopsida,Bignoniaceae,Pandorea,,,,
Panicum brevifolium,,,,,5,Plantae,Plantae,Liliopsida,Poaceae,Panicum,,,,
Panicum dichotomiflorum,,,,,1,Plantae,Plantae,Liliopsida,Poaceae,Panicum,,,,
Panicum repens,,,,,12,Plantae,Plantae,Liliopsida,Poaceae,Panicum,,,,
Pantala flavescens,,,,,29,Insecta,Animalia,Insecta,Libellulidae,Pantala,,,,
Panulirus homarus,,,,,2,Animalia,Animalia,Malacostraca,Palinuridae,Panulirus,,,,
Papilio agenor,,,,,2,Insecta,Animalia,Insecta,Papilionidae,Papilio,,,,
Papilio bianor,,,,,9,Insecta,Animalia,Insecta,Papilionidae,Papilio,,,,
Papilio clytia,,,,,17,Insecta,Animalia,Insecta,Papilionidae,Papilio,,,,
Papilio demoleus,,,,,3,Insecta,Animalia,Insecta,Papilionidae,Papilio,,,,
Papilio helenus,,,,,43,Insecta,Animalia,Insecta,Papilionidae,Papilio,,,,
Papilio paris,巴黎翠凤蝶,Papilio paris,146651,species,58,Insecta,Animalia,Insecta,Papilionidae,Papilio,7035,iNaturalist,,2026-06-16T19:09:11
Papilio polytes,玉带凤蝶,Papilio polytes,51588,species,77,Insecta,Animalia,Insecta,Papilionidae,Papilio,31575,iNaturalist,,2026-06-16T19:05:35
Papilio protenor,,,,,1,Insecta,Animalia,Insecta,Papilionidae,Papilio,,,,
Papilio xuthus,,,,,9,Insecta,Animalia,Insecta,Papilionidae,Papilio,,,,
Papio hamadryas,,,,,1,Mammalia,Animalia,Mammalia,Cercopithecidae,Papio,,,,
Paracercion melanotum,,,,,31,Insecta,Animalia,Insecta,Coenagrionidae,Paracercion,,,,
Paracrama angulata,,,,,1,Insecta,Animalia,Insecta,Nolidae,Paracrama,,,,
Paracymoriza prodigalis,,,,,1,Insecta,Animalia,Insecta,Crambidae,Paracymoriza,,,,
Paralabrax nebulifer,,,,,1,Actinopterygii,Animalia,Actinopterygii,Serranidae,Paralabrax,,,,
Paralebeda plagifera,,,,,1,Insecta,Animalia,Insecta,Lasiocampidae,Paralebeda,,,,
Paraphlomis javanica,,,,,2,Plantae,Plantae,Magnoliopsida,Lamiaceae,Paraphlomis,,,,
Paraplesiops meleagris,,,,,1,Actinopterygii,Animalia,Actinopterygii,Plesiopidae,Paraplesiops,,,,
Parapolybia indica,,,,,5,Insecta,Animalia,Insecta,Vespidae,Parapolybia,,,,
Parapolybia nodosa,,,,,2,Insecta,Animalia,Insecta,Vespidae,Parapolybia,,,,
Parasesarma affine,,,,,3,Animalia,Animalia,Malacostraca,Sesarmidae,Parasesarma,,,,
Parasesarma continentale,,,,,18,Animalia,Animalia,Malacostraca,Sesarmidae,Parasesarma,,,,
Parasesarma pictum,,,,,11,Animalia,Animalia,Malacostraca,Sesarmidae,Parasesarma,,,,
Parasola auricoma,,,,,1,Fungi,Fungi,Agaricomycetes,Psathyrellaceae,Parasola,,,,
Parasola lactea,,,,,1,Fungi,Fungi,Agaricomycetes,Psathyrellaceae,Parasola,,,,
Parasola plicatilis,,,,,3,Fungi,Fungi,Agaricomycetes,Psathyrellaceae,Parasola,,,,
Paraspirobolus lucifugus,,,,,1,Animalia,Animalia,Diplopoda,Spirobolellidae,Paraspirobolus,,,,
Parasteatoda tepidariorum,,,,,3,Arachnida,Animalia,Arachnida,Theridiidae,Parasteatoda,,,,
Paratrechina longicornis,长角立毛蚁,Paratrechina longicornis,69388,species,143,Insecta,Animalia,Insecta,Formicidae,Paratrechina,14353,iNaturalist,,2026-06-16T19:03:42
Paratrophis banksii,,,,,1,Plantae,Plantae,Magnoliopsida,Moraceae,Paratrophis,,,,
Parawixia dehaani,,,,,1,Arachnida,Animalia,Arachnida,Araneidae,Parawixia,,,,
Pardosa laura,,,,,5,Arachnida,Animalia,Arachnida,Lycosidae,Pardosa,,,,
Pardosa pseudoannulata,,,,,4,Arachnida,Animalia,Arachnida,Lycosidae,Pardosa,,,,
Pardosa sumatrana,,,,,1,Arachnida,Animalia,Arachnida,Lycosidae,Pardosa,,,,
Parietaria hespera,,,,,1,Plantae,Plantae,Magnoliopsida,Urticaceae,Parietaria,,,,
Parlatoria ziziphi,,,,,1,Insecta,Animalia,Insecta,Diaspididae,Parlatoria,,,,
Parmarion martensi,,,,,3,Mollusca,Animalia,Gastropoda,Ariophantidae,Parmarion,,,,
Parochetus communis,,,,,2,Plantae,Plantae,Magnoliopsida,Fabaceae,Parochetus,,,,
Parthenocissus dalzielii,异叶地锦,Parthenocissus dalzielii,428180,species,147,Plantae,Plantae,Magnoliopsida,Vitaceae,Parthenocissus,1337,iNaturalist,,2026-06-16T19:03:38
Parthenocissus inserta,,,,,1,Plantae,Plantae,Magnoliopsida,Vitaceae,Parthenocissus,,,,
Parthenocissus quinquefolia,,,,,2,Plantae,Plantae,Magnoliopsida,Vitaceae,Parthenocissus,,,,
Parthenocissus tricuspidata,,,,,30,Plantae,Plantae,Magnoliopsida,Vitaceae,Parthenocissus,,,,
Parus cinereus,,,,,26,Aves,Animalia,Aves,Paridae,Parus,,,,
Parus monticolus,,,,,1,Aves,Animalia,Aves,Paridae,Parus,,,,
Paspalum conjugatum,,,,,5,Plantae,Plantae,Liliopsida,Poaceae,Paspalum,,,,
Paspalum dilatatum,,,,,1,Plantae,Plantae,Liliopsida,Poaceae,Paspalum,,,,
Paspalum distichum,,,,,3,Plantae,Plantae,Liliopsida,Poaceae,Paspalum,,,,
Paspalum notatum,,,,,1,Plantae,Plantae,Liliopsida,Poaceae,Paspalum,,,,
Paspalum orbiculare,,,,,4,Plantae,Plantae,Liliopsida,Poaceae,Paspalum,,,,
Paspalum paniculatum,,,,,3,Plantae,Plantae,Liliopsida,Poaceae,Paspalum,,,,
Paspalum vaginatum,,,,,2,Plantae,Plantae,Liliopsida,Poaceae,Paspalum,,,,
Passer domesticus,,,,,1,Aves,Animalia,Aves,Passeridae,Passer,,,,
Passer montanus,麻雀,Passer montanus,13851,species,948,Aves,Animalia,Aves,Passeridae,Passer,149561,iNaturalist,,2026-06-16T19:02:40
Passiflora edulis,,,,,4,Plantae,Plantae,Magnoliopsida,Passifloraceae,Passiflora,,,,
Passiflora suberosa,,,,,3,Plantae,Plantae,Magnoliopsida,Passifloraceae,Passiflora,,,,
Passiflora vesicaria,,,,,7,Plantae,Plantae,Magnoliopsida,Passifloraceae,Passiflora,,,,
Pavetta hongkongensis,,,,,14,Plantae,Plantae,Magnoliopsida,Rubiaceae,Pavetta,,,,
Pavo cristatus,,,,,19,Aves,Animalia,Aves,Phasianidae,Pavo,,,,
Pelargonium magenteum,,,,,1,Plantae,Plantae,Magnoliopsida,Geraniaceae,Pelargonium,,,,
Pellionia scabra,,,,,2,Plantae,Plantae,Magnoliopsida,Urticaceae,Pellionia,,,,
Pelodiscus sinensis,,,,,2,Reptilia,Animalia,Reptilia,Trionychidae,Pelodiscus,,,,
Peltophorum pterocarpum,,,,,3,Plantae,Plantae,Magnoliopsida,Fabaceae,Peltophorum,,,,
Pemphis acidula,,,,,1,Plantae,Plantae,Magnoliopsida,Lythraceae,Pemphis,,,,
Penaeus monodon,,,,,1,Animalia,Animalia,Malacostraca,Penaeidae,Penaeus,,,,
Penaeus setiferus,,,,,1,Animalia,Animalia,Malacostraca,Penaeidae,Penaeus,,,,
Peniophora cinerea,,,,,2,Fungi,Fungi,Agaricomycetes,Peniophoraceae,Peniophora,,,,
Pentas lanceolata,,,,,6,Plantae,Plantae,Magnoliopsida,Rubiaceae,Pentas,,,,
Peperomia galioides,,,,,1,Plantae,Plantae,Magnoliopsida,Piperaceae,Peperomia,,,,
Peperomia leptostachya,,,,,1,Plantae,Plantae,Magnoliopsida,Piperaceae,Peperomia,,,,
Peperomia magnoliifolia,,,,,1,Plantae,Plantae,Magnoliopsida,Piperaceae,Peperomia,,,,
Peperomia obtusifolia,,,,,3,Plantae,Plantae,Magnoliopsida,Piperaceae,Peperomia,,,,
Peperomia pellucida,,,,,30,Plantae,Plantae,Magnoliopsida,Piperaceae,Peperomia,,,,
Peperomia retusa,,,,,1,Plantae,Plantae,Magnoliopsida,Piperaceae,Peperomia,,,,
Peperomia tetragona,,,,,1,Plantae,Plantae,Magnoliopsida,Piperaceae,Peperomia,,,,
Peperomia urvilleana,,,,,1,Plantae,Plantae,Magnoliopsida,Piperaceae,Peperomia,,,,
Peratophyga crista,,,,,1,Insecta,Animalia,Insecta,Geometridae,Peratophyga,,,,
Pereskia aculeata,,,,,1,Plantae,Plantae,Magnoliopsida,Cactaceae,Pereskia,,,,
Pergesa acteus,,,,,1,Insecta,Animalia,Insecta,Sphingidae,Pergesa,,,,
Pericampylus glaucus,,,,,6,Plantae,Plantae,Magnoliopsida,Menispermaceae,Pericampylus,,,,
Pericrocotus tegimae,,,,,1,Aves,Animalia,Aves,Campephagidae,Pericrocotus,,,,
Perilla frutescens,,,,,11,Plantae,Plantae,Magnoliopsida,Lamiaceae,Perilla,,,,
Perina nuda,,,,,15,Insecta,Animalia,Insecta,Erebidae,Perina,,,,
Perionyx excavatus,,,,,1,Animalia,Animalia,Clitellata,Megascolecidae,Perionyx,,,,
Periophthalmus modestus,,,,,5,Actinopterygii,Animalia,Actinopterygii,Oxudercidae,Periophthalmus,,,,
Periplaneta americana,美洲大蠊,Periplaneta americana,82231,species,98,Insecta,Animalia,Insecta,Blattidae,Periplaneta,42262,iNaturalist,,2026-06-16T19:04:42
Periplaneta australasiae,,,,,7,Insecta,Animalia,Insecta,Blattidae,Periplaneta,,,,
Perixera griseata,,,,,1,Insecta,Animalia,Insecta,Geometridae,Perixera,,,,
Perixera minorata,,,,,1,Insecta,Animalia,Insecta,Geometridae,Perixera,,,,
Persea americana,,,,,8,Plantae,Plantae,Magnoliopsida,Lauraceae,Persea,,,,
Persicaria barbata,,,,,4,Plantae,Plantae,Magnoliopsida,Polygonaceae,Persicaria,,,,
Persicaria chinensis,,,,,6,Plantae,Plantae,Magnoliopsida,Polygonaceae,Persicaria,,,,
Persicaria lapathifolia,,,,,2,Plantae,Plantae,Magnoliopsida,Polygonaceae,Persicaria,,,,
Petrea volubilis,,,,,46,Plantae,Plantae,Magnoliopsida,Verbenaceae,Petrea,,,,
Petroselinum crispum,,,,,5,Plantae,Plantae,Magnoliopsida,Apiaceae,Petroselinum,,,,
Petunia integrifolia,,,,,1,Plantae,Plantae,Magnoliopsida,Solanaceae,Petunia,,,,
Phacelia calthifolia,,,,,1,Plantae,Plantae,Magnoliopsida,Boraginaceae,Phacelia,,,,
Phaeacius malayensis,,,,,1,Arachnida,Animalia,Arachnida,Salticidae,Phaeacius,,,,
Phaedyma columella,,,,,9,Insecta,Animalia,Insecta,Nymphalidae,Phaedyma,,,,
Phalaropus lobatus,,,,,1,Aves,Animalia,Aves,Scolopacidae,Phalaropus,,,,
Phallus lutescens,,,,,1,Fungi,Fungi,Agaricomycetes,Phallaceae,Phallus,,,,
Phanera championii,,,,,5,Plantae,Plantae,Magnoliopsida,Fabaceae,Phanera,,,,
Phaseolus lunatus,,,,,1,Plantae,Plantae,Magnoliopsida,Fabaceae,Phaseolus,,,,
Phaseolus vulgaris,,,,,2,Plantae,Plantae,Magnoliopsida,Fabaceae,Phaseolus,,,,
Phauda flammans,,,,,3,Insecta,Animalia,Insecta,Phaudidae,Phauda,,,,
Phazaca leucocera,,,,,3,Insecta,Animalia,Insecta,Uraniidae,Phazaca,,,,
Pheidole megacephala,,,,,11,Insecta,Animalia,Insecta,Formicidae,Pheidole,,,,
Pheidole parva,,,,,25,Insecta,Animalia,Insecta,Formicidae,Pheidole,,,,
Phereoeca uterella,,,,,9,Insecta,Animalia,Insecta,Tineidae,Phereoeca,,,,
Philadelphus coronarius,,,,,1,Plantae,Plantae,Magnoliopsida,Hydrangeaceae,Philadelphus,,,,
Philodendron grandipes,,,,,1,Plantae,Plantae,Liliopsida,Araceae,Philodendron,,,,
Philodendron hederaceum,,,,,10,Plantae,Plantae,Liliopsida,Araceae,Philodendron,,,,
Philonotis fontana,,,,,3,Plantae,Plantae,Bryopsida,Bartramiaceae,Philonotis,,,,
Phimenes flavopictus,,,,,2,Insecta,Animalia,Insecta,Vespidae,Phimenes,,,,
Phintelloides versicolor,,,,,5,Arachnida,Animalia,Arachnida,Salticidae,Phintelloides,,,,
Phlaeoba antennata,,,,,10,Insecta,Animalia,Insecta,Acrididae,Phlaeoba,,,,
Phlaeoba infumata,,,,,10,Insecta,Animalia,Insecta,Acrididae,Phlaeoba,,,,
Phlebopus marginatus,,,,,2,Fungi,Fungi,Agaricomycetes,Boletinellaceae,Phlebopus,,,,
Phlegmariurus phlegmaria,,,,,1,Plantae,Plantae,Lycopodiopsida,Lycopodiaceae,Phlegmariurus,,,,
Phlox divaricata,,,,,1,Plantae,Plantae,Magnoliopsida,Polemoniaceae,Phlox,,,,
Phlox paniculata,,,,,1,Plantae,Plantae,Magnoliopsida,Polemoniaceae,Phlox,,,,
Phlyctis argena,,,,,2,Fungi,Fungi,Lecanoromycetes,Phlyctidaceae,Phlyctis,,,,
Phlyctis petraea,,,,,2,Fungi,Fungi,Lecanoromycetes,Phlyctidaceae,Phlyctis,,,,
Phoenicopterus roseus,,,,,8,Aves,Animalia,Aves,Phoenicopteridae,Phoenicopterus,,,,
Phoenicurus auroreus,,,,,3,Aves,Animalia,Aves,Muscicapidae,Phoenicurus,,,,
Phoenix loureiroi,,,,,25,Plantae,Plantae,Liliopsida,Arecaceae,Phoenix,,,,
Phoenix roebelenii,江边刺葵,Phoenix roebelenii,204744,species,65,Plantae,Plantae,Liliopsida,Arecaceae,Phoenix,11032,iNaturalist,,2026-06-16T19:06:15
Phoenix sylvestris,,,,,6,Plantae,Plantae,Liliopsida,Arecaceae,Phoenix,,,,
Pholcus phalangioides,,,,,2,Arachnida,Animalia,Arachnida,Pholcidae,Pholcus,,,,
Photinia bodinieri,,,,,1,Plantae,Plantae,Magnoliopsida,Rosaceae,Photinia,,,,
Photinia serratifolia,,,,,2,Plantae,Plantae,Magnoliopsida,Rosaceae,Photinia,,,,
Phragmites australis,芦苇,Phragmites australis,64237,species,105,Plantae,Plantae,Liliopsida,Poaceae,Phragmites,130242,iNaturalist,,2026-06-16T19:04:28
Phragmites karka,,,,,5,Plantae,Plantae,Liliopsida,Poaceae,Phragmites,,,,
Phrynocaria unicolor,,,,,1,Insecta,Animalia,Insecta,Coccinellidae,Phrynocaria,,,,
Phycosoma digitula,,,,,2,Arachnida,Animalia,Arachnida,Theridiidae,Phycosoma,,,,
Phygasia ornata,,,,,11,Insecta,Animalia,Insecta,Chrysomelidae,Phygasia,,,,
Phyla nodiflora,,,,,3,Plantae,Plantae,Magnoliopsida,Verbenaceae,Phyla,,,,
Phyllanthus amarus,,,,,21,Plantae,Plantae,Magnoliopsida,Phyllanthaceae,Phyllanthus,,,,
Phyllanthus caroliniensis,,,,,1,Plantae,Plantae,Magnoliopsida,Phyllanthaceae,Phyllanthus,,,,
Phyllanthus cochinchinensis,越南叶下珠,Phyllanthus cochinchinensis,345561,species,103,Plantae,Plantae,Magnoliopsida,Phyllanthaceae,Phyllanthus,643,iNaturalist,,2026-06-16T19:04:30
Phyllanthus debilis,,,,,17,Plantae,Plantae,Magnoliopsida,Phyllanthaceae,Phyllanthus,,,,
Phyllanthus emblica,,,,,14,Plantae,Plantae,Magnoliopsida,Phyllanthaceae,Phyllanthus,,,,
Phyllanthus myrtifolius,,,,,49,Plantae,Plantae,Magnoliopsida,Phyllanthaceae,Phyllanthus,,,,
Phyllanthus niruri,,,,,19,Plantae,Plantae,Magnoliopsida,Phyllanthaceae,Phyllanthus,,,,
Phyllanthus reticulatus,,,,,15,Plantae,Plantae,Magnoliopsida,Phyllanthaceae,Phyllanthus,,,,
Phyllanthus tenellus,纤梗叶下珠,Phyllanthus tenellus,166757,species,108,Plantae,Plantae,Magnoliopsida,Phyllanthaceae,Phyllanthus,11157,iNaturalist,,2026-06-16T19:04:22
Phyllanthus urinaria,,,,,27,Plantae,Plantae,Magnoliopsida,Phyllanthaceae,Phyllanthus,,,,
Phyllanthus virgatus,,,,,1,Plantae,Plantae,Magnoliopsida,Phyllanthaceae,Phyllanthus,,,,
Phyllodium pulchellum,,,,,2,Plantae,Plantae,Magnoliopsida,Fabaceae,Phyllodium,,,,
Phylloscopus borealis,,,,,1,Aves,Animalia,Aves,Phylloscopidae,Phylloscopus,,,,
Phylloscopus fuscatus,,,,,3,Aves,Animalia,Aves,Phylloscopidae,Phylloscopus,,,,
Phylloscopus tenellipes,,,,,2,Aves,Animalia,Aves,Phylloscopidae,Phylloscopus,,,,
Phyllostachys aurea,,,,,11,Plantae,Plantae,Liliopsida,Poaceae,Phyllostachys,,,,
Phyllostachys edulis,,,,,2,Plantae,Plantae,Liliopsida,Poaceae,Phyllostachys,,,,
Phyllostachys nigra,,,,,14,Plantae,Plantae,Liliopsida,Poaceae,Phyllostachys,,,,
Physalis angulata,,,,,3,Plantae,Plantae,Magnoliopsida,Solanaceae,Physalis,,,,
Physcia phaea,,,,,1,Fungi,Fungi,Lecanoromycetes,Physciaceae,Physcia,,,,
Physciella chloantha,,,,,1,Fungi,Fungi,Lecanoromycetes,Physciaceae,Physciella,,,,
Physella acuta,,,,,2,Mollusca,Animalia,Gastropoda,Physidae,Physella,,,,
Physodera eschscholtzii,,,,,8,Insecta,Animalia,Insecta,Carabidae,Physodera,,,,
Physomerus grossipes,,,,,3,Insecta,Animalia,Insecta,Coreidae,Physomerus,,,,
Physopelta gutta,突背斑红蝽,Physopelta gutta,366807,species,142,Insecta,Animalia,Insecta,Largidae,Physopelta,6081,iNaturalist,,2026-06-16T19:03:44
Physopelta parviceps,,,,,1,Insecta,Animalia,Insecta,Largidae,Physopelta,,,,
Phytolacca dioica,,,,,1,Plantae,Plantae,Magnoliopsida,Phytolaccaceae,Phytolacca,,,,
Pica serica,,,,,19,Aves,Animalia,Aves,Corvidae,Pica,,,,
Pidorus atratus,,,,,37,Insecta,Animalia,Insecta,Zygaenidae,Pidorus,,,,
Pieris canidia,,,,,27,Insecta,Animalia,Insecta,Pieridae,Pieris,,,,
Pieris rapae,,,,,9,Insecta,Animalia,Insecta,Pieridae,Pieris,,,,
Piezodorus hybneri,,,,,4,Insecta,Animalia,Insecta,Pentatomidae,Piezodorus,,,,
Pilea cadierei,,,,,54,Plantae,Plantae,Magnoliopsida,Urticaceae,Pilea,,,,
Pilea microphylla,小叶冷水花,Pilea microphylla,69172,species,314,Plantae,Plantae,Magnoliopsida,Urticaceae,Pilea,24068,iNaturalist,,2026-06-16T19:02:50
Pilea nummulariifolia,,,,,14,Plantae,Plantae,Magnoliopsida,Urticaceae,Pilea,,,,
Pilea peploides,,,,,1,Plantae,Plantae,Magnoliopsida,Urticaceae,Pilea,,,,
Pimelea gigandra,,,,,2,Plantae,Plantae,Magnoliopsida,Thymelaeaceae,Pimelea,,,,
Pindara illibata,,,,,1,Insecta,Animalia,Insecta,Erebidae,Pindara,,,,
Pinellia ternata,,,,,1,Plantae,Plantae,Liliopsida,Araceae,Pinellia,,,,
Pinus echinata,,,,,1,Plantae,Plantae,Pinopsida,Pinaceae,Pinus,,,,
Pinus elliottii,,,,,20,Plantae,Plantae,Pinopsida,Pinaceae,Pinus,,,,
Pinus massoniana,马尾松,Pinus massoniana,135786,species,122,Plantae,Plantae,Pinopsida,Pinaceae,Pinus,1551,iNaturalist,,2026-06-16T19:04:04
Pinus parviflora,,,,,2,Plantae,Plantae,Pinopsida,Pinaceae,Pinus,,,,
Pinus rigida,,,,,1,Plantae,Plantae,Pinopsida,Pinaceae,Pinus,,,,
Pinus taiwanensis,,,,,2,Plantae,Plantae,Pinopsida,Pinaceae,Pinus,,,,
Pinus thunbergii,,,,,4,Plantae,Plantae,Pinopsida,Pinaceae,Pinus,,,,
Piper betle,,,,,2,Plantae,Plantae,Magnoliopsida,Piperaceae,Piper,,,,
Piper kadsura,,,,,2,Plantae,Plantae,Magnoliopsida,Piperaceae,Piper,,,,
Piper sarmentosum,,,,,12,Plantae,Plantae,Magnoliopsida,Piperaceae,Piper,,,,
Piper taiwanense,,,,,3,Plantae,Plantae,Magnoliopsida,Piperaceae,Piper,,,,
Piper tuberculatum,,,,,1,Plantae,Plantae,Magnoliopsida,Piperaceae,Piper,,,,
Pipistrellus abramus,,,,,1,Mammalia,Animalia,Mammalia,Vespertilionidae,Pipistrellus,,,,
Pirenella cingulata,,,,,1,Mollusca,Animalia,Gastropoda,Potamididae,Pirenella,,,,
Pisolithus arhizus,,,,,4,Fungi,Fungi,Agaricomycetes,Pisolithaceae,Pisolithus,,,,
Pisonia aculeata,,,,,5,Plantae,Plantae,Magnoliopsida,Nyctaginaceae,Pisonia,,,,
Pisonia grandis,,,,,1,Plantae,Plantae,Magnoliopsida,Nyctaginaceae,Pisonia,,,,
Pistacia chinensis,,,,,11,Plantae,Plantae,Magnoliopsida,Anacardiaceae,Pistacia,,,,
Pistacia weinmanniifolia,,,,,1,Plantae,Plantae,Magnoliopsida,Anacardiaceae,Pistacia,,,,
Pistia stratiotes,,,,,51,Plantae,Plantae,Liliopsida,Araceae,Pistia,,,,
Pisum sativum,,,,,3,Plantae,Plantae,Magnoliopsida,Fabaceae,Pisum,,,,
Pittosporum multiflorum,,,,,1,Plantae,Plantae,Magnoliopsida,Pittosporaceae,Pittosporum,,,,
Pittosporum pentandrum,,,,,1,Plantae,Plantae,Magnoliopsida,Pittosporaceae,Pittosporum,,,,
Pittosporum ralphii,,,,,1,Plantae,Plantae,Magnoliopsida,Pittosporaceae,Pittosporum,,,,
Pittosporum tenuifolium,,,,,1,Plantae,Plantae,Magnoliopsida,Pittosporaceae,Pittosporum,,,,
Pittosporum tobira,,,,,25,Plantae,Plantae,Magnoliopsida,Pittosporaceae,Pittosporum,,,,
Pityrogramma calomelanos,,,,,8,Plantae,Plantae,Polypodiopsida,Pteridaceae,Pityrogramma,,,,
Placidium squamulosum,,,,,1,Fungi,Fungi,Eurotiomycetes,Verrucariaceae,Placidium,,,,
Plagiogyria euphlebia,,,,,1,Plantae,Plantae,Polypodiopsida,Plagiogyriaceae,Plagiogyria,,,,
Plagiomnium cuspidatum,,,,,1,Plantae,Plantae,Bryopsida,Mniaceae,Plagiomnium,,,,
Planaxis sulcatus,,,,,4,Mollusca,Animalia,Gastropoda,Planaxidae,Planaxis,,,,
Planchonella chartacea,,,,,1,Plantae,Plantae,Magnoliopsida,Sapotaceae,Planchonella,,,,
Planchonella obovata,,,,,1,Plantae,Plantae,Magnoliopsida,Sapotaceae,Planchonella,,,,
Planopleura kaempferi,,,,,1,Insecta,Animalia,Insecta,Cicadidae,Planopleura,,,,
Plantago asiatica,,,,,36,Plantae,Plantae,Magnoliopsida,Plantaginaceae,Plantago,,,,
Plantago lanceolata,,,,,1,Plantae,Plantae,Magnoliopsida,Plantaginaceae,Plantago,,,,
Plantago major,,,,,10,Plantae,Plantae,Magnoliopsida,Plantaginaceae,Plantago,,,,
Plantago maritima,,,,,2,Plantae,Plantae,Magnoliopsida,Plantaginaceae,Plantago,,,,
Platalea minor,,,,,3,Aves,Animalia,Aves,Threskiornithidae,Platalea,,,,
Platycerium bifurcatum,,,,,7,Plantae,Plantae,Polypodiopsida,Polypodiaceae,Platycerium,,,,
Platycerium coronarium,,,,,1,Plantae,Plantae,Polypodiopsida,Polypodiaceae,Platycerium,,,,
Platycerium superbum,,,,,2,Plantae,Plantae,Polypodiopsida,Polypodiaceae,Platycerium,,,,
Platycladus orientalis,,,,,28,Plantae,Plantae,Pinopsida,Cupressaceae,Platycladus,,,,
Platycodon grandiflorus,,,,,2,Plantae,Plantae,Magnoliopsida,Campanulaceae,Platycodon,,,,
Platycorynus undatus,,,,,2,Insecta,Animalia,Insecta,Chrysomelidae,Platycorynus,,,,
Platydemus manokwari,,,,,11,Animalia,Animalia,,Geoplanidae,Platydemus,,,,
Platyja torsilinea,,,,,1,Insecta,Animalia,Insecta,Erebidae,Platyja,,,,
Platymetopus flavilabris,,,,,1,Insecta,Animalia,Insecta,Carabidae,Platymetopus,,,,
Platysternon megacephalum,,,,,1,Reptilia,Animalia,Reptilia,Platysternidae,Platysternon,,,,
Plecoptera luteiceps,,,,,1,Insecta,Animalia,Insecta,Erebidae,Plecoptera,,,,
Plenasium banksiifolium,,,,,1,Plantae,Plantae,Polypodiopsida,Osmundaceae,Plenasium,,,,
Plerandra elegantissima,,,,,17,Plantae,Plantae,Magnoliopsida,Araliaceae,Plerandra,,,,
Pleroma granulosum,,,,,2,Plantae,Plantae,Magnoliopsida,Melastomataceae,Pleroma,,,,
Pleroma heteromallum,,,,,19,Plantae,Plantae,Magnoliopsida,Melastomataceae,Pleroma,,,,
Pleroma semidecandrum,巴西野牡丹,Pleroma semidecandrum,1121127,species,112,Plantae,Plantae,Magnoliopsida,Melastomataceae,Pleroma,4193,iNaturalist,,2026-06-16T19:04:18
Pleroma urvilleanum,,,,,9,Plantae,Plantae,Magnoliopsida,Melastomataceae,Pleroma,,,,
Plesiomorpha flaviceps,,,,,1,Insecta,Animalia,Insecta,Geometridae,Plesiomorpha,,,,
Pleurotus djamor,,,,,1,Fungi,Fungi,Agaricomycetes,Pleurotaceae,Pleurotus,,,,
Plexippus setipes,,,,,1,Arachnida,Animalia,Arachnida,Salticidae,Plexippus,,,,
Plinia cauliflora,,,,,15,Plantae,Plantae,Magnoliopsida,Myrtaceae,Plinia,,,,
Plodia interpunctella,,,,,5,Insecta,Animalia,Insecta,Pyralidae,Plodia,,,,
Pluchea indica,,,,,1,Plantae,Plantae,Magnoliopsida,Asteraceae,Pluchea,,,,
Pluchea sagittalis,,,,,1,Plantae,Plantae,Magnoliopsida,Asteraceae,Pluchea,,,,
Plumbago auriculata,蓝花丹,Plumbago auriculata,78631,species,176,Plantae,Plantae,Magnoliopsida,Plumbaginaceae,Plumbago,39845,iNaturalist,,2026-06-16T19:03:20
Plumbago zeylanica,,,,,11,Plantae,Plantae,Magnoliopsida,Plumbaginaceae,Plumbago,,,,
Plumeria obtusa,,,,,44,Plantae,Plantae,Magnoliopsida,Apocynaceae,Plumeria,,,,
Plumeria rubra,红鸡蛋花,Plumeria rubra,123438,species,108,Plantae,Plantae,Magnoliopsida,Apocynaceae,Plumeria,29370,iNaturalist,,2026-06-16T19:04:24
Plusiodonta coelonota,,,,,6,Insecta,Animalia,Insecta,Erebidae,Plusiodonta,,,,
Plusiopalpa adrasta,,,,,1,Insecta,Animalia,Insecta,Noctuidae,Plusiopalpa,,,,
Plutodes costatus,,,,,3,Insecta,Animalia,Insecta,Geometridae,Plutodes,,,,
Pluvialis fulva,,,,,2,Aves,Animalia,Aves,Charadriidae,Pluvialis,,,,
Poa annua,,,,,3,Plantae,Plantae,Liliopsida,Poaceae,Poa,,,,
Podiceps cristatus,,,,,1,Aves,Animalia,Aves,Podicipedidae,Podiceps,,,,
Podocarpus latifolius,,,,,1,Plantae,Plantae,Pinopsida,Podocarpaceae,Podocarpus,,,,
Podocarpus macrophyllus,罗汉松,Podocarpus macrophyllus,135329,species,97,Plantae,Plantae,Pinopsida,Podocarpaceae,Podocarpus,9930,iNaturalist,,2026-06-16T19:04:48
Podontia lutea,,,,,1,Insecta,Animalia,Insecta,Chrysomelidae,Podontia,,,,
Podranea ricasoliana,,,,,7,Plantae,Plantae,Magnoliopsida,Bignoniaceae,Podranea,,,,
Poecilia reticulata,,,,,8,Actinopterygii,Animalia,Actinopterygii,Poeciliidae,Poecilia,,,,
Pogonatherum crinitum,,,,,17,Plantae,Plantae,Liliopsida,Poaceae,Pogonatherum,,,,
Polionemobius taprobanensis,,,,,17,Insecta,Animalia,Insecta,Trigonidiidae,Polionemobius,,,,
Polistes gigas,,,,,13,Insecta,Animalia,Insecta,Vespidae,Polistes,,,,
Polistes sagittarius,,,,,3,Insecta,Animalia,Insecta,Vespidae,Polistes,,,,
Poltys illepidus,,,,,3,Arachnida,Animalia,Arachnida,Araneidae,Poltys,,,,
Polycarpon tetraphyllum,,,,,3,Plantae,Plantae,Magnoliopsida,Caryophyllaceae,Polycarpon,,,,
Polypedates leucomystax,,,,,1,Amphibia,Animalia,Amphibia,Rhacophoridae,Polypedates,,,,
Polypedates megacephalus,斑腿泛树蛙,Polypedates megacephalus,26571,species,73,Amphibia,Animalia,Amphibia,Rhacophoridae,Polypedates,13849,iNaturalist,,2026-06-16T19:05:51
Polyphagozerra coffeae,,,,,6,Insecta,Animalia,Insecta,Cossidae,Polyphagozerra,,,,
Polypodium sibiricum,,,,,1,Plantae,Plantae,Polypodiopsida,Polypodiaceae,Polypodium,,,,
Polyrhachis demangei,,,,,3,Insecta,Animalia,Insecta,Formicidae,Polyrhachis,,,,
Polyrhachis dives,双齿多刺蚁,Polyrhachis dives,424544,species,94,Insecta,Animalia,Insecta,Formicidae,Polyrhachis,3702,iNaturalist,,2026-06-16T19:04:56
Polyrhachis illaudata,梅氏多刺蚁,Polyrhachis illaudata,366830,species,121,Insecta,Animalia,Insecta,Formicidae,Polyrhachis,2413,iNaturalist,,2026-06-16T19:04:08
Polyrhachis vigilans,,,,,5,Insecta,Animalia,Insecta,Formicidae,Polyrhachis,,,,
Polyrhachis wolfi,,,,,1,Insecta,Animalia,Insecta,Formicidae,Polyrhachis,,,,
Polyscias balfouriana,,,,,38,Plantae,Plantae,Magnoliopsida,Araliaceae,Polyscias,,,,
Polyscias fruticosa,,,,,8,Plantae,Plantae,Magnoliopsida,Araliaceae,Polyscias,,,,
Polyscias guilfoylei,,,,,22,Plantae,Plantae,Magnoliopsida,Araliaceae,Polyscias,,,,
Polyscias scutellaria,,,,,17,Plantae,Plantae,Magnoliopsida,Araliaceae,Polyscias,,,,
Polyspora axillaris,,,,,4,Plantae,Plantae,Magnoliopsida,Theaceae,Polyspora,,,,
Polyura athamas,,,,,1,Insecta,Animalia,Insecta,Nymphalidae,Polyura,,,,
Pomacea canaliculata,,,,,12,Mollusca,Animalia,Gastropoda,Ampullariidae,Pomacea,,,,
Pomacea maculata,,,,,3,Mollusca,Animalia,Gastropoda,Ampullariidae,Pomacea,,,,
Pongamia pinnata,,,,,32,Plantae,Plantae,Magnoliopsida,Fabaceae,Pongamia,,,,
Pontederia cordata,梭鱼草,Pontederia cordata,52599,species,69,Plantae,Plantae,Liliopsida,Pontederiaceae,Pontederia,49082,iNaturalist,,2026-06-16T19:06:01
Pontederia crassipes,,,,,43,Plantae,Plantae,Liliopsida,Pontederiaceae,Pontederia,,,,
Pontederia vaginalis,,,,,3,Plantae,Plantae,Liliopsida,Pontederiaceae,Pontederia,,,,
Pontoscolex corethrurus,,,,,1,Animalia,Animalia,Clitellata,Rhinodrilidae,Pontoscolex,,,,
Popillia mutans,,,,,1,Insecta,Animalia,Insecta,Scarabaeidae,Popillia,,,,
Porcellio laevis,,,,,1,Animalia,Animalia,Malacostraca,Porcellionidae,Porcellio,,,,
Porcellionides floria,,,,,1,Animalia,Animalia,Malacostraca,Porcellionidae,Porcellionides,,,,
Porcellionides pruinosus,,,,,3,Animalia,Animalia,Malacostraca,Porcellionidae,Porcellionides,,,,
Porpita porpita,,,,,3,Animalia,Animalia,Hydrozoa,Porpitidae,Porpita,,,,
Portulaca grandiflora,,,,,2,Plantae,Plantae,Magnoliopsida,Portulacaceae,Portulaca,,,,
Portulaca oleracea,马齿苋,Portulaca oleracea,58991,species,77,Plantae,Plantae,Magnoliopsida,Portulacaceae,Portulaca,67725,iNaturalist,,2026-06-16T19:05:37
Portulaca pilosa,,,,,4,Plantae,Plantae,Magnoliopsida,Portulacaceae,Portulaca,,,,
Portulaca umbraticola,,,,,5,Plantae,Plantae,Magnoliopsida,Portulacaceae,Portulaca,,,,
Portulacaria afra,,,,,5,Plantae,Plantae,Magnoliopsida,Didiereaceae,Portulacaria,,,,
Portunus trituberculatus,,,,,1,Animalia,Animalia,Malacostraca,Portunidae,Portunus,,,,
Potamogeton crispus,,,,,2,Plantae,Plantae,Liliopsida,Potamogetonaceae,Potamogeton,,,,
Potentilla hebiichigo,,,,,13,Plantae,Plantae,Magnoliopsida,Rosaceae,Potentilla,,,,
Potentilla indica,,,,,3,Plantae,Plantae,Magnoliopsida,Rosaceae,Potentilla,,,,
Potentilla kleiniana,,,,,1,Plantae,Plantae,Magnoliopsida,Rosaceae,Potentilla,,,,
Pothos chinensis,,,,,2,Plantae,Plantae,Liliopsida,Araceae,Pothos,,,,
Pothyne variegata,,,,,1,Insecta,Animalia,Insecta,Cerambycidae,Pothyne,,,,
Pouteria campechiana,,,,,1,Plantae,Plantae,Magnoliopsida,Sapotaceae,Pouteria,,,,
Pouzolzia zeylanica,,,,,44,Plantae,Plantae,Magnoliopsida,Urticaceae,Pouzolzia,,,,
Praxelis clematidea,假臭草,Praxelis clematidea,326106,species,55,Plantae,Plantae,Magnoliopsida,Asteraceae,Praxelis,8042,iNaturalist,,2026-06-16T19:09:47
Premna microphylla,,,,,1,Plantae,Plantae,Magnoliopsida,Lamiaceae,Premna,,,,
Premna serratifolia,,,,,3,Plantae,Plantae,Magnoliopsida,Lamiaceae,Premna,,,,
Primulina dryas,,,,,1,Plantae,Plantae,Magnoliopsida,Gesneriaceae,Primulina,,,,
Prinia flaviventris,,,,,4,Aves,Animalia,Aves,Cisticolidae,Prinia,,,,
Prinia inornata,,,,,17,Aves,Animalia,Aves,Cisticolidae,Prinia,,,,
Prionotes cerinthoides,,,,,1,Plantae,Plantae,Magnoliopsida,Ericaceae,Prionotes,,,,
Pristomyrmex punctatus,,,,,7,Insecta,Animalia,Insecta,Formicidae,Pristomyrmex,,,,
Procris repens,,,,,1,Plantae,Plantae,Magnoliopsida,Urticaceae,Procris,,,,
Prodasineura autumnalis,,,,,19,Insecta,Animalia,Insecta,Platycnemididae,Prodasineura,,,,
Progonia oileusalis,,,,,1,Insecta,Animalia,Insecta,Erebidae,Progonia,,,,
Propylea japonica,,,,,7,Insecta,Animalia,Insecta,Coccinellidae,Propylea,,,,
Proreus simulans,,,,,2,Insecta,Animalia,Insecta,Chelisochidae,Proreus,,,,
Prosopis cineraria,,,,,1,Plantae,Plantae,Magnoliopsida,Fabaceae,Prosopis,,,,
Prosopochrysa vitripennis,,,,,6,Insecta,Animalia,Insecta,Stratiomyidae,Prosopochrysa,,,,
Prosoponoides sinense,,,,,1,Arachnida,Animalia,Arachnida,Linyphiidae,Prosoponoides,,,,
Prosotas dubiosa,,,,,34,Insecta,Animalia,Insecta,Lycaenidae,Prosotas,,,,
Prosotas nora,,,,,4,Insecta,Animalia,Insecta,Lycaenidae,Prosotas,,,,
Prosthechea ochracea,,,,,1,Plantae,Plantae,Liliopsida,Orchidaceae,Prosthechea,,,,
Protaetia fusca,,,,,1,Insecta,Animalia,Insecta,Scarabaeidae,Protaetia,,,,
Protaetia orientalis,,,,,6,Insecta,Animalia,Insecta,Scarabaeidae,Protaetia,,,,
Protosticta beaumonti,,,,,1,Insecta,Animalia,Insecta,Platystictidae,Protosticta,,,,
Prunus amygdalus,,,,,3,Plantae,Plantae,Magnoliopsida,Rosaceae,Prunus,,,,
Prunus campanulata,钟花樱桃,Prunus campanulata,199339,species,136,Plantae,Plantae,Magnoliopsida,Rosaceae,Prunus,10979,iNaturalist,,2026-06-16T19:03:48
Prunus cerasoides,,,,,2,Plantae,Plantae,Magnoliopsida,Rosaceae,Prunus,,,,
Prunus mume,,,,,5,Plantae,Plantae,Magnoliopsida,Rosaceae,Prunus,,,,
Prunus persica,,,,,19,Plantae,Plantae,Magnoliopsida,Rosaceae,Prunus,,,,
Prunus phaeosticta,,,,,1,Plantae,Plantae,Magnoliopsida,Rosaceae,Prunus,,,,
Prunus salicina,,,,,1,Plantae,Plantae,Magnoliopsida,Rosaceae,Prunus,,,,
Prunus sargentii,,,,,2,Plantae,Plantae,Magnoliopsida,Rosaceae,Prunus,,,,
Prunus serrulata,,,,,31,Plantae,Plantae,Magnoliopsida,Rosaceae,Prunus,,,,
Prunus yunnanensis,,,,,1,Plantae,Plantae,Magnoliopsida,Rosaceae,Prunus,,,,
Psamatodes abydata,,,,,2,Insecta,Animalia,Insecta,Geometridae,Psamatodes,,,,
Psammodynastes pulverulentus,,,,,5,Reptilia,Animalia,Reptilia,Psammodynastidae,Psammodynastes,,,,
Pselliophora bifascipennis,,,,,1,Insecta,Animalia,Insecta,Tipulidae,Pselliophora,,,,
Pseudagrion microcephalum,,,,,8,Insecta,Animalia,Insecta,Coenagrionidae,Pseudagrion,,,,
Pseudanomodon attenuatus,,,,,1,Plantae,Plantae,Bryopsida,Neckeraceae,Pseudanomodon,,,,
Pseudemys nelsoni,,,,,7,Reptilia,Animalia,Reptilia,Emydidae,Pseudemys,,,,
Pseudemys peninsularis,,,,,1,Reptilia,Animalia,Reptilia,Emydidae,Pseudemys,,,,
Pseuderanthemum laxiflorum,,,,,4,Plantae,Plantae,Magnoliopsida,Acanthaceae,Pseuderanthemum,,,,
Pseudobombax septenatum,,,,,3,Plantae,Plantae,Magnoliopsida,Malvaceae,Pseudobombax,,,,
Pseudocoladenia dan,,,,,1,Insecta,Animalia,Insecta,Hesperiidae,Pseudocoladenia,,,,
Pseudoconyza viscosa,,,,,1,Plantae,Plantae,Magnoliopsida,Asteraceae,Pseudoconyza,,,,
Pseudocopera ciliata,,,,,2,Insecta,Animalia,Insecta,Platycnemididae,Pseudocopera,,,,
Pseudogagrella splendens,,,,,5,Arachnida,Animalia,Arachnida,Sclerosomatidae,Pseudogagrella,,,,
Pseudogastromyzon myersi,,,,,3,Actinopterygii,Animalia,Actinopterygii,Gastromyzontidae,Pseudogastromyzon,,,,
Pseudogobius poicilosoma,,,,,1,Actinopterygii,Animalia,Actinopterygii,Oxudercidae,Pseudogobius,,,,
Pseudoneoponera rufipes,,,,,7,Insecta,Animalia,Insecta,Formicidae,Pseudoneoponera,,,,
Pseudorasbora parva,,,,,2,Actinopterygii,Animalia,Actinopterygii,Gobionidae,Pseudorasbora,,,,
Pseudosasa japonica,,,,,5,Plantae,Plantae,Liliopsida,Poaceae,Pseudosasa,,,,
Pseudoterinaea bicoloripes,,,,,2,Insecta,Animalia,Insecta,Cerambycidae,Pseudoterinaea,,,,
Pseudothemis zonata,,,,,37,Insecta,Animalia,Insecta,Libellulidae,Pseudothemis,,,,
Pseudoxya diminuta,,,,,7,Insecta,Animalia,Insecta,Acrididae,Pseudoxya,,,,
Pseudozizeeria maha,酢浆灰蝶,Pseudozizeeria maha,145642,species,63,Insecta,Animalia,Insecta,Lycaenidae,Pseudozizeeria,23840,iNaturalist,,2026-06-16T19:06:25
Psidium cattleyanum,,,,,1,Plantae,Plantae,Magnoliopsida,Myrtaceae,Psidium,,,,
Psidium guajava,,,,,13,Plantae,Plantae,Magnoliopsida,Myrtaceae,Psidium,,,,
Psilotum complanatum,,,,,1,Plantae,Plantae,Polypodiopsida,Psilotaceae,Psilotum,,,,
Psilotum nudum,,,,,24,Plantae,Plantae,Polypodiopsida,Psilotaceae,Psilotum,,,,
Psittacus erithacus,,,,,1,Aves,Animalia,Aves,Psittacidae,Psittacus,,,,
Psychoda alternata,,,,,3,Insecta,Animalia,Insecta,Psychodidae,Psychoda,,,,
Psychotria asiatica,九节,Psychotria asiatica,427363,species,94,Plantae,Plantae,Magnoliopsida,Rubiaceae,Psychotria,8459,iNaturalist,,2026-06-16T19:04:58
Psychotria capensis,,,,,2,Plantae,Plantae,Magnoliopsida,Rubiaceae,Psychotria,,,,
Psychotria nervosa,,,,,2,Plantae,Plantae,Magnoliopsida,Rubiaceae,Psychotria,,,,
Psychotria serpens,蔓九节,Psychotria serpens,425191,species,119,Plantae,Plantae,Magnoliopsida,Rubiaceae,Psychotria,5005,iNaturalist,,2026-06-16T19:04:10
Psychotria tenuifolia,,,,,1,Plantae,Plantae,Magnoliopsida,Rubiaceae,Psychotria,,,,
Psyllobora vigintimaculata,,,,,4,Insecta,Animalia,Insecta,Coccinellidae,Psyllobora,,,,
Ptecticus aurifer,,,,,5,Insecta,Animalia,Insecta,Stratiomyidae,Ptecticus,,,,
Pteridium aquilinum,,,,,1,Plantae,Plantae,Polypodiopsida,Dennstaedtiaceae,Pteridium,,,,
Pteris biaurita,,,,,1,Plantae,Plantae,Polypodiopsida,Pteridaceae,Pteris,,,,
Pteris cretica,,,,,7,Plantae,Plantae,Polypodiopsida,Pteridaceae,Pteris,,,,
Pteris dispar,,,,,2,Plantae,Plantae,Polypodiopsida,Pteridaceae,Pteris,,,,
Pteris ensiformis,剑叶凤尾蕨,Pteris ensiformis,167539,species,148,Plantae,Plantae,Polypodiopsida,Pteridaceae,Pteris,6989,iNaturalist,,2026-06-16T19:03:34
Pteris fauriei,,,,,8,Plantae,Plantae,Polypodiopsida,Pteridaceae,Pteris,,,,
Pteris grevilleana,,,,,1,Plantae,Plantae,Polypodiopsida,Pteridaceae,Pteris,,,,
Pteris longipinna,,,,,1,Plantae,Plantae,Polypodiopsida,Pteridaceae,Pteris,,,,
Pteris multifida,井栏边草,Pteris multifida,82165,species,60,Plantae,Plantae,Polypodiopsida,Pteridaceae,Pteris,4310,iNaturalist,,2026-06-16T19:06:31
Pteris semipinnata,半边旗,Pteris semipinnata,426520,species,71,Plantae,Plantae,Polypodiopsida,Pteridaceae,Pteris,4631,iNaturalist,,2026-06-16T19:05:55
Pteris terminalis,,,,,1,Plantae,Plantae,Polypodiopsida,Pteridaceae,Pteris,,,,
Pteris vittata,蜈蚣草,Pteris vittata,57636,species,148,Plantae,Plantae,Polypodiopsida,Pteridaceae,Pteris,16076,iNaturalist,,2026-06-16T19:03:36
Pterocarpus indicus,,,,,11,Plantae,Plantae,Magnoliopsida,Fabaceae,Pterocarpus,,,,
Pterocarpus officinalis,,,,,1,Plantae,Plantae,Magnoliopsida,Fabaceae,Pterocarpus,,,,
Pterocarya stenoptera,,,,,3,Plantae,Plantae,Magnoliopsida,Juglandaceae,Pterocarya,,,,
Pterolepis glomerata,,,,,1,Plantae,Plantae,Magnoliopsida,Melastomataceae,Pterolepis,,,,
Pterolophia annulata,,,,,4,Insecta,Animalia,Insecta,Cerambycidae,Pterolophia,,,,
Pterophyllum scalare,,,,,3,Actinopterygii,Animalia,Actinopterygii,Cichlidae,Pterophyllum,,,,
Pterorhinus chinensis,,,,,4,Aves,Animalia,Aves,Leiothrichidae,Pterorhinus,,,,
Pterorhinus pectoralis,,,,,3,Aves,Animalia,Aves,Leiothrichidae,Pterorhinus,,,,
Pterorhinus perspicillatus,黑脸噪鹛,Pterorhinus perspicillatus,1289400,species,77,Aves,Animalia,Aves,Leiothrichidae,Pterorhinus,4851,iNaturalist,,2026-06-16T19:05:39
Pterorhinus sannio,,,,,1,Aves,Animalia,Aves,Leiothrichidae,Pterorhinus,,,,
Pterospermum acerifolium,,,,,17,Plantae,Plantae,Magnoliopsida,Malvaceae,Pterospermum,,,,
Pterospermum heterophyllum,,,,,6,Plantae,Plantae,Magnoliopsida,Malvaceae,Pterospermum,,,,
Pterospermum niveum,,,,,6,Plantae,Plantae,Magnoliopsida,Malvaceae,Pterospermum,,,,
Pterygoplichthys gibbiceps,,,,,1,Actinopterygii,Animalia,Actinopterygii,Loricariidae,Pterygoplichthys,,,,
Ptilomera tigrina,,,,,2,Insecta,Animalia,Insecta,Gerridae,Ptilomera,,,,
Ptocasius strupifer,,,,,2,Arachnida,Animalia,Arachnida,Salticidae,Ptocasius,,,,
Ptyas major,,,,,1,Reptilia,Animalia,Reptilia,Colubridae,Ptyas,,,,
Ptyas mucosa,,,,,1,Reptilia,Animalia,Reptilia,Colubridae,Ptyas,,,,
Ptychosperma propinquum,,,,,12,Plantae,Plantae,Liliopsida,Arecaceae,Ptychosperma,,,,
Ptychostomum capillare,,,,,1,Plantae,Plantae,Bryopsida,Bryaceae,Ptychostomum,,,,
Ptychostomum imbricatulum,,,,,5,Plantae,Plantae,Bryopsida,Bryaceae,Ptychostomum,,,,
Pueraria montana,,,,,11,Plantae,Plantae,Magnoliopsida,Fabaceae,Pueraria,,,,
Punctularia atropurpurascens,,,,,1,Fungi,Fungi,Agaricomycetes,Corticiaceae,Punctularia,,,,
Punica granatum,,,,,12,Plantae,Plantae,Magnoliopsida,Lythraceae,Punica,,,,
Pycnarmon cribrata,,,,,1,Insecta,Animalia,Insecta,Crambidae,Pycnarmon,,,,
Pycnonotus aurigaster,,,,,30,Aves,Animalia,Aves,Pycnonotidae,Pycnonotus,,,,
Pycnonotus jocosus,红耳鹎,Pycnonotus jocosus,14591,species,464,Aves,Animalia,Aves,Pycnonotidae,Pycnonotus,26069,iNaturalist,,2026-06-16T19:02:44
Pycnonotus leucotis,,,,,2,Aves,Animalia,Aves,Pycnonotidae,Pycnonotus,,,,
Pycnonotus sinensis,白头鹎,Pycnonotus sinensis,14621,species,398,Aves,Animalia,Aves,Pycnonotidae,Pycnonotus,25789,iNaturalist,,2026-06-16T19:02:46
Pycnoporellus fulgens,,,,,1,Fungi,Fungi,Agaricomycetes,Fomitopsidaceae,Pycnoporellus,,,,
Pycnoscelus indicus,,,,,21,Insecta,Animalia,Insecta,Blaberidae,Pycnoscelus,,,,
Pycnoscelus surinamensis,,,,,6,Insecta,Animalia,Insecta,Blaberidae,Pycnoscelus,,,,
Pyracantha crenulata,,,,,3,Plantae,Plantae,Magnoliopsida,Rosaceae,Pyracantha,,,,
Pyracantha koidzumii,,,,,1,Plantae,Plantae,Magnoliopsida,Rosaceae,Pyracantha,,,,
Pyralis manihotalis,,,,,2,Insecta,Animalia,Insecta,Pyralidae,Pyralis,,,,
Pyrocoelia analis,,,,,8,Insecta,Animalia,Insecta,Lampyridae,Pyrocoelia,,,,
Pyrops candelaria,,,,,36,Insecta,Animalia,Insecta,Fulgoridae,Pyrops,,,,
Pyrostegia venusta,,,,,17,Plantae,Plantae,Magnoliopsida,Bignoniaceae,Pyrostegia,,,,
Pyrrosia adnascens,贴生石韦,Pyrrosia adnascens,447521,species,114,Plantae,Plantae,Polypodiopsida,Polypodiaceae,Pyrrosia,1333,iNaturalist,,2026-06-16T19:04:16
Pyrrosia lanceolata,,,,,34,Plantae,Plantae,Polypodiopsida,Polypodiaceae,Pyrrosia,,,,
Pyrrosia lingua,,,,,2,Plantae,Plantae,Polypodiopsida,Polypodiaceae,Pyrrosia,,,,
Pyrrosia piloselloides,,,,,2,Plantae,Plantae,Polypodiopsida,Polypodiaceae,Pyrrosia,,,,
Pyrus calleryana,,,,,3,Plantae,Plantae,Magnoliopsida,Rosaceae,Pyrus,,,,
Pyrus pyrifolia,,,,,2,Plantae,Plantae,Magnoliopsida,Rosaceae,Pyrus,,,,
Python regius,,,,,1,Reptilia,Animalia,Reptilia,Pythonidae,Python,,,,
Pyxine subcinerea,,,,,12,Fungi,Fungi,Lecanoromycetes,Caliciaceae,Pyxine,,,,
Quadrastichus erythrinae,,,,,1,Insecta,Animalia,Insecta,Eulophidae,Quadrastichus,,,,
Quercus championii,,,,,1,Plantae,Plantae,Magnoliopsida,Fagaceae,Quercus,,,,
Quercus muehlenbergii,,,,,2,Plantae,Plantae,Magnoliopsida,Fagaceae,Quercus,,,,
Quercus myrsinifolia,,,,,8,Plantae,Plantae,Magnoliopsida,Fagaceae,Quercus,,,,
Racopilum cuspidigerum,,,,,8,Plantae,Plantae,Bryopsida,Racopilaceae,Racopilum,,,,
Racotis boarmiaria,,,,,4,Insecta,Animalia,Insecta,Geometridae,Racotis,,,,
Radermachera hainanensis,,,,,17,Plantae,Plantae,Magnoliopsida,Bignoniaceae,Radermachera,,,,
Radermachera sinica,,,,,2,Plantae,Plantae,Magnoliopsida,Bignoniaceae,Radermachera,,,,
Raivuna patruelis,,,,,1,Insecta,Animalia,Insecta,Dictyopharidae,Raivuna,,,,
Ramulus caii,,,,,1,Insecta,Animalia,Insecta,Phasmatidae,Ramulus,,,,
Ranunculus asiaticus,,,,,1,Plantae,Plantae,Magnoliopsida,Ranunculaceae,Ranunculus,,,,
Ranunculus sceleratus,,,,,3,Plantae,Plantae,Magnoliopsida,Ranunculaceae,Ranunculus,,,,
Rapala manea,,,,,2,Insecta,Animalia,Insecta,Lycaenidae,Rapala,,,,
Rathouisia sinensis,,,,,1,Mollusca,Animalia,Gastropoda,Rathouisiidae,Rathouisia,,,,
Rattus andamanensis,,,,,1,Mammalia,Animalia,Mammalia,Muridae,Rattus,,,,
Rattus norvegicus,,,,,7,Mammalia,Animalia,Mammalia,Muridae,Rattus,,,,
Rattus rattus,,,,,2,Mammalia,Animalia,Mammalia,Muridae,Rattus,,,,
Rattus tanezumi,,,,,8,Mammalia,Animalia,Mammalia,Muridae,Rattus,,,,
Rauvolfia serpentina,,,,,1,Plantae,Plantae,Magnoliopsida,Apocynaceae,Rauvolfia,,,,
Rauvolfia tetraphylla,,,,,2,Plantae,Plantae,Magnoliopsida,Apocynaceae,Rauvolfia,,,,
Rauvolfia verticillata,,,,,3,Plantae,Plantae,Magnoliopsida,Apocynaceae,Rauvolfia,,,,
Ravenala madagascariensis,旅人蕉,Ravenala madagascariensis,1311723,species,58,Plantae,Plantae,Liliopsida,Strelitziaceae,Ravenala,4492,iNaturalist,,2026-06-16T19:09:15
Recurvirostra avosetta,,,,,6,Aves,Animalia,Aves,Recurvirostridae,Recurvirostra,,,,
Reevesia formosana,,,,,1,Plantae,Plantae,Magnoliopsida,Malvaceae,Reevesia,,,,
Reevesia thyrsoidea,,,,,10,Plantae,Plantae,Magnoliopsida,Malvaceae,Reevesia,,,,
Regiscolia azurea,,,,,2,Insecta,Animalia,Insecta,Scoliidae,Regiscolia,,,,
Rehimena phrynealis,,,,,2,Insecta,Animalia,Insecta,Crambidae,Rehimena,,,,
Reholttumia truncata,,,,,1,Plantae,Plantae,Polypodiopsida,Thelypteridaceae,Reholttumia,,,,
Reinwardtia indica,,,,,1,Plantae,Plantae,Magnoliopsida,Linaceae,Reinwardtia,,,,
Remelana jangala,,,,,1,Insecta,Animalia,Insecta,Lycaenidae,Remelana,,,,
Reticularia lycoperdon,,,,,1,Protozoa,Protozoa,Myxomycetes,Reticulariaceae,Reticularia,,,,
Reynoutria multiflora,,,,,2,Plantae,Plantae,Magnoliopsida,Polygonaceae,Reynoutria,,,,
Rhabdosargus sarba,,,,,1,Actinopterygii,Animalia,Actinopterygii,Sparidae,Rhabdosargus,,,,
Rhagadotarsus kraepelini,,,,,3,Insecta,Animalia,Insecta,Gerridae,Rhagadotarsus,,,,
Rhaphidophora hongkongensis,,,,,3,Plantae,Plantae,Liliopsida,Araceae,Rhaphidophora,,,,
Rhaphiolepis indica,石斑木,Rhaphiolepis indica,179305,species,106,Plantae,Plantae,Magnoliopsida,Rosaceae,Rhaphiolepis,20113,iNaturalist,,2026-06-16T19:04:26
Rhaphiolepis umbellata,,,,,2,Plantae,Plantae,Magnoliopsida,Rosaceae,Rhaphiolepis,,,,
Rhapis excelsa,棕竹,Rhapis excelsa,283915,species,145,Plantae,Plantae,Liliopsida,Arecaceae,Rhapis,7391,iNaturalist,,2026-06-16T19:03:40
Rhene flavicomans,,,,,3,Arachnida,Animalia,Arachnida,Salticidae,Rhene,,,,
Rhene flavigera,,,,,1,Arachnida,Animalia,Arachnida,Salticidae,Rhene,,,,
Rhesala imparata,,,,,2,Insecta,Animalia,Insecta,Erebidae,Rhesala,,,,
Rhinacanthus nasutus,,,,,3,Plantae,Plantae,Magnoliopsida,Acanthaceae,Rhinacanthus,,,,
Rhipicephalus sanguineus,,,,,6,Arachnida,Animalia,Arachnida,Ixodidae,Rhipicephalus,,,,
Rhodeus ocellatus,,,,,2,Actinopterygii,Animalia,Actinopterygii,Acheilognathidae,Rhodeus,,,,
Rhododendron farrerae,,,,,5,Plantae,Plantae,Magnoliopsida,Ericaceae,Rhododendron,,,,
Rhododendron indicum,,,,,36,Plantae,Plantae,Magnoliopsida,Ericaceae,Rhododendron,,,,
Rhododendron kaempferi,,,,,1,Plantae,Plantae,Magnoliopsida,Ericaceae,Rhododendron,,,,
Rhododendron mucronatum,,,,,4,Plantae,Plantae,Magnoliopsida,Ericaceae,Rhododendron,,,,
Rhododendron noriakianum,,,,,4,Plantae,Plantae,Magnoliopsida,Ericaceae,Rhododendron,,,,
Rhododendron oldhamii,,,,,1,Plantae,Plantae,Magnoliopsida,Ericaceae,Rhododendron,,,,
Rhododendron simsii,映山红,Rhododendron simsii,410380,species,59,Plantae,Plantae,Magnoliopsida,Ericaceae,Rhododendron,7755,iNaturalist,,2026-06-16T19:06:35
Rhododendron yedoense,,,,,1,Plantae,Plantae,Magnoliopsida,Ericaceae,Rhododendron,,,,
Rhodoleia championii,,,,,16,Plantae,Plantae,Magnoliopsida,Hamamelidaceae,Rhodoleia,,,,
Rhodomyrtus tomentosa,桃金娘,Rhodomyrtus tomentosa,132698,species,122,Plantae,Plantae,Magnoliopsida,Myrtaceae,Rhodomyrtus,4730,iNaturalist,,2026-06-16T19:04:06
Rhodothemis rufa,,,,,9,Insecta,Animalia,Insecta,Libellulidae,Rhodothemis,,,,
Rhopalephora scaberrima,,,,,1,Plantae,Plantae,Liliopsida,Commelinaceae,Rhopalephora,,,,
Rhus chinensis,盐肤木,Rhus chinensis,472886,species,87,Plantae,Plantae,Magnoliopsida,Anacardiaceae,Rhus,6347,iNaturalist,,2026-06-16T19:05:12
Rhynchium brunneum,,,,,5,Insecta,Animalia,Insecta,Vespidae,Rhynchium,,,,
Rhynchodemus sylvaticus,,,,,2,Animalia,Animalia,,Geoplanidae,Rhynchodemus,,,,
Rhynchosia minima,,,,,1,Plantae,Plantae,Magnoliopsida,Fabaceae,Rhynchosia,,,,
Rhynchospora corymbosa,,,,,1,Plantae,Plantae,Liliopsida,Cyperaceae,Rhynchospora,,,,
Rhynchostegium confertum,,,,,5,Plantae,Plantae,Bryopsida,Brachytheciaceae,Rhynchostegium,,,,
Rhyothemis variegata,,,,,25,Insecta,Animalia,Insecta,Libellulidae,Rhyothemis,,,,
Rhysida longipes,,,,,1,Animalia,Animalia,Chilopoda,Scolopendridae,Rhysida,,,,
Rhytiphora bankii,,,,,1,Insecta,Animalia,Insecta,Cerambycidae,Rhytiphora,,,,
Ribes viburnifolium,,,,,1,Plantae,Plantae,Magnoliopsida,Grossulariaceae,Ribes,,,,
Ricania guttata,,,,,46,Insecta,Animalia,Insecta,Ricaniidae,Ricania,,,,
Ricania speculum,,,,,1,Insecta,Animalia,Insecta,Ricaniidae,Ricania,,,,
Richardia brasiliensis,,,,,2,Plantae,Plantae,Magnoliopsida,Rubiaceae,Richardia,,,,
Ricinus communis,,,,,2,Plantae,Plantae,Magnoliopsida,Euphorbiaceae,Ricinus,,,,
Riptortus linearis,,,,,5,Insecta,Animalia,Insecta,Alydidae,Riptortus,,,,
Riptortus pedestris,,,,,3,Insecta,Animalia,Insecta,Alydidae,Riptortus,,,,
Rivina humilis,,,,,4,Plantae,Plantae,Magnoliopsida,Petiveriaceae,Rivina,,,,
Rondibilis undulata,,,,,4,Insecta,Animalia,Insecta,Cerambycidae,Rondibilis,,,,
Rorippa dubia,,,,,3,Plantae,Plantae,Magnoliopsida,Brassicaceae,Rorippa,,,,
Rorippa indica,,,,,5,Plantae,Plantae,Magnoliopsida,Brassicaceae,Rorippa,,,,
Rorippa palustris,,,,,1,Plantae,Plantae,Magnoliopsida,Brassicaceae,Rorippa,,,,
Rosa dumalis,,,,,2,Plantae,Plantae,Magnoliopsida,Rosaceae,Rosa,,,,
Rosa lucieae,,,,,19,Plantae,Plantae,Magnoliopsida,Rosaceae,Rosa,,,,
Rosa multiflora,,,,,1,Plantae,Plantae,Magnoliopsida,Rosaceae,Rosa,,,,
Rosa xanthina,,,,,1,Plantae,Plantae,Magnoliopsida,Rosaceae,Rosa,,,,
Rotala rotundifolia,,,,,1,Plantae,Plantae,Magnoliopsida,Lythraceae,Rotala,,,,
Rotheca myricoides,,,,,10,Plantae,Plantae,Magnoliopsida,Lamiaceae,Rotheca,,,,
Rottboellia cochinchinensis,,,,,1,Plantae,Plantae,Liliopsida,Poaceae,Rottboellia,,,,
Rourea microphylla,,,,,23,Plantae,Plantae,Magnoliopsida,Connaraceae,Rourea,,,,
Rourea minor,,,,,2,Plantae,Plantae,Magnoliopsida,Connaraceae,Rourea,,,,
Rousettus leschenaultii,,,,,1,Mammalia,Animalia,Mammalia,Pteropodidae,Rousettus,,,,
Roystonea borinquena,,,,,1,Plantae,Plantae,Liliopsida,Arecaceae,Roystonea,,,,
Roystonea regia,,,,,22,Plantae,Plantae,Liliopsida,Arecaceae,Roystonea,,,,
Rubia occidens,,,,,1,Plantae,Plantae,Magnoliopsida,Rubiaceae,Rubia,,,,
Rubus leucanthus,,,,,4,Plantae,Plantae,Magnoliopsida,Rosaceae,Rubus,,,,
Rubus parvifolius,,,,,1,Plantae,Plantae,Magnoliopsida,Rosaceae,Rubus,,,,
Rubus reflexus,,,,,31,Plantae,Plantae,Magnoliopsida,Rosaceae,Rubus,,,,
Rudbeckia fulgida,,,,,1,Plantae,Plantae,Magnoliopsida,Asteraceae,Rudbeckia,,,,
Ruellia brevifolia,,,,,1,Plantae,Plantae,Magnoliopsida,Acanthaceae,Ruellia,,,,
Ruellia caroliniensis,,,,,1,Plantae,Plantae,Magnoliopsida,Acanthaceae,Ruellia,,,,
Ruellia ciliatiflora,,,,,1,Plantae,Plantae,Magnoliopsida,Acanthaceae,Ruellia,,,,
Ruellia elegans,,,,,13,Plantae,Plantae,Magnoliopsida,Acanthaceae,Ruellia,,,,
Ruellia prostrata,,,,,2,Plantae,Plantae,Magnoliopsida,Acanthaceae,Ruellia,,,,
Ruellia repens,,,,,1,Plantae,Plantae,Magnoliopsida,Acanthaceae,Ruellia,,,,
Ruellia simplex,蓝花草,Ruellia simplex,126633,species,165,Plantae,Plantae,Magnoliopsida,Acanthaceae,Ruellia,42116,iNaturalist,,2026-06-16T19:03:26
Ruellia squarrosa,,,,,5,Plantae,Plantae,Magnoliopsida,Acanthaceae,Ruellia,,,,
Ruellia tuberosa,,,,,9,Plantae,Plantae,Magnoliopsida,Acanthaceae,Ruellia,,,,
Rumex trisetifer,,,,,2,Plantae,Plantae,Magnoliopsida,Polygonaceae,Rumex,,,,
Russelia equisetiformis,爆竹花,Russelia equisetiformis,122519,species,135,Plantae,Plantae,Magnoliopsida,Plantaginaceae,Russelia,11504,iNaturalist,,2026-06-16T19:03:50
Russula persanguinea,,,,,1,Fungi,Fungi,Agaricomycetes,Russulaceae,Russula,,,,
Ruta graveolens,,,,,6,Plantae,Plantae,Magnoliopsida,Rutaceae,Ruta,,,,
Ruttellerona pseudocessaria,,,,,6,Insecta,Animalia,Insecta,Geometridae,Ruttellerona,,,,
Saccharum spontaneum,,,,,3,Plantae,Plantae,Liliopsida,Poaceae,Saccharum,,,,
Sacciolepis indica,,,,,1,Plantae,Plantae,Liliopsida,Poaceae,Sacciolepis,,,,
Saccostrea cuccullata,,,,,2,Mollusca,Animalia,Bivalvia,Ostreidae,Saccostrea,,,,
Sageretia thea,,,,,18,Plantae,Plantae,Magnoliopsida,Rhamnaceae,Sageretia,,,,
Sagina japonica,,,,,1,Plantae,Plantae,Magnoliopsida,Caryophyllaceae,Sagina,,,,
Sagittaria sagittifolia,,,,,1,Plantae,Plantae,Liliopsida,Alismataceae,Sagittaria,,,,
Sagittaria trifolia,,,,,2,Plantae,Plantae,Liliopsida,Alismataceae,Sagittaria,,,,
Salix argyracea,,,,,1,Plantae,Plantae,Magnoliopsida,Salicaceae,Salix,,,,
Salix babylonica,,,,,32,Plantae,Plantae,Magnoliopsida,Salicaceae,Salix,,,,
Salix humboldtiana,,,,,1,Plantae,Plantae,Magnoliopsida,Salicaceae,Salix,,,,
Salix mesnyi,,,,,1,Plantae,Plantae,Magnoliopsida,Salicaceae,Salix,,,,
Salma ridiculalis,,,,,1,Insecta,Animalia,Insecta,Pyralidae,Salma,,,,
Salvia coccinea,,,,,1,Plantae,Plantae,Magnoliopsida,Lamiaceae,Salvia,,,,
Salvia farinacea,,,,,1,Plantae,Plantae,Magnoliopsida,Lamiaceae,Salvia,,,,
Salvia involucrata,,,,,3,Plantae,Plantae,Magnoliopsida,Lamiaceae,Salvia,,,,
Salvia leucantha,,,,,4,Plantae,Plantae,Magnoliopsida,Lamiaceae,Salvia,,,,
Salvia rosmarinus,,,,,1,Plantae,Plantae,Magnoliopsida,Lamiaceae,Salvia,,,,
Salvia splendens,,,,,7,Plantae,Plantae,Magnoliopsida,Lamiaceae,Salvia,,,,
Salvia uliginosa,,,,,1,Plantae,Plantae,Magnoliopsida,Lamiaceae,Salvia,,,,
Salvinia cucullata,,,,,2,Plantae,Plantae,Polypodiopsida,Salviniaceae,Salvinia,,,,
Salvinia minima,,,,,1,Plantae,Plantae,Polypodiopsida,Salviniaceae,Salvinia,,,,
Salvinia molesta,,,,,3,Plantae,Plantae,Polypodiopsida,Salviniaceae,Salvinia,,,,
Samanea saman,,,,,2,Plantae,Plantae,Magnoliopsida,Fabaceae,Samanea,,,,
Sanchezia oblonga,,,,,1,Plantae,Plantae,Magnoliopsida,Acanthaceae,Sanchezia,,,,
Sanchezia parvibracteata,,,,,32,Plantae,Plantae,Magnoliopsida,Acanthaceae,Sanchezia,,,,
Sanchezia tigrina,,,,,3,Plantae,Plantae,Magnoliopsida,Acanthaceae,Sanchezia,,,,
Sanguinoderma rude,,,,,3,Fungi,Fungi,Agaricomycetes,Polyporaceae,Sanguinoderma,,,,
Sanguinoderma rugosum,,,,,6,Fungi,Fungi,Agaricomycetes,Polyporaceae,Sanguinoderma,,,,
Sansevieria cylindrica,,,,,6,Plantae,Plantae,Liliopsida,Asparagaceae,Sansevieria,,,,
Sansevieria trifasciata,,,,,42,Plantae,Plantae,Liliopsida,Asparagaceae,Sansevieria,,,,
Santalum album,,,,,4,Plantae,Plantae,Magnoliopsida,Santalaceae,Santalum,,,,
Sapindus mukorossi,,,,,20,Plantae,Plantae,Magnoliopsida,Sapindaceae,Sapindus,,,,
Sapindus saponaria,,,,,3,Plantae,Plantae,Magnoliopsida,Sapindaceae,Sapindus,,,,
Saraca dives,,,,,1,Plantae,Plantae,Magnoliopsida,Fabaceae,Saraca,,,,
Saraca thaipingensis,,,,,4,Plantae,Plantae,Magnoliopsida,Fabaceae,Saraca,,,,
Sarasinula plebeia,,,,,1,Mollusca,Animalia,Gastropoda,Veronicellidae,Sarasinula,,,,
Sarcandra glabra,,,,,1,Plantae,Plantae,Magnoliopsida,Chloranthaceae,Sarcandra,,,,
Sarcomelicope simplicifolia,,,,,1,Plantae,Plantae,Magnoliopsida,Rutaceae,Sarcomelicope,,,,
Satyrus aurantiacus,,,,,1,Fungi,Fungi,Agaricomycetes,Phallaceae,Satyrus,,,,
Satyrus rugulosus,,,,,22,Fungi,Fungi,Agaricomycetes,Phallaceae,Satyrus,,,,
Sauris malaca,,,,,2,Insecta,Animalia,Insecta,Geometridae,Sauris,,,,
Saururus chinensis,,,,,19,Plantae,Plantae,Magnoliopsida,Saururaceae,Saururus,,,,
Saxifraga stolonifera,,,,,1,Plantae,Plantae,Magnoliopsida,Saxifragaceae,Saxifraga,,,,
Saxifraga tridactylites,,,,,1,Plantae,Plantae,Magnoliopsida,Saxifragaceae,Saxifraga,,,,
Scadoxus multiflorus,,,,,1,Plantae,Plantae,Liliopsida,Amaryllidaceae,Scadoxus,,,,
Scadra okinawensis,,,,,1,Insecta,Animalia,Insecta,Reduviidae,Scadra,,,,
Scaevola taccada,,,,,5,Plantae,Plantae,Magnoliopsida,Goodeniaceae,Scaevola,,,,
Scatophagus argus,,,,,6,Actinopterygii,Animalia,Actinopterygii,Scatophagidae,Scatophagus,,,,
Schima superba,,,,,32,Plantae,Plantae,Magnoliopsida,Theaceae,Schima,,,,
Schima wallichii,,,,,2,Plantae,Plantae,Magnoliopsida,Theaceae,Schima,,,,
Schizophyllum commune,,,,,11,Fungi,Fungi,Agaricomycetes,Schizophyllaceae,Schizophyllum,,,,
Schleichera oleosa,,,,,1,Plantae,Plantae,Magnoliopsida,Sapindaceae,Schleichera,,,,
Schlumbergera truncata,,,,,1,Plantae,Plantae,Magnoliopsida,Cactaceae,Schlumbergera,,,,
Sciaenops ocellatus,,,,,2,Actinopterygii,Animalia,Actinopterygii,Sciaenidae,Sciaenops,,,,
Scincella reevesii,,,,,4,Reptilia,Animalia,Reptilia,Scincidae,Scincella,,,,
Scleria levis,,,,,10,Plantae,Plantae,Liliopsida,Cyperaceae,Scleria,,,,
Scleria terrestris,,,,,7,Plantae,Plantae,Liliopsida,Cyperaceae,Scleria,,,,
Scleroderma bovista,,,,,1,Fungi,Fungi,Agaricomycetes,Sclerodermataceae,Scleroderma,,,,
Scleromitrion diffusum,,,,,10,Plantae,Plantae,Magnoliopsida,Rubiaceae,Scleromitrion,,,,
Scleromitrion verticillatum,,,,,2,Plantae,Plantae,Magnoliopsida,Rubiaceae,Scleromitrion,,,,
Scolopendra dehaani,,,,,2,Animalia,Animalia,Chilopoda,Scolopendridae,Scolopendra,,,,
Scolopendra multidens,,,,,1,Animalia,Animalia,Chilopoda,Scolopendridae,Scolopendra,,,,
Scolopendra mutilans,,,,,1,Animalia,Animalia,Chilopoda,Scolopendridae,Scolopendra,,,,
Scolopia oldhamii,,,,,9,Plantae,Plantae,Magnoliopsida,Salicaceae,Scolopia,,,,
Scolopia saeva,,,,,3,Plantae,Plantae,Magnoliopsida,Salicaceae,Scolopia,,,,
Scoparia dulcis,,,,,22,Plantae,Plantae,Magnoliopsida,Plantaginaceae,Scoparia,,,,
Scopula divisaria,,,,,1,Insecta,Animalia,Insecta,Geometridae,Scopula,,,,
Scopula propinquaria,,,,,3,Insecta,Animalia,Insecta,Geometridae,Scopula,,,,
Scutellaria indica,,,,,2,Plantae,Plantae,Magnoliopsida,Lamiaceae,Scutellaria,,,,
Scylla paramamosain,,,,,6,Animalia,Animalia,Malacostraca,Portunidae,Scylla,,,,
Scylla serrata,,,,,1,Animalia,Animalia,Malacostraca,Portunidae,Scylla,,,,
Scytinotus longinquus,,,,,1,Fungi,Fungi,Agaricomycetes,Porotheleaceae,Scytinotus,,,,
Sedum adolphi,,,,,1,Plantae,Plantae,Magnoliopsida,Crassulaceae,Sedum,,,,
Sedum burrito,,,,,5,Plantae,Plantae,Magnoliopsida,Crassulaceae,Sedum,,,,
Sedum mexicanum,,,,,7,Plantae,Plantae,Magnoliopsida,Crassulaceae,Sedum,,,,
Selaginella doederleinii,,,,,1,Plantae,Plantae,Lycopodiopsida,Selaginellaceae,Selaginella,,,,
Selaginella moellendorffii,,,,,3,Plantae,Plantae,Lycopodiopsida,Selaginellaceae,Selaginella,,,,
Selaginella tamariscina,,,,,1,Plantae,Plantae,Lycopodiopsida,Selaginellaceae,Selaginella,,,,
Selaginella uncinata,,,,,15,Plantae,Plantae,Lycopodiopsida,Selaginellaceae,Selaginella,,,,
Selenicereus undatus,,,,,13,Plantae,Plantae,Magnoliopsida,Cactaceae,Selenicereus,,,,
Senecio glastifolius,,,,,1,Plantae,Plantae,Magnoliopsida,Asteraceae,Senecio,,,,
Senecio scandens,,,,,3,Plantae,Plantae,Magnoliopsida,Asteraceae,Senecio,,,,
Senna alata,,,,,7,Plantae,Plantae,Magnoliopsida,Fabaceae,Senna,,,,
Senna atomaria,,,,,1,Plantae,Plantae,Magnoliopsida,Fabaceae,Senna,,,,
Senna bicapsularis,,,,,14,Plantae,Plantae,Magnoliopsida,Fabaceae,Senna,,,,
Senna corymbosa,,,,,1,Plantae,Plantae,Magnoliopsida,Fabaceae,Senna,,,,
Senna obtusifolia,,,,,3,Plantae,Plantae,Magnoliopsida,Fabaceae,Senna,,,,
Senna occidentalis,,,,,5,Plantae,Plantae,Magnoliopsida,Fabaceae,Senna,,,,
Senna pendula,,,,,2,Plantae,Plantae,Magnoliopsida,Fabaceae,Senna,,,,
Senna racemosa,,,,,1,Plantae,Plantae,Magnoliopsida,Fabaceae,Senna,,,,
Senna siamea,,,,,20,Plantae,Plantae,Magnoliopsida,Fabaceae,Senna,,,,
Senna spectabilis,,,,,1,Plantae,Plantae,Magnoliopsida,Fabaceae,Senna,,,,
Senna sulfurea,,,,,2,Plantae,Plantae,Magnoliopsida,Fabaceae,Senna,,,,
Senna surattensis,,,,,52,Plantae,Plantae,Magnoliopsida,Fabaceae,Senna,,,,
Senna tora,,,,,4,Plantae,Plantae,Magnoliopsida,Fabaceae,Senna,,,,
Sepedon lobifera,,,,,2,Insecta,Animalia,Insecta,Sciomyzidae,Sepedon,,,,
Sericinus montela,,,,,1,Insecta,Animalia,Insecta,Papilionidae,Sericinus,,,,
Serissa japonica,,,,,24,Plantae,Plantae,Magnoliopsida,Rubiaceae,Serissa,,,,
Serixia sedata,,,,,1,Insecta,Animalia,Insecta,Cerambycidae,Serixia,,,,
Serpula himantioides,,,,,1,Fungi,Fungi,Agaricomycetes,Serpulaceae,Serpula,,,,
Serrodes campana,,,,,1,Insecta,Animalia,Insecta,Erebidae,Serrodes,,,,
Serruria aitonii,,,,,1,Plantae,Plantae,Magnoliopsida,Proteaceae,Serruria,,,,
Sesbania cannabina,,,,,3,Plantae,Plantae,Magnoliopsida,Fabaceae,Sesbania,,,,
Sesbania drummondii,,,,,1,Plantae,Plantae,Magnoliopsida,Fabaceae,Sesbania,,,,
Setaria faberi,,,,,1,Plantae,Plantae,Liliopsida,Poaceae,Setaria,,,,
Setaria italica,,,,,1,Plantae,Plantae,Liliopsida,Poaceae,Setaria,,,,
Setaria palmifolia,,,,,13,Plantae,Plantae,Liliopsida,Poaceae,Setaria,,,,
Setaria parviflora,,,,,4,Plantae,Plantae,Liliopsida,Poaceae,Setaria,,,,
Setaria pumila,,,,,1,Plantae,Plantae,Liliopsida,Poaceae,Setaria,,,,
Setaria verticillata,,,,,7,Plantae,Plantae,Liliopsida,Poaceae,Setaria,,,,
Setaria viridis,,,,,6,Plantae,Plantae,Liliopsida,Poaceae,Setaria,,,,
Shivaphis celti,,,,,3,Insecta,Animalia,Insecta,Aphididae,Shivaphis,,,,
Sicyos edulis,,,,,1,Plantae,Plantae,Magnoliopsida,Cucurbitaceae,Sicyos,,,,
Sida acuta,,,,,1,Plantae,Plantae,Magnoliopsida,Malvaceae,Sida,,,,
Sida cordata,,,,,4,Plantae,Plantae,Magnoliopsida,Malvaceae,Sida,,,,
Sida cordifolia,,,,,1,Plantae,Plantae,Magnoliopsida,Malvaceae,Sida,,,,
Sida rhombifolia,,,,,1,Plantae,Plantae,Magnoliopsida,Malvaceae,Sida,,,,
Sida ulmifolia,,,,,1,Plantae,Plantae,Magnoliopsida,Malvaceae,Sida,,,,
Sideroxylon reclinatum,,,,,1,Plantae,Plantae,Magnoliopsida,Sapotaceae,Sideroxylon,,,,
Siganus canaliculatus,,,,,2,Actinopterygii,Animalia,Actinopterygii,Siganidae,Siganus,,,,
Siganus fuscescens,,,,,2,Actinopterygii,Animalia,Actinopterygii,Siganidae,Siganus,,,,
Silene latifolia,,,,,1,Plantae,Plantae,Magnoliopsida,Caryophyllaceae,Silene,,,,
Silene vulgaris,,,,,1,Plantae,Plantae,Magnoliopsida,Caryophyllaceae,Silene,,,,
Siler collingwoodi,,,,,20,Arachnida,Animalia,Arachnida,Salticidae,Siler,,,,
Siler cupreus,,,,,4,Arachnida,Animalia,Arachnida,Salticidae,Siler,,,,
Simplicia cornicalis,,,,,1,Insecta,Animalia,Insecta,Erebidae,Simplicia,,,,
Simplicia mistacalis,,,,,1,Insecta,Animalia,Insecta,Erebidae,Simplicia,,,,
Sinanodonta woodiana,,,,,1,Mollusca,Animalia,Bivalvia,Unionidae,Sinanodonta,,,,
Singara diversalis,,,,,2,Insecta,Animalia,Insecta,Erebidae,Singara,,,,
Sinningia speciosa,,,,,2,Plantae,Plantae,Magnoliopsida,Gesneriaceae,Sinningia,,,,
Sinoluperus subcostatus,,,,,1,Insecta,Animalia,Insecta,Chrysomelidae,Sinoluperus,,,,
Sinotaia quadrata,,,,,6,Mollusca,Animalia,Gastropoda,Viviparidae,Sinotaia,,,,
Sipyloidea chlorotica,,,,,33,Insecta,Animalia,Insecta,Lonchodidae,Sipyloidea,,,,
Siraitia grosvenorii,,,,,1,Plantae,Plantae,Magnoliopsida,Cucurbitaceae,Siraitia,,,,
Sisyrinchium micranthum,,,,,1,Plantae,Plantae,Liliopsida,Iridaceae,Sisyrinchium,,,,
Sitophilus oryzae,,,,,4,Insecta,Animalia,Insecta,Curculionidae,Sitophilus,,,,
Smeringopus pallidus,,,,,1,Arachnida,Animalia,Arachnida,Pholcidae,Smeringopus,,,,
Smilax china,,,,,2,Plantae,Plantae,Liliopsida,Smilacaceae,Smilax,,,,
Smilax glabra,,,,,16,Plantae,Plantae,Liliopsida,Smilacaceae,Smilax,,,,
Smilax japonica,,,,,4,Plantae,Plantae,Liliopsida,Smilacaceae,Smilax,,,,
Smilax lanceifolia,,,,,3,Plantae,Plantae,Liliopsida,Smilacaceae,Smilax,,,,
Solandra longiflora,,,,,1,Plantae,Plantae,Magnoliopsida,Solanaceae,Solandra,,,,
Solandra maxima,,,,,6,Plantae,Plantae,Magnoliopsida,Solanaceae,Solandra,,,,
Solanum americanum,,,,,53,Plantae,Plantae,Magnoliopsida,Solanaceae,Solanum,,,,
Solanum diphyllum,,,,,10,Plantae,Plantae,Magnoliopsida,Solanaceae,Solanum,,,,
Solanum emulans,,,,,1,Plantae,Plantae,Magnoliopsida,Solanaceae,Solanum,,,,
Solanum erianthum,,,,,2,Plantae,Plantae,Magnoliopsida,Solanaceae,Solanum,,,,
Solanum lycopersicum,,,,,11,Plantae,Plantae,Magnoliopsida,Solanaceae,Solanum,,,,
Solanum melongena,,,,,1,Plantae,Plantae,Magnoliopsida,Solanaceae,Solanum,,,,
Solanum nigrum,,,,,6,Plantae,Plantae,Magnoliopsida,Solanaceae,Solanum,,,,
Solanum torvum,,,,,11,Plantae,Plantae,Magnoliopsida,Solanaceae,Solanum,,,,
Soleirolia soleirolii,,,,,1,Plantae,Plantae,Magnoliopsida,Urticaceae,Soleirolia,,,,
Solena amplexicaulis,,,,,4,Plantae,Plantae,Magnoliopsida,Cucurbitaceae,Solena,,,,
Solenopsis geminata,,,,,7,Insecta,Animalia,Insecta,Formicidae,Solenopsis,,,,
Solenopsis invicta,,,,,17,Insecta,Animalia,Insecta,Formicidae,Solenopsis,,,,
Solidago altissima,,,,,2,Plantae,Plantae,Magnoliopsida,Asteraceae,Solidago,,,,
Solidago drummondii,,,,,1,Plantae,Plantae,Magnoliopsida,Asteraceae,Solidago,,,,
Soliva anthemifolia,,,,,6,Plantae,Plantae,Magnoliopsida,Asteraceae,Soliva,,,,
Somanniathelphusa zanklon,,,,,9,Animalia,Animalia,Malacostraca,Gecarcinucidae,Somanniathelphusa,,,,
Sonchus arvensis,,,,,2,Plantae,Plantae,Magnoliopsida,Asteraceae,Sonchus,,,,
Sonchus asper,,,,,2,Plantae,Plantae,Magnoliopsida,Asteraceae,Sonchus,,,,
Sonchus oleraceus,,,,,3,Plantae,Plantae,Magnoliopsida,Asteraceae,Sonchus,,,,
Sonchus wightianus,,,,,7,Plantae,Plantae,Magnoliopsida,Asteraceae,Sonchus,,,,
Songaraneus ejusmodi,,,,,3,Arachnida,Animalia,Arachnida,Araneidae,Songaraneus,,,,
Sonneratia caseolaris,,,,,4,Plantae,Plantae,Magnoliopsida,Lythraceae,Sonneratia,,,,
Sophonia orientalis,,,,,1,Insecta,Animalia,Insecta,Cicadellidae,Sophonia,,,,
Sophrops cephalotes,,,,,4,Insecta,Animalia,Insecta,Scarabaeidae,Sophrops,,,,
Sophrops personata,,,,,7,Insecta,Animalia,Insecta,Scarabaeidae,Sophrops,,,,
Sorghum bicolor,,,,,3,Plantae,Plantae,Liliopsida,Poaceae,Sorghum,,,,
Spathiphyllum cannifolium,,,,,1,Plantae,Plantae,Liliopsida,Araceae,Spathiphyllum,,,,
Spathiphyllum wallisii,,,,,48,Plantae,Plantae,Liliopsida,Araceae,Spathiphyllum,,,,
Spathodea campanulata,,,,,39,Plantae,Plantae,Magnoliopsida,Bignoniaceae,Spathodea,,,,
Spathulina acroleuca,,,,,1,Insecta,Animalia,Insecta,Tephritidae,Spathulina,,,,
Spatula clypeata,,,,,1,Aves,Animalia,Aves,Anatidae,Spatula,,,,
Spermacoce exilis,,,,,1,Plantae,Plantae,Magnoliopsida,Rubiaceae,Spermacoce,,,,
Spermacoce latifolia,,,,,2,Plantae,Plantae,Magnoliopsida,Rubiaceae,Spermacoce,,,,
Spermacoce remota,,,,,33,Plantae,Plantae,Magnoliopsida,Rubiaceae,Spermacoce,,,,
Spermophora senoculata,,,,,1,Arachnida,Animalia,Arachnida,Pholcidae,Spermophora,,,,
Sphagneticola calendulacea,蟛蜞菊,Sphagneticola calendulacea,335655,species,91,Plantae,Plantae,Magnoliopsida,Asteraceae,Sphagneticola,481,iNaturalist,,2026-06-16T19:05:06
Sphagneticola trilobata,南美蟛蜞菊,Sphagneticola trilobata,246102,species,387,Plantae,Plantae,Magnoliopsida,Asteraceae,Sphagneticola,48197,iNaturalist,,2026-06-16T19:02:48
Sphenophorus venatus,,,,,2,Insecta,Animalia,Insecta,Curculionidae,Sphenophorus,,,,
Sphex diabolicus,,,,,4,Insecta,Animalia,Insecta,Sphecidae,Sphex,,,,
Sphex subtruncatus,,,,,2,Insecta,Animalia,Insecta,Sphecidae,Sphex,,,,
Spigelia humboldtiana,,,,,1,Plantae,Plantae,Magnoliopsida,Loganiaceae,Spigelia,,,,
Spilarctia subcarnea,,,,,13,Insecta,Animalia,Insecta,Erebidae,Spilarctia,,,,
Spilomantis occipitalis,,,,,2,Insecta,Animalia,Insecta,Gonypetidae,Spilomantis,,,,
Spilopelia chinensis,珠颈斑鸠,Spilopelia chinensis,1455918,species,1005,Aves,Animalia,Aves,Columbidae,Spilopelia,58517,iNaturalist,,2026-06-16T19:02:38
Spilornis cheela,,,,,1,Aves,Animalia,Aves,Accipitridae,Spilornis,,,,
Spiraea cantoniensis,,,,,1,Plantae,Plantae,Magnoliopsida,Rosaceae,Spiraea,,,,
Spiraea thunbergii,,,,,1,Plantae,Plantae,Magnoliopsida,Rosaceae,Spiraea,,,,
Spiranthes sinensis,,,,,5,Plantae,Plantae,Liliopsida,Orchidaceae,Spiranthes,,,,
Spirodela polyrhiza,,,,,4,Plantae,Plantae,Liliopsida,Araceae,Spirodela,,,,
Spodiopsar cineraceus,灰椋鸟,Spodiopsar cineraceus,547179,species,68,Aves,Animalia,Aves,Sturnidae,Spodiopsar,11680,iNaturalist,,2026-06-16T19:06:05
Spodiopsar sericeus,,,,,30,Aves,Animalia,Aves,Sturnidae,Spodiopsar,,,,
Spodoptera litura,,,,,10,Insecta,Animalia,Insecta,Noctuidae,Spodoptera,,,,
Spoladea recurvalis,,,,,1,Insecta,Animalia,Insecta,Crambidae,Spoladea,,,,
Spondias dulcis,,,,,2,Plantae,Plantae,Magnoliopsida,Anacardiaceae,Spondias,,,,
Sporobolus fertilis,,,,,3,Plantae,Plantae,Liliopsida,Poaceae,Sporobolus,,,,
Sporobolus indicus,,,,,14,Plantae,Plantae,Liliopsida,Poaceae,Sporobolus,,,,
Squaliobarbus curriculus,,,,,5,Actinopterygii,Animalia,Actinopterygii,Xenocyprididae,Squaliobarbus,,,,
Stachytarpheta cayennensis,,,,,7,Plantae,Plantae,Magnoliopsida,Verbenaceae,Stachytarpheta,,,,
Stachytarpheta jamaicensis,,,,,22,Plantae,Plantae,Magnoliopsida,Verbenaceae,Stachytarpheta,,,,
Stachytarpheta urticifolia,,,,,29,Plantae,Plantae,Magnoliopsida,Verbenaceae,Stachytarpheta,,,,
Stathmopoda auriferella,,,,,1,Insecta,Animalia,Insecta,Stathmopodidae,Stathmopoda,,,,
Statilia nemoralis,,,,,1,Insecta,Animalia,Insecta,Mantidae,Statilia,,,,
Stegnogramma wilfordii,,,,,1,Plantae,Plantae,Polypodiopsida,Thelypteridaceae,Stegnogramma,,,,
Stellaria alsine,,,,,1,Plantae,Plantae,Magnoliopsida,Caryophyllaceae,Stellaria,,,,
Stellaria apetala,,,,,1,Plantae,Plantae,Magnoliopsida,Caryophyllaceae,Stellaria,,,,
Stellaria aquatica,,,,,3,Plantae,Plantae,Magnoliopsida,Caryophyllaceae,Stellaria,,,,
Stellaria media,,,,,4,Plantae,Plantae,Magnoliopsida,Caryophyllaceae,Stellaria,,,,
Stemodia verticillata,,,,,29,Plantae,Plantae,Magnoliopsida,Plantaginaceae,Stemodia,,,,
Stemonitis fusca,,,,,1,Protozoa,Protozoa,Myxomycetes,Stemonitidaceae,Stemonitis,,,,
Stemonitis splendens,,,,,3,Protozoa,Protozoa,Myxomycetes,Stemonitidaceae,Stemonitis,,,,
Stenhomalus taiwanus,,,,,1,Insecta,Animalia,Insecta,Cerambycidae,Stenhomalus,,,,
Stenolophus quinquepustulatus,,,,,1,Insecta,Animalia,Insecta,Carabidae,Stenolophus,,,,
Stenotaphrum secundatum,,,,,7,Plantae,Plantae,Liliopsida,Poaceae,Stenotaphrum,,,,
Stephania longa,,,,,10,Plantae,Plantae,Magnoliopsida,Menispermaceae,Stephania,,,,
Stephanitis pyrioides,,,,,1,Insecta,Animalia,Insecta,Tingidae,Stephanitis,,,,
Stephanotis floribunda,,,,,1,Plantae,Plantae,Magnoliopsida,Apocynaceae,Stephanotis,,,,
Stephanotis volubilis,,,,,3,Plantae,Plantae,Magnoliopsida,Apocynaceae,Stephanotis,,,,
Sterculia foetida,,,,,2,Plantae,Plantae,Magnoliopsida,Malvaceae,Sterculia,,,,
Sterculia lanceolata,假苹婆,Sterculia lanceolata,366217,species,245,Plantae,Plantae,Magnoliopsida,Malvaceae,Sterculia,3155,iNaturalist,,2026-06-16T19:03:00
Sterculia monosperma,,,,,49,Plantae,Plantae,Magnoliopsida,Malvaceae,Sterculia,,,,
Stereum hirsutum,,,,,1,Fungi,Fungi,Agaricomycetes,Stereaceae,Stereum,,,,
Stereum ostrea,,,,,1,Fungi,Fungi,Agaricomycetes,Stereaceae,Stereum,,,,
Sticherus lobatus,,,,,1,Plantae,Plantae,Polypodiopsida,Gleicheniaceae,Sticherus,,,,
Sticherus truncatus,,,,,1,Plantae,Plantae,Polypodiopsida,Gleicheniaceae,Sticherus,,,,
Stictoponera bicolor,,,,,1,Insecta,Animalia,Insecta,Formicidae,Stictoponera,,,,
Stimulopalpus japonicus,,,,,1,Insecta,Animalia,Insecta,Amphientomidae,Stimulopalpus,,,,
Stomorhina discolor,,,,,1,Insecta,Animalia,Insecta,Rhiniidae,Stomorhina,,,,
Streblotrichum convolutum,,,,,13,Plantae,Plantae,Bryopsida,Pottiaceae,Streblotrichum,,,,
Streblus asper,,,,,15,Plantae,Plantae,Magnoliopsida,Moraceae,Streblus,,,,
Strelitzia nicolai,,,,,26,Plantae,Plantae,Liliopsida,Strelitziaceae,Strelitzia,,,,
Strelitzia reginae,,,,,20,Plantae,Plantae,Liliopsida,Strelitziaceae,Strelitzia,,,,
Streptocarpus ionanthus,,,,,1,Plantae,Plantae,Magnoliopsida,Gesneriaceae,Streptocarpus,,,,
Streptopelia tranquebarica,,,,,3,Aves,Animalia,Aves,Columbidae,Streptopelia,,,,
Streptosolen jamesonii,,,,,1,Plantae,Plantae,Magnoliopsida,Solanaceae,Streptosolen,,,,
Strobilanthes alternata,,,,,3,Plantae,Plantae,Magnoliopsida,Acanthaceae,Strobilanthes,,,,
Strobilanthes anisophylla,,,,,1,Plantae,Plantae,Magnoliopsida,Acanthaceae,Strobilanthes,,,,
Strobilanthes auriculata,,,,,29,Plantae,Plantae,Magnoliopsida,Acanthaceae,Strobilanthes,,,,
Strobilanthes crispa,,,,,10,Plantae,Plantae,Magnoliopsida,Acanthaceae,Strobilanthes,,,,
Strobilanthes cusia,,,,,5,Plantae,Plantae,Magnoliopsida,Acanthaceae,Strobilanthes,,,,
Strobilanthes hamiltoniana,,,,,2,Plantae,Plantae,Magnoliopsida,Acanthaceae,Strobilanthes,,,,
Strobilanthes integrifolius,,,,,2,Plantae,Plantae,Magnoliopsida,Acanthaceae,Strobilanthes,,,,
Strobilanthes reptans,,,,,1,Plantae,Plantae,Magnoliopsida,Acanthaceae,Strobilanthes,,,,
Stromanthe thalia,紫背竹芋,Stromanthe thalia,426720,species,71,Plantae,Plantae,Liliopsida,Marantaceae,Stromanthe,1975,iNaturalist,,2026-06-16T19:05:57
Strongylium erythrocephalum,,,,,9,Insecta,Animalia,Insecta,Tenebrionidae,Strongylium,,,,
Strongylura strongylura,,,,,2,Actinopterygii,Animalia,Actinopterygii,Belonidae,Strongylura,,,,
Strophanthus divaricatus,羊角拗,Strophanthus divaricatus,428437,species,98,Plantae,Plantae,Magnoliopsida,Apocynaceae,Strophanthus,1360,iNaturalist,,2026-06-16T19:04:44
Sturnia sinensis,,,,,5,Aves,Animalia,Aves,Sturnidae,Sturnia,,,,
Styela plicata,,,,,1,Animalia,Animalia,Ascidiacea,Styelidae,Styela,,,,
Styphnolobium japonicum,,,,,2,Plantae,Plantae,Magnoliopsida,Fabaceae,Styphnolobium,,,,
Styrax suberifolius,,,,,7,Plantae,Plantae,Magnoliopsida,Styracaceae,Styrax,,,,
Sumpigaster fasciata,,,,,1,Insecta,Animalia,Insecta,Tachinidae,Sumpigaster,,,,
Suncus murinus,,,,,2,Mammalia,Animalia,Mammalia,Soricidae,Suncus,,,,
Supella longipalpa,,,,,19,Insecta,Animalia,Insecta,Pseudophyllodromiidae,Supella,,,,
Susica sinensis,,,,,2,Insecta,Animalia,Insecta,Limacodidae,Susica,,,,
Swietenia macrophylla,,,,,4,Plantae,Plantae,Magnoliopsida,Meliaceae,Swietenia,,,,
Sydaphera undulata,,,,,1,Mollusca,Animalia,Gastropoda,Cancellariidae,Sydaphera,,,,
Sylvirana guentheri,,,,,9,Amphibia,Animalia,Amphibia,Ranidae,Sylvirana,,,,
Symbrenthia lilaea,,,,,1,Insecta,Animalia,Insecta,Nymphalidae,Symbrenthia,,,,
Symmoracma minoralis,,,,,1,Insecta,Animalia,Insecta,Crambidae,Symmoracma,,,,
Symphyotrichum squamatum,,,,,2,Plantae,Plantae,Magnoliopsida,Asteraceae,Symphyotrichum,,,,
Symphyotrichum subulatum,,,,,29,Plantae,Plantae,Magnoliopsida,Asteraceae,Symphyotrichum,,,,
Symplocos congesta,,,,,2,Plantae,Plantae,Magnoliopsida,Symplocaceae,Symplocos,,,,
Symplocos glauca,,,,,2,Plantae,Plantae,Magnoliopsida,Symplocaceae,Symplocos,,,,
Symplocos modesta,,,,,1,Plantae,Plantae,Magnoliopsida,Symplocaceae,Symplocos,,,,
Synedrella nodiflora,,,,,17,Plantae,Plantae,Magnoliopsida,Asteraceae,Synedrella,,,,
Syngonium angustatum,,,,,12,Plantae,Plantae,Liliopsida,Araceae,Syngonium,,,,
Syngonium macrophyllum,,,,,1,Plantae,Plantae,Liliopsida,Araceae,Syngonium,,,,
Syngonium podophyllum,,,,,43,Plantae,Plantae,Liliopsida,Araceae,Syngonium,,,,
Synsepalum dulcificum,,,,,3,Plantae,Plantae,Magnoliopsida,Sapotaceae,Synsepalum,,,,
Synthesiomyia nudiseta,,,,,17,Insecta,Animalia,Insecta,Muscidae,Synthesiomyia,,,,
Syntomoides imaon,,,,,5,Insecta,Animalia,Insecta,Erebidae,Syntomoides,,,,
Syntormon flexibilis,,,,,1,Insecta,Animalia,Insecta,Dolichopodidae,Syntormon,,,,
Syntrichia laevipila,,,,,1,Plantae,Plantae,Bryopsida,Pottiaceae,Syntrichia,,,,
Syntypistis pallidifascia,,,,,1,Insecta,Animalia,Insecta,Notodontidae,Syntypistis,,,,
Syzygium acuminatissimum,,,,,2,Plantae,Plantae,Magnoliopsida,Myrtaceae,Syzygium,,,,
Syzygium aqueum,,,,,1,Plantae,Plantae,Magnoliopsida,Myrtaceae,Syzygium,,,,
Syzygium buxifolium,,,,,11,Plantae,Plantae,Magnoliopsida,Myrtaceae,Syzygium,,,,
Syzygium cumini,,,,,18,Plantae,Plantae,Magnoliopsida,Myrtaceae,Syzygium,,,,
Syzygium elliptifolium,,,,,2,Plantae,Plantae,Magnoliopsida,Myrtaceae,Syzygium,,,,
Syzygium formosanum,,,,,1,Plantae,Plantae,Magnoliopsida,Myrtaceae,Syzygium,,,,
Syzygium hainanense,,,,,5,Plantae,Plantae,Magnoliopsida,Myrtaceae,Syzygium,,,,
Syzygium hancei,,,,,4,Plantae,Plantae,Magnoliopsida,Myrtaceae,Syzygium,,,,
Syzygium jambos,,,,,51,Plantae,Plantae,Magnoliopsida,Myrtaceae,Syzygium,,,,
Syzygium levinei,,,,,5,Plantae,Plantae,Magnoliopsida,Myrtaceae,Syzygium,,,,
Syzygium luehmannii,,,,,1,Plantae,Plantae,Magnoliopsida,Myrtaceae,Syzygium,,,,
Syzygium myrtifolium,,,,,55,Plantae,Plantae,Magnoliopsida,Myrtaceae,Syzygium,,,,
Syzygium nervosum,,,,,7,Plantae,Plantae,Magnoliopsida,Myrtaceae,Syzygium,,,,
Syzygium samarangense,,,,,14,Plantae,Plantae,Magnoliopsida,Myrtaceae,Syzygium,,,,
Syzygium zeylanicum,,,,,1,Plantae,Plantae,Magnoliopsida,Myrtaceae,Syzygium,,,,
Tabebuia heterophylla,,,,,2,Plantae,Plantae,Magnoliopsida,Bignoniaceae,Tabebuia,,,,
Tabebuia rosea,,,,,39,Plantae,Plantae,Magnoliopsida,Bignoniaceae,Tabebuia,,,,
Tabebuia roseoalba,,,,,1,Plantae,Plantae,Magnoliopsida,Bignoniaceae,Tabebuia,,,,
Tabernaemontana divaricata,,,,,44,Plantae,Plantae,Magnoliopsida,Apocynaceae,Tabernaemontana,,,,
Tabernaemontana pandacaqui,,,,,1,Plantae,Plantae,Magnoliopsida,Apocynaceae,Tabernaemontana,,,,
Tabernaemontana ventricosa,,,,,1,Plantae,Plantae,Magnoliopsida,Apocynaceae,Tabernaemontana,,,,
Tachybaptus ruficollis,小䴙䴘,Tachybaptus ruficollis,4237,species,66,Aves,Animalia,Aves,Podicipedidae,Tachybaptus,60392,iNaturalist,,2026-06-16T19:06:09
Tadehagi triquetrum,,,,,5,Plantae,Plantae,Magnoliopsida,Fabaceae,Tadehagi,,,,
Tagetes erecta,,,,,25,Plantae,Plantae,Magnoliopsida,Asteraceae,Tagetes,,,,
Tagetes lemmonii,,,,,2,Plantae,Plantae,Magnoliopsida,Asteraceae,Tagetes,,,,
Tagetes patula,,,,,1,Plantae,Plantae,Magnoliopsida,Asteraceae,Tagetes,,,,
Tagiades menaka,,,,,1,Insecta,Animalia,Insecta,Hesperiidae,Tagiades,,,,
Talanga sexpunctalis,,,,,1,Insecta,Animalia,Insecta,Crambidae,Talanga,,,,
Talinum fruticosum,,,,,1,Plantae,Plantae,Magnoliopsida,Talinaceae,Talinum,,,,
Talinum paniculatum,,,,,11,Plantae,Plantae,Magnoliopsida,Talinaceae,Talinum,,,,
Tamarindus indica,,,,,2,Plantae,Plantae,Magnoliopsida,Fabaceae,Tamarindus,,,,
Tamarix aphylla,,,,,1,Plantae,Plantae,Magnoliopsida,Tamaricaceae,Tamarix,,,,
Tanacetum parthenium,,,,,1,Plantae,Plantae,Magnoliopsida,Asteraceae,Tanacetum,,,,
Tanychlamys hippocastaneum,,,,,6,Mollusca,Animalia,Gastropoda,Ariophantidae,Tanychlamys,,,,
Tanychlamys indica,,,,,4,Mollusca,Animalia,Gastropoda,Ariophantidae,Tanychlamys,,,,
Tapinoma melanocephalum,黑头酸臭蚁,Tapinoma melanocephalum,69122,species,65,Insecta,Animalia,Insecta,Formicidae,Tapinoma,5963,iNaturalist,,2026-06-16T19:06:17
Taraxacum mongolicum,,,,,2,Plantae,Plantae,Magnoliopsida,Asteraceae,Taraxacum,,,,
Taraxacum officinale,,,,,2,Plantae,Plantae,Magnoliopsida,Asteraceae,Taraxacum,,,,
Tarebia granifera,,,,,1,Mollusca,Animalia,Gastropoda,Thiaridae,Tarebia,,,,
Taxillus chinensis,,,,,12,Plantae,Plantae,Magnoliopsida,Loranthaceae,Taxillus,,,,
Taxillus liquidambaricola,,,,,1,Plantae,Plantae,Magnoliopsida,Loranthaceae,Taxillus,,,,
Taxodium ascendens,,,,,9,Plantae,Plantae,Pinopsida,Cupressaceae,Taxodium,,,,
Taxodium distichum,,,,,28,Plantae,Plantae,Pinopsida,Cupressaceae,Taxodium,,,,
Technomyrmex brunneus,,,,,8,Insecta,Animalia,Insecta,Formicidae,Technomyrmex,,,,
Tecoma stans,,,,,22,Plantae,Plantae,Magnoliopsida,Bignoniaceae,Tecoma,,,,
Tecomaria capensis,,,,,5,Plantae,Plantae,Magnoliopsida,Bignoniaceae,Tecomaria,,,,
Tectaria impressa,,,,,2,Plantae,Plantae,Polypodiopsida,Tectariaceae,Tectaria,,,,
Tectaria subtriphylla,,,,,47,Plantae,Plantae,Polypodiopsida,Tectariaceae,Tectaria,,,,
Tectaria zeilanica,,,,,6,Plantae,Plantae,Polypodiopsida,Tectariaceae,Tectaria,,,,
Tectona grandis,,,,,18,Plantae,Plantae,Magnoliopsida,Lamiaceae,Tectona,,,,
Telamonia caprina,,,,,1,Arachnida,Animalia,Arachnida,Salticidae,Telamonia,,,,
Telchinia issoria,,,,,1,Insecta,Animalia,Insecta,Nymphalidae,Telchinia,,,,
Teleogryllus mitratus,,,,,23,Insecta,Animalia,Insecta,Gryllidae,Teleogryllus,,,,
Tenodera aridifolia,,,,,1,Insecta,Animalia,Insecta,Mantidae,Tenodera,,,,
Tenomerga anguliscutis,,,,,2,Insecta,Animalia,Insecta,Cupedidae,Tenomerga,,,,
Tenomerga cinerea,,,,,2,Insecta,Animalia,Insecta,Cupedidae,Tenomerga,,,,
Tephrosia apollinea,,,,,1,Plantae,Plantae,Magnoliopsida,Fabaceae,Tephrosia,,,,
Terapon jarbua,,,,,3,Actinopterygii,Animalia,Actinopterygii,Terapontidae,Terapon,,,,
Terebralia sulcata,,,,,1,Mollusca,Animalia,Gastropoda,Potamididae,Terebralia,,,,
Terminalia bellirica,,,,,1,Plantae,Plantae,Magnoliopsida,Combretaceae,Terminalia,,,,
Terminalia calamansanai,,,,,2,Plantae,Plantae,Magnoliopsida,Combretaceae,Terminalia,,,,
Terminalia catappa,,,,,26,Plantae,Plantae,Magnoliopsida,Combretaceae,Terminalia,,,,
Terminalia mantaly,小叶榄仁,Terminalia mantaly,371396,species,93,Plantae,Plantae,Magnoliopsida,Combretaceae,Terminalia,6505,iNaturalist,,2026-06-16T19:05:02
Terminalia molinetii,,,,,2,Plantae,Plantae,Magnoliopsida,Combretaceae,Terminalia,,,,
Termitomyces microcarpus,,,,,1,Fungi,Fungi,Agaricomycetes,Lyophyllaceae,Termitomyces,,,,
Ternstroemia gymnanthera,,,,,11,Plantae,Plantae,Magnoliopsida,Pentaphylacaceae,Ternstroemia,,,,
Terpsiphone atrocaudata,,,,,1,Aves,Animalia,Aves,Monarchidae,Terpsiphone,,,,
Tessaratoma papillosa,荔蝽,Tessaratoma papillosa,335841,species,82,Insecta,Animalia,Insecta,Tessaratomidae,Tessaratoma,9539,iNaturalist,,2026-06-16T19:05:25
Tetracanthagyna waterhousei,,,,,2,Insecta,Animalia,Insecta,Aeshnidae,Tetracanthagyna,,,,
Tetracera sarmentosa,,,,,22,Plantae,Plantae,Magnoliopsida,Dilleniaceae,Tetracera,,,,
Tetraclita japonica,,,,,1,Animalia,Animalia,Hexanauplia,Tetraclitidae,Tetraclita,,,,
Tetradium glabrifolium,,,,,2,Plantae,Plantae,Magnoliopsida,Rutaceae,Tetradium,,,,
Tetragnatha extensa,,,,,1,Arachnida,Animalia,Arachnida,Tetragnathidae,Tetragnatha,,,,
Tetragnatha squamata,,,,,1,Arachnida,Animalia,Arachnida,Tetragnathidae,Tetragnatha,,,,
Tetrameles nudiflora,,,,,2,Plantae,Plantae,Magnoliopsida,Tetramelaceae,Tetrameles,,,,
Tetramorium bicarinatum,,,,,30,Insecta,Animalia,Insecta,Formicidae,Tetramorium,,,,
Tetranychus urticae,,,,,3,Arachnida,Animalia,Arachnida,Tetranychidae,Tetranychus,,,,
Tetrapanax papyrifer,,,,,2,Plantae,Plantae,Magnoliopsida,Araliaceae,Tetrapanax,,,,
Tetraponera allaborans,,,,,2,Insecta,Animalia,Insecta,Formicidae,Tetraponera,,,,
Tetrix japonica,,,,,3,Insecta,Animalia,Insecta,Tetrigidae,Tetrix,,,,
Thabena brunnifrons,,,,,32,Insecta,Animalia,Insecta,Issidae,Thabena,,,,
Thalia dealbata,再力花,Thalia dealbata,169652,species,133,Plantae,Plantae,Liliopsida,Marantaceae,Thalia,3042,iNaturalist,,2026-06-16T19:03:52
Thalia geniculata,,,,,6,Plantae,Plantae,Liliopsida,Marantaceae,Thalia,,,,
Thaumaglossa rufocapillata,,,,,1,Insecta,Animalia,Insecta,Dermestidae,Thaumaglossa,,,,
Thaumatophyllum bipinnatifidum,,,,,24,Plantae,Plantae,Liliopsida,Araceae,Thaumatophyllum,,,,
Thaumatophyllum xanadu,,,,,11,Plantae,Plantae,Liliopsida,Araceae,Thaumatophyllum,,,,
Theobroma cacao,,,,,1,Plantae,Plantae,Magnoliopsida,Malvaceae,Theobroma,,,,
Theretra clotho,,,,,1,Insecta,Animalia,Insecta,Sphingidae,Theretra,,,,
Theretra lucasii,,,,,7,Insecta,Animalia,Insecta,Sphingidae,Theretra,,,,
Theretra nessus,,,,,3,Insecta,Animalia,Insecta,Sphingidae,Theretra,,,,
Theretra pallicosta,,,,,2,Insecta,Animalia,Insecta,Sphingidae,Theretra,,,,
Theretra silhetensis,,,,,2,Insecta,Animalia,Insecta,Sphingidae,Theretra,,,,
Theretra suffusa,,,,,3,Insecta,Animalia,Insecta,Sphingidae,Theretra,,,,
Thespesia grandiflora,,,,,1,Plantae,Plantae,Magnoliopsida,Malvaceae,Thespesia,,,,
Thiania bhamoensis,,,,,4,Arachnida,Animalia,Arachnida,Salticidae,Thiania,,,,
Thiania suboppressa,,,,,4,Arachnida,Animalia,Arachnida,Salticidae,Thiania,,,,
Thinornis dubius,,,,,6,Aves,Animalia,Aves,Charadriidae,Thinornis,,,,
Tholymis tillarga,,,,,2,Insecta,Animalia,Insecta,Libellulidae,Tholymis,,,,
Thoradonta nodulosa,,,,,1,Insecta,Animalia,Insecta,Tetrigidae,Thoradonta,,,,
Thosea sinensis,,,,,2,Insecta,Animalia,Insecta,Limacodidae,Thosea,,,,
Thuarea involuta,,,,,4,Plantae,Plantae,Liliopsida,Poaceae,Thuarea,,,,
Thunbergia alata,,,,,2,Plantae,Plantae,Magnoliopsida,Acanthaceae,Thunbergia,,,,
Thunbergia erecta,直立山牵牛,Thunbergia erecta,169741,species,81,Plantae,Plantae,Magnoliopsida,Acanthaceae,Thunbergia,8847,iNaturalist,,2026-06-16T19:05:27
Thunbergia fragrans,,,,,1,Plantae,Plantae,Magnoliopsida,Acanthaceae,Thunbergia,,,,
Thunbergia grandiflora,,,,,15,Plantae,Plantae,Magnoliopsida,Acanthaceae,Thunbergia,,,,
Thunbergia laurifolia,,,,,5,Plantae,Plantae,Magnoliopsida,Acanthaceae,Thunbergia,,,,
Thunbergia marginata,,,,,3,Insecta,Animalia,Insecta,Lygaeidae,Thunbergia,,,,
Thyas coronata,,,,,1,Insecta,Animalia,Insecta,Erebidae,Thyas,,,,
Thyene orientalis,,,,,1,Arachnida,Animalia,Arachnida,Salticidae,Thyene,,,,
Thyrassia penangae,,,,,5,Insecta,Animalia,Insecta,Zygaenidae,Thyrassia,,,,
Thyropygus allevatus,,,,,1,Animalia,Animalia,Diplopoda,Harpagophoridae,Thyropygus,,,,
Thysanolaena latifolia,,,,,9,Plantae,Plantae,Liliopsida,Poaceae,Thysanolaena,,,,
Ticanto crista,,,,,6,Plantae,Plantae,Magnoliopsida,Fabaceae,Ticanto,,,,
Tillandsia imperialis,,,,,1,Plantae,Plantae,Liliopsida,Bromeliaceae,Tillandsia,,,,
Tillandsia usneoides,,,,,1,Plantae,Plantae,Liliopsida,Bromeliaceae,Tillandsia,,,,
Tinea pellionella,,,,,6,Insecta,Animalia,Insecta,Tineidae,Tinea,,,,
Tinospora cordifolia,,,,,4,Plantae,Plantae,Magnoliopsida,Menispermaceae,Tinospora,,,,
Tinospora smilacina,,,,,1,Plantae,Plantae,Magnoliopsida,Menispermaceae,Tinospora,,,,
Tiracola aureata,,,,,2,Insecta,Animalia,Insecta,Noctuidae,Tiracola,,,,
Tiracola plagiata,,,,,1,Insecta,Animalia,Insecta,Noctuidae,Tiracola,,,,
Tithonia diversifolia,,,,,1,Plantae,Plantae,Magnoliopsida,Asteraceae,Tithonia,,,,
Tolumnia latipes,,,,,2,Insecta,Animalia,Insecta,Pentatomidae,Tolumnia,,,,
Tonga westwoodi,,,,,1,Insecta,Animalia,Insecta,Nogodinidae,Tonga,,,,
Tongeia filicaudis,,,,,12,Insecta,Animalia,Insecta,Lycaenidae,Tongeia,,,,
Toona sinensis,,,,,2,Plantae,Plantae,Magnoliopsida,Meliaceae,Toona,,,,
Torenia crustacea,,,,,10,Plantae,Plantae,Magnoliopsida,Linderniaceae,Torenia,,,,
Torenia fournieri,,,,,3,Plantae,Plantae,Magnoliopsida,Linderniaceae,Torenia,,,,
Toxeus magnus,,,,,7,Arachnida,Animalia,Arachnida,Salticidae,Toxeus,,,,
Toxicodendron succedaneum,野漆,Toxicodendron succedaneum,362794,species,69,Plantae,Plantae,Magnoliopsida,Anacardiaceae,Toxicodendron,2633,iNaturalist,,2026-06-16T19:06:03
Toxicodendron sylvestre,,,,,6,Plantae,Plantae,Magnoliopsida,Anacardiaceae,Toxicodendron,,,,
Toxicodendron vernix,,,,,1,Plantae,Plantae,Magnoliopsida,Anacardiaceae,Toxicodendron,,,,
Toxorhynchites splendens,,,,,1,Insecta,Animalia,Insecta,Culicidae,Toxorhynchites,,,,
Trabala pallida,赤黄枯叶蛾,Trabala pallida,702196,species,75,Insecta,Animalia,Insecta,Lasiocampidae,Trabala,2270,iNaturalist,,2026-06-16T19:05:45
Trabala vishnou,,,,,6,Insecta,Animalia,Insecta,Lasiocampidae,Trabala,,,,
Trachelospermum asiaticum,,,,,38,Plantae,Plantae,Magnoliopsida,Apocynaceae,Trachelospermum,,,,
Trachelospermum jasminoides,,,,,16,Plantae,Plantae,Magnoliopsida,Apocynaceae,Trachelospermum,,,,
Trachemys scripta,彩龟,Trachemys scripta,39782,species,178,Reptilia,Animalia,Reptilia,Emydidae,Trachemys,244405,iNaturalist,,2026-06-16T19:03:18
Trachemys venusta,,,,,2,Reptilia,Animalia,Reptilia,Emydidae,Trachemys,,,,
Trachycarpus fortunei,,,,,12,Plantae,Plantae,Liliopsida,Arecaceae,Trachycarpus,,,,
Tradescantia cerinthoides,,,,,16,Plantae,Plantae,Liliopsida,Commelinaceae,Tradescantia,,,,
Tradescantia ernestiana,,,,,1,Plantae,Plantae,Liliopsida,Commelinaceae,Tradescantia,,,,
Tradescantia fluminensis,,,,,1,Plantae,Plantae,Liliopsida,Commelinaceae,Tradescantia,,,,
Tradescantia ohiensis,,,,,1,Plantae,Plantae,Liliopsida,Commelinaceae,Tradescantia,,,,
Tradescantia pallida,,,,,27,Plantae,Plantae,Liliopsida,Commelinaceae,Tradescantia,,,,
Tradescantia spathacea,,,,,26,Plantae,Plantae,Liliopsida,Commelinaceae,Tradescantia,,,,
Tradescantia zebrina,,,,,19,Plantae,Plantae,Liliopsida,Commelinaceae,Tradescantia,,,,
Tramea virginia,,,,,2,Insecta,Animalia,Insecta,Libellulidae,Tramea,,,,
Trametes betulina,,,,,1,Fungi,Fungi,Agaricomycetes,Polyporaceae,Trametes,,,,
Trametes coccinea,,,,,3,Fungi,Fungi,Agaricomycetes,Polyporaceae,Trametes,,,,
Trametes cubensis,,,,,16,Fungi,Fungi,Agaricomycetes,Polyporaceae,Trametes,,,,
Trametes elegans,,,,,1,Fungi,Fungi,Agaricomycetes,Polyporaceae,Trametes,,,,
Trametes hirsuta,,,,,1,Fungi,Fungi,Agaricomycetes,Polyporaceae,Trametes,,,,
Trametes lactinea,,,,,8,Fungi,Fungi,Agaricomycetes,Polyporaceae,Trametes,,,,
Trametes ochracea,,,,,2,Fungi,Fungi,Agaricomycetes,Polyporaceae,Trametes,,,,
Trametes sanguinea,,,,,6,Fungi,Fungi,Agaricomycetes,Polyporaceae,Trametes,,,,
Traminda aventiaria,,,,,3,Insecta,Animalia,Insecta,Geometridae,Traminda,,,,
Trapa natans,,,,,1,Plantae,Plantae,Magnoliopsida,Lythraceae,Trapa,,,,
Trapelia placodioides,,,,,1,Fungi,Fungi,Lecanoromycetes,Trapeliaceae,Trapelia,,,,
Traulia orientalis,,,,,1,Insecta,Animalia,Insecta,Acrididae,Traulia,,,,
Trema cannabina,,,,,1,Plantae,Plantae,Magnoliopsida,Cannabaceae,Trema,,,,
Trema orientale,,,,,6,Plantae,Plantae,Magnoliopsida,Cannabaceae,Trema,,,,
Trema tomentosum,,,,,7,Plantae,Plantae,Magnoliopsida,Cannabaceae,Trema,,,,
Trematodon longicollis,,,,,1,Plantae,Plantae,Bryopsida,Bruchiaceae,Trematodon,,,,
Tremella mesenterica,,,,,1,Fungi,Fungi,Tremellomycetes,Tremellaceae,Tremella,,,,
Trentepohlia aurea,,,,,6,Plantae,Plantae,Ulvophyceae,Trentepohliaceae,Trentepohlia,,,,
Triadica cochinchinensis,山乌桕,Triadica cochinchinensis,426858,species,65,Plantae,Plantae,Magnoliopsida,Euphorbiaceae,Triadica,2600,iNaturalist,,2026-06-16T19:06:19
Triadica sebifera,,,,,17,Plantae,Plantae,Magnoliopsida,Euphorbiaceae,Triadica,,,,
Trialeurodes vaporariorum,,,,,2,Insecta,Animalia,Insecta,Aleyrodidae,Trialeurodes,,,,
Trianthema portulacastrum,,,,,1,Plantae,Plantae,Magnoliopsida,Aizoaceae,Trianthema,,,,
Trichoderma viride,,,,,1,Fungi,Fungi,Sordariomycetes,Hypocreaceae,Trichoderma,,,,
Trichodrymus pallipes,,,,,1,Insecta,Animalia,Insecta,Rhyparochromidae,Trichodrymus,,,,
Trichosanthes costata,,,,,1,Plantae,Plantae,Magnoliopsida,Cucurbitaceae,Trichosanthes,,,,
Tricondyla pulchripes,,,,,2,Insecta,Animalia,Insecta,Cicindelidae,Tricondyla,,,,
Tridax procumbens,羽芒菊,Tridax procumbens,169944,species,93,Plantae,Plantae,Magnoliopsida,Asteraceae,Tridax,45365,iNaturalist,,2026-06-16T19:05:04
Tridentiger trigonocephalus,,,,,1,Actinopterygii,Animalia,Actinopterygii,Oxudercidae,Tridentiger,,,,
Trifolium repens,,,,,1,Plantae,Plantae,Magnoliopsida,Fabaceae,Trifolium,,,,
Trifolium subterraneum,,,,,1,Plantae,Plantae,Magnoliopsida,Fabaceae,Trifolium,,,,
Trigastrotheca stricta,,,,,1,Plantae,Plantae,Magnoliopsida,Molluginaceae,Trigastrotheca,,,,
Trigonidium japonicum,,,,,1,Insecta,Animalia,Insecta,Trigonidiidae,Trigonidium,,,,
Trigoniulus corallinus,砖红厚甲马陆,Trigoniulus corallinus,123010,species,235,Animalia,Animalia,Diplopoda,Pachybolidae,Trigoniulus,19718,iNaturalist,,2026-06-16T19:03:02
Trigonodes hyppasia,,,,,2,Insecta,Animalia,Insecta,Erebidae,Trigonodes,,,,
Trigonotis peduncularis,,,,,1,Plantae,Plantae,Magnoliopsida,Boraginaceae,Trigonotis,,,,
Trilocha varians,,,,,1,Insecta,Animalia,Insecta,Bombycidae,Trilocha,,,,
Trilophidia annulata,,,,,18,Insecta,Animalia,Insecta,Acrididae,Trilophidia,,,,
Trimeresurus albolabris,白唇竹叶青,Trimeresurus albolabris,146506,species,66,Reptilia,Animalia,Reptilia,Viperidae,Trimeresurus,4425,iNaturalist,,2026-06-16T19:06:11
Trimezia candida,,,,,12,Plantae,Plantae,Liliopsida,Iridaceae,Trimezia,,,,
Trimezia gracilis,,,,,11,Plantae,Plantae,Liliopsida,Iridaceae,Trimezia,,,,
Trimezia northiana,馬蝶花,Trimezia northiana,977761,species,61,Plantae,Plantae,Liliopsida,Iridaceae,Trimezia,1577,iNaturalist,,2026-06-16T19:06:27
Trimezia sabini,,,,,1,Plantae,Plantae,Liliopsida,Iridaceae,Trimezia,,,,
Trimezia steyermarkii,,,,,12,Plantae,Plantae,Liliopsida,Iridaceae,Trimezia,,,,
Tringa brevipes,,,,,2,Aves,Animalia,Aves,Scolopacidae,Tringa,,,,
Tringa erythropus,,,,,7,Aves,Animalia,Aves,Scolopacidae,Tringa,,,,
Tringa glareola,,,,,1,Aves,Animalia,Aves,Scolopacidae,Tringa,,,,
Tringa nebularia,,,,,6,Aves,Animalia,Aves,Scolopacidae,Tringa,,,,
Tringa stagnatilis,,,,,3,Aves,Animalia,Aves,Scolopacidae,Tringa,,,,
Tringa totanus,,,,,8,Aves,Animalia,Aves,Scolopacidae,Tringa,,,,
Trioza adventicia,,,,,1,Insecta,Animalia,Insecta,Triozidae,Trioza,,,,
Triphasia trifolia,,,,,1,Plantae,Plantae,Magnoliopsida,Rutaceae,Triphasia,,,,
Trirogma caerulea,,,,,1,Insecta,Animalia,Insecta,Ampulicidae,Trirogma,,,,
Tristaniopsis laurina,,,,,1,Plantae,Plantae,Magnoliopsida,Myrtaceae,Tristaniopsis,,,,
Tristellateia australasiae,,,,,9,Plantae,Plantae,Magnoliopsida,Malpighiaceae,Tristellateia,,,,
Trithemis aurora,,,,,22,Insecta,Animalia,Insecta,Libellulidae,Trithemis,,,,
Trithemis festiva,,,,,4,Insecta,Animalia,Insecta,Libellulidae,Trithemis,,,,
Triumfetta rhomboidea,,,,,3,Plantae,Plantae,Magnoliopsida,Malvaceae,Triumfetta,,,,
Troglodytes musculus,,,,,1,Aves,Animalia,Aves,Troglodytidae,Troglodytes,,,,
Trollius asiaticus,,,,,1,Plantae,Plantae,Magnoliopsida,Ranunculaceae,Trollius,,,,
Tropaeolum majus,,,,,9,Plantae,Plantae,Magnoliopsida,Tropaeolaceae,Tropaeolum,,,,
Tropidomantis gressitti,,,,,7,Insecta,Animalia,Insecta,Nanomantidae,Tropidomantis,,,,
Truncospora ochroleuca,,,,,1,Fungi,Fungi,Agaricomycetes,Polyporaceae,Truncospora,,,,
Trypanophora semihyalina,,,,,8,Insecta,Animalia,Insecta,Zygaenidae,Trypanophora,,,,
Tubuca arcuata,,,,,5,Animalia,Animalia,Malacostraca,Ocypodidae,Tubuca,,,,
Tulbaghia violacea,,,,,19,Plantae,Plantae,Liliopsida,Amaryllidaceae,Tulbaghia,,,,
Tulipa gesneriana,,,,,2,Plantae,Plantae,Liliopsida,Liliaceae,Tulipa,,,,
Turdus chrysolaus,,,,,1,Aves,Animalia,Aves,Turdidae,Turdus,,,,
Turdus mandarinus,,,,,13,Aves,Animalia,Aves,Turdidae,Turdus,,,,
Turnera diffusa,,,,,1,Plantae,Plantae,Magnoliopsida,Passifloraceae,Turnera,,,,
Turnera ulmifolia,,,,,15,Plantae,Plantae,Magnoliopsida,Passifloraceae,Turnera,,,,
Tycracona obliqua,,,,,7,Insecta,Animalia,Insecta,Noctuidae,Tycracona,,,,
Tylorida ventralis,,,,,7,Arachnida,Animalia,Arachnida,Tetragnathidae,Tylorida,,,,
Typha angustifolia,,,,,22,Plantae,Plantae,Liliopsida,Typhaceae,Typha,,,,
Typha domingensis,,,,,2,Plantae,Plantae,Liliopsida,Typhaceae,Typha,,,,
Typha latifolia,,,,,1,Plantae,Plantae,Liliopsida,Typhaceae,Typha,,,,
Typha orientalis,,,,,8,Plantae,Plantae,Liliopsida,Typhaceae,Typha,,,,
Typhonium blumei,,,,,21,Plantae,Plantae,Liliopsida,Araceae,Typhonium,,,,
Tyrolimnas anthraconesa,,,,,2,Insecta,Animalia,Insecta,Oecophoridae,Tyrolimnas,,,,
Udaspes folus,,,,,4,Insecta,Animalia,Insecta,Hesperiidae,Udaspes,,,,
Ulmus crassifolia,,,,,1,Plantae,Plantae,Magnoliopsida,Ulmaceae,Ulmus,,,,
Ulmus pumila,,,,,1,Plantae,Plantae,Magnoliopsida,Ulmaceae,Ulmus,,,,
Ulotrichopus macula,,,,,2,Insecta,Animalia,Insecta,Erebidae,Ulotrichopus,,,,
Ulva intestinalis,,,,,3,Plantae,Plantae,Ulvophyceae,Ulvaceae,Ulva,,,,
Ulva lactuca,,,,,2,Plantae,Plantae,Ulvophyceae,Ulvaceae,Ulva,,,,
Umbellularia californica,,,,,1,Plantae,Plantae,Magnoliopsida,Lauraceae,Umbellularia,,,,
Upupa epops,,,,,3,Aves,Animalia,Aves,Upupidae,Upupa,,,,
Uraria crinita,,,,,1,Plantae,Plantae,Magnoliopsida,Fabaceae,Uraria,,,,
Urceola rosea,,,,,11,Plantae,Plantae,Magnoliopsida,Apocynaceae,Urceola,,,,
Urena lobata,,,,,17,Plantae,Plantae,Magnoliopsida,Malvaceae,Urena,,,,
Urena procumbens,,,,,1,Plantae,Plantae,Magnoliopsida,Malvaceae,Urena,,,,
Urochloa distachyos,,,,,2,Plantae,Plantae,Liliopsida,Poaceae,Urochloa,,,,
Urochloa mutica,,,,,2,Plantae,Plantae,Liliopsida,Poaceae,Urochloa,,,,
Urocissa erythroryncha,,,,,3,Aves,Animalia,Aves,Corvidae,Urocissa,,,,
Uroleucon formosanum,,,,,1,Insecta,Animalia,Insecta,Aphididae,Uroleucon,,,,
Urothemis signata,,,,,5,Insecta,Animalia,Insecta,Libellulidae,Urothemis,,,,
Utricularia aurea,,,,,1,Plantae,Plantae,Magnoliopsida,Lentibulariaceae,Utricularia,,,,
Utricularia bifida,,,,,4,Plantae,Plantae,Magnoliopsida,Lentibulariaceae,Utricularia,,,,
Utricularia gibba,,,,,1,Plantae,Plantae,Magnoliopsida,Lentibulariaceae,Utricularia,,,,
Uvaria grandiflora,,,,,1,Plantae,Plantae,Magnoliopsida,Annonaceae,Uvaria,,,,
Uvaria littoralis,,,,,4,Plantae,Plantae,Magnoliopsida,Annonaceae,Uvaria,,,,
Vaccinium virgatum,,,,,1,Plantae,Plantae,Magnoliopsida,Ericaceae,Vaccinium,,,,
Validiblatta australasiae,,,,,11,Insecta,Animalia,Insecta,Blattidae,Validiblatta,,,,
Validiblatta brunnea,,,,,3,Insecta,Animalia,Insecta,Blattidae,Validiblatta,,,,
Valiguna siamensis,,,,,12,Mollusca,Animalia,Gastropoda,Veronicellidae,Valiguna,,,,
Vanderbylia fraxinea,,,,,1,Fungi,Fungi,Agaricomycetes,Polyporaceae,Vanderbylia,,,,
Vanellus cinereus,,,,,3,Aves,Animalia,Aves,Charadriidae,Vanellus,,,,
Vanessa indica,,,,,1,Insecta,Animalia,Insecta,Nymphalidae,Vanessa,,,,
Varanus salvator,,,,,1,Reptilia,Animalia,Reptilia,Varanidae,Varanus,,,,
Varuna litterata,,,,,1,Animalia,Animalia,Malacostraca,Varunidae,Varuna,,,,
Venezillo parvus,,,,,4,Animalia,Animalia,Malacostraca,Armadillidae,Venezillo,,,,
Ventilago elegans,,,,,1,Plantae,Plantae,Magnoliopsida,Rhamnaceae,Ventilago,,,,
Ventilago leiocarpa,,,,,1,Plantae,Plantae,Magnoliopsida,Rhamnaceae,Ventilago,,,,
Verbena pulchella,,,,,1,Plantae,Plantae,Magnoliopsida,Verbenaceae,Verbena,,,,
Vernicia montana,,,,,8,Plantae,Plantae,Magnoliopsida,Euphorbiaceae,Vernicia,,,,
Vernonia fasciculata,,,,,1,Plantae,Plantae,Magnoliopsida,Asteraceae,Vernonia,,,,
Veronica javanica,,,,,4,Plantae,Plantae,Magnoliopsida,Plantaginaceae,Veronica,,,,
Veronica morrisonicola,,,,,1,Plantae,Plantae,Magnoliopsida,Plantaginaceae,Veronica,,,,
Veronica persica,,,,,3,Plantae,Plantae,Magnoliopsida,Plantaginaceae,Veronica,,,,
Vespa affinis,,,,,20,Insecta,Animalia,Insecta,Vespidae,Vespa,,,,
Vespa bicolor,黑盾胡蜂,Vespa bicolor,423652,species,66,Insecta,Animalia,Insecta,Vespidae,Vespa,2261,iNaturalist,,2026-06-16T19:06:13
Vespa ducalis,,,,,1,Insecta,Animalia,Insecta,Vespidae,Vespa,,,,
Vespa soror,,,,,2,Insecta,Animalia,Insecta,Vespidae,Vespa,,,,
Vespa tropica,,,,,5,Insecta,Animalia,Insecta,Vespidae,Vespa,,,,
Vespa velutina,,,,,29,Insecta,Animalia,Insecta,Vespidae,Vespa,,,,
Vibidia duodecimguttata,,,,,1,Insecta,Animalia,Insecta,Coccinellidae,Vibidia,,,,
Viburnum macrocephalum,,,,,1,Plantae,Plantae,Magnoliopsida,Viburnaceae,Viburnum,,,,
Viburnum odoratissimum,,,,,8,Plantae,Plantae,Magnoliopsida,Viburnaceae,Viburnum,,,,
Viburnum plicatum,,,,,2,Plantae,Plantae,Magnoliopsida,Viburnaceae,Viburnum,,,,
Victoria amazonica,,,,,1,Plantae,Plantae,Magnoliopsida,Nymphaeaceae,Victoria,,,,
Vigna radiata,,,,,1,Plantae,Plantae,Magnoliopsida,Fabaceae,Vigna,,,,
Vincetoxicum hirsutum,,,,,9,Plantae,Plantae,Magnoliopsida,Apocynaceae,Vincetoxicum,,,,
Viola diffusa,,,,,5,Plantae,Plantae,Magnoliopsida,Violaceae,Viola,,,,
Viola inconspicua,,,,,9,Plantae,Plantae,Magnoliopsida,Violaceae,Viola,,,,
Viola japonica,,,,,1,Plantae,Plantae,Magnoliopsida,Violaceae,Viola,,,,
Viridothelium virens,,,,,4,Fungi,Fungi,Dothideomycetes,Trypetheliaceae,Viridothelium,,,,
Vismia baccifera,,,,,1,Plantae,Plantae,Magnoliopsida,Hypericaceae,Vismia,,,,
Vitex agnus-castus,,,,,7,Plantae,Plantae,Magnoliopsida,Lamiaceae,Vitex,,,,
Vitex lucens,,,,,1,Plantae,Plantae,Magnoliopsida,Lamiaceae,Vitex,,,,
Vitex negundo,,,,,5,Plantae,Plantae,Magnoliopsida,Lamiaceae,Vitex,,,,
Vitex quinata,,,,,5,Plantae,Plantae,Magnoliopsida,Lamiaceae,Vitex,,,,
Vitex rotundifolia,,,,,8,Plantae,Plantae,Magnoliopsida,Lamiaceae,Vitex,,,,
Vitis arizonica,,,,,1,Plantae,Plantae,Magnoliopsida,Vitaceae,Vitis,,,,
Vitis californica,,,,,1,Plantae,Plantae,Magnoliopsida,Vitaceae,Vitis,,,,
Vitis vinifera,,,,,2,Plantae,Plantae,Magnoliopsida,Vitaceae,Vitis,,,,
Volkameria inermis,,,,,14,Plantae,Plantae,Magnoliopsida,Lamiaceae,Volkameria,,,,
Wadicosa fidelis,,,,,9,Arachnida,Animalia,Arachnida,Lycosidae,Wadicosa,,,,
Waltheria indica,,,,,2,Plantae,Plantae,Magnoliopsida,Malvaceae,Waltheria,,,,
Washingtonia filifera,,,,,1,Plantae,Plantae,Liliopsida,Arecaceae,Washingtonia,,,,
Washingtonia robusta,,,,,9,Plantae,Plantae,Liliopsida,Arecaceae,Washingtonia,,,,
Weissia controversa,,,,,2,Plantae,Plantae,Bryopsida,Pottiaceae,Weissia,,,,
Westermannia elliptica,,,,,2,Insecta,Animalia,Insecta,Nolidae,Westermannia,,,,
Wikstroemia indica,,,,,7,Plantae,Plantae,Magnoliopsida,Thymelaeaceae,Wikstroemia,,,,
Wikstroemia nutans,,,,,3,Plantae,Plantae,Magnoliopsida,Thymelaeaceae,Wikstroemia,,,,
Wimmerella pygmaea,,,,,1,Plantae,Plantae,Magnoliopsida,Campanulaceae,Wimmerella,,,,
Wisteria sinensis,,,,,4,Plantae,Plantae,Magnoliopsida,Fabaceae,Wisteria,,,,
Wollastonia biflora,,,,,10,Plantae,Plantae,Magnoliopsida,Asteraceae,Wollastonia,,,,
Woodfordia fruticosa,,,,,1,Plantae,Plantae,Magnoliopsida,Lythraceae,Woodfordia,,,,
Wrightia religiosa,,,,,2,Plantae,Plantae,Magnoliopsida,Apocynaceae,Wrightia,,,,
Xanthomendoza fallax,,,,,1,Fungi,Fungi,Lecanoromycetes,Teloschistaceae,Xanthomendoza,,,,
Xanthosoma sagittifolium,,,,,8,Plantae,Plantae,Liliopsida,Araceae,Xanthosoma,,,,
Xanthosoma violaceum,,,,,9,Plantae,Plantae,Liliopsida,Araceae,Xanthosoma,,,,
Xanthostemon chrysanthus,金蒲桃,Xanthostemon chrysanthus,344937,species,115,Plantae,Plantae,Magnoliopsida,Myrtaceae,Xanthostemon,3009,iNaturalist,,2026-06-16T19:04:14
Xenocatantops brachycerus,,,,,1,Insecta,Animalia,Insecta,Acrididae,Xenocatantops,,,,
Xenocatantops humilis,,,,,1,Insecta,Animalia,Insecta,Acrididae,Xenocatantops,,,,
Xenostegia tridentata,,,,,1,Plantae,Plantae,Magnoliopsida,Convolvulaceae,Xenostegia,,,,
Xenus cinereus,,,,,4,Aves,Animalia,Aves,Scolopacidae,Xenus,,,,
Xerochrysum bracteatum,,,,,1,Plantae,Plantae,Magnoliopsida,Asteraceae,Xerochrysum,,,,
Xiphophorus maculatus,,,,,4,Actinopterygii,Animalia,Actinopterygii,Poeciliidae,Xiphophorus,,,,
Xya japonica,,,,,1,Insecta,Animalia,Insecta,Tridactylidae,Xya,,,,
Xylaria filiformis,,,,,2,Fungi,Fungi,Sordariomycetes,Xylariaceae,Xylaria,,,,
Xylocopa dejeanii,,,,,4,Insecta,Animalia,Insecta,Apidae,Xylocopa,,,,
Xylocopa nasalis,,,,,22,Insecta,Animalia,Insecta,Apidae,Xylocopa,,,,
Xylocopa phalothorax,,,,,1,Insecta,Animalia,Insecta,Apidae,Xylocopa,,,,
Xylocopa tranquebarorum,,,,,1,Insecta,Animalia,Insecta,Apidae,Xylocopa,,,,
Xylosma spiculifera,,,,,1,Plantae,Plantae,Magnoliopsida,Salicaceae,Xylosma,,,,
Xylotrupes socrates,,,,,4,Insecta,Animalia,Insecta,Scarabaeidae,Xylotrupes,,,,
Youngia japonica,黄鹌菜,Youngia japonica,127066,species,221,Plantae,Plantae,Magnoliopsida,Asteraceae,Youngia,41643,iNaturalist,,2026-06-16T19:03:08
Youngia thunbergiana,,,,,1,Plantae,Plantae,Magnoliopsida,Asteraceae,Youngia,,,,
Yucca filamentosa,,,,,1,Plantae,Plantae,Liliopsida,Asparagaceae,Yucca,,,,
Yucca gigantea,,,,,1,Plantae,Plantae,Liliopsida,Asparagaceae,Yucca,,,,
Yucca gloriosa,,,,,1,Plantae,Plantae,Liliopsida,Asparagaceae,Yucca,,,,
Zamia furfuracea,,,,,1,Plantae,Plantae,Cycadopsida,Zamiaceae,Zamia,,,,
Zamioculcas zamiifolia,,,,,16,Plantae,Plantae,Liliopsida,Araceae,Zamioculcas,,,,
Zanclognatha obscuripennis,,,,,1,Insecta,Animalia,Insecta,Erebidae,Zanclognatha,,,,
Zanclus cornutus,,,,,1,Actinopterygii,Animalia,Actinopterygii,Zanclidae,Zanclus,,,,
Zanthoxylum ailanthoides,,,,,1,Plantae,Plantae,Magnoliopsida,Rutaceae,Zanthoxylum,,,,
Zanthoxylum asiaticum,,,,,2,Plantae,Plantae,Magnoliopsida,Rutaceae,Zanthoxylum,,,,
Zanthoxylum avicennae,簕欓花椒,Zanthoxylum avicennae,484955,species,75,Plantae,Plantae,Magnoliopsida,Rutaceae,Zanthoxylum,1026,iNaturalist,,2026-06-16T19:05:47
Zanthoxylum beecheyanum,,,,,23,Plantae,Plantae,Magnoliopsida,Rutaceae,Zanthoxylum,,,,
Zanthoxylum capense,,,,,3,Plantae,Plantae,Magnoliopsida,Rutaceae,Zanthoxylum,,,,
Zanthoxylum clava-herculis,,,,,1,Plantae,Plantae,Magnoliopsida,Rutaceae,Zanthoxylum,,,,
Zanthoxylum nitidum,,,,,27,Plantae,Plantae,Magnoliopsida,Rutaceae,Zanthoxylum,,,,
Zanthoxylum piperitum,,,,,1,Plantae,Plantae,Magnoliopsida,Rutaceae,Zanthoxylum,,,,
Zanthoxylum rhoifolium,,,,,2,Plantae,Plantae,Magnoliopsida,Rutaceae,Zanthoxylum,,,,
Zanthoxylum scandens,,,,,10,Plantae,Plantae,Magnoliopsida,Rutaceae,Zanthoxylum,,,,
Zanthoxylum simulans,,,,,4,Plantae,Plantae,Magnoliopsida,Rutaceae,Zanthoxylum,,,,
Zea mays,,,,,1,Plantae,Plantae,Liliopsida,Poaceae,Zea,,,,
Zehneria bodinieri,,,,,1,Plantae,Plantae,Magnoliopsida,Cucurbitaceae,Zehneria,,,,
Zehneria japonica,,,,,2,Plantae,Plantae,Magnoliopsida,Cucurbitaceae,Zehneria,,,,
Zenarchopterus buffonis,,,,,7,Actinopterygii,Animalia,Actinopterygii,Zenarchopteridae,Zenarchopterus,,,,
Zephyranthes candida,,,,,8,Plantae,Plantae,Liliopsida,Amaryllidaceae,Zephyranthes,,,,
Zephyranthes carinata,,,,,3,Plantae,Plantae,Liliopsida,Amaryllidaceae,Zephyranthes,,,,
Zeuxine strateumatica,,,,,1,Plantae,Plantae,Liliopsida,Orchidaceae,Zeuxine,,,,
Zingiber officinale,,,,,5,Plantae,Plantae,Liliopsida,Zingiberaceae,Zingiber,,,,
Zinnia elegans,,,,,3,Plantae,Plantae,Magnoliopsida,Asteraceae,Zinnia,,,,
Zitha torridalis,,,,,4,Insecta,Animalia,Insecta,Pyralidae,Zitha,,,,
Zitha tripartalis,,,,,1,Insecta,Animalia,Insecta,Pyralidae,Zitha,,,,
Zizania latifolia,,,,,13,Plantae,Plantae,Liliopsida,Poaceae,Zizania,,,,
Zizina otis,,,,,22,Insecta,Animalia,Insecta,Lycaenidae,Zizina,,,,
Ziziphus jujuba,,,,,2,Plantae,Plantae,Magnoliopsida,Rhamnaceae,Ziziphus,,,,
Ziziphus oenopolia,,,,,1,Plantae,Plantae,Magnoliopsida,Rhamnaceae,Ziziphus,,,,
Zizula hylax,,,,,5,Insecta,Animalia,Insecta,Lycaenidae,Zizula,,,,
Zonitoides arboreus,,,,,1,Mollusca,Animalia,Gastropoda,Gastrodontidae,Zonitoides,,,,
Zoothera aurea,,,,,1,Aves,Animalia,Aves,Turdidae,Zoothera,,,,
Zosterops simplex,暗绿绣眼鸟,Zosterops simplex,980257,species,57,Aves,Animalia,Aves,Zosteropidae,Zosterops,12878,iNaturalist,,2026-06-16T19:09:28
Zoysia matrella,,,,,15,Plantae,Plantae,Liliopsida,Poaceae,Zoysia,,,,
Zygonyx iris,,,,,4,Insecta,Animalia,Insecta,Libellulidae,Zygonyx,,,,
Zyxomma petiolatum,,,,,6,Insecta,Animalia,Insecta,Libellulidae,Zyxomma,,,,
